-- phpMyAdmin SQL Dump
-- version 5.1.1
-- https://www.phpmyadmin.net/
--
-- Host: 127.0.0.1:3306
-- Generation Time: May 03, 2022 at 05:11 PM
-- Server version: 5.7.33
-- PHP Version: 7.4.27

SET SQL_MODE = "NO_AUTO_VALUE_ON_ZERO";
START TRANSACTION;
SET time_zone = "+00:00";


/*!40101 SET @OLD_CHARACTER_SET_CLIENT=@@CHARACTER_SET_CLIENT */;
/*!40101 SET @OLD_CHARACTER_SET_RESULTS=@@CHARACTER_SET_RESULTS */;
/*!40101 SET @OLD_COLLATION_CONNECTION=@@COLLATION_CONNECTION */;
/*!40101 SET NAMES utf8mb4 */;

--
-- Database: `simpsonbd`
--

-- --------------------------------------------------------

--
-- Table structure for table `almacenes_salida`
--

CREATE TABLE `almacenes_salida` (
  `id_almacen` int(11) NOT NULL,
  `id_negocio` int(11) NOT NULL,
  `id_recurso_sede` int(11) NOT NULL,
  `id_usuario` int(11) NOT NULL,
  `almacen_salida_cantidad` decimal(10,2) NOT NULL,
  `almacen_salida_fecha_registro` datetime NOT NULL,
  `almacen_salida_estado` tinyint(2) NOT NULL
) ENGINE=InnoDB DEFAULT CHARSET=utf8mb4 COLLATE=utf8mb4_unicode_ci;

-- --------------------------------------------------------

--
-- Table structure for table `asistencia`
--

CREATE TABLE `asistencia` (
  `id_asistencia` int(11) NOT NULL,
  `id_persona_turno` int(11) NOT NULL,
  `asistencia_fecha` date NOT NULL,
  `asistencia_hora` time NOT NULL,
  `asistencia_hora_salida` time DEFAULT NULL COMMENT 'Para registrar Salida',
  `asistencia_valor` int(11) NOT NULL,
  `asistencia_horas` int(11) NOT NULL DEFAULT '0',
  `asistencia_observacion` varchar(200) COLLATE utf8_unicode_ci DEFAULT NULL,
  `asistencia_tipo` tinyint(2) DEFAULT NULL COMMENT '0 entrada, 1 salida',
  `asistencia_estado` tinyint(4) NOT NULL,
  `asistencia_proyectada` tinyint(4) NOT NULL
) ENGINE=InnoDB DEFAULT CHARSET=utf8 COLLATE=utf8_unicode_ci;

-- --------------------------------------------------------

--
-- Table structure for table `asistencia_fecha`
--

CREATE TABLE `asistencia_fecha` (
  `id_asistencia_fecha` int(11) NOT NULL,
  `fecha` date NOT NULL
) ENGINE=InnoDB DEFAULT CHARSET=utf8 COLLATE=utf8_unicode_ci;

-- --------------------------------------------------------

--
-- Table structure for table `caja`
--

CREATE TABLE `caja` (
  `id_caja` int(11) NOT NULL,
  `id_turno` int(11) NOT NULL,
  `id_caja_numero` int(11) NOT NULL,
  `caja_fecha` date NOT NULL,
  `id_usuario_apertura` int(11) NOT NULL,
  `caja_apertura` decimal(10,2) NOT NULL,
  `caja_fecha_apertura` datetime NOT NULL,
  `id_usuario_cierre` int(11) DEFAULT NULL,
  `caja_cierre` decimal(10,2) DEFAULT NULL,
  `caja_fecha_cierre` datetime DEFAULT NULL,
  `caja_estado` tinyint(2) NOT NULL
) ENGINE=InnoDB DEFAULT CHARSET=utf8 COLLATE=utf8_unicode_ci;

--
-- Dumping data for table `caja`
--

INSERT INTO `caja` (`id_caja`, `id_turno`, `id_caja_numero`, `caja_fecha`, `id_usuario_apertura`, `caja_apertura`, `caja_fecha_apertura`, `id_usuario_cierre`, `caja_cierre`, `caja_fecha_cierre`, `caja_estado`) VALUES
(1, 1, 1, '2022-04-06', 3, '150.00', '2022-04-06 11:04:15', 3, '247.00', '2022-04-06 11:18:07', 0),
(2, 1, 1, '2022-04-06', 3, '150.00', '2022-04-06 11:18:16', 3, '497.00', '2022-04-06 22:36:09', 0),
(3, 1, 1, '2022-04-07', 3, '150.00', '2022-04-07 11:03:26', 3, '605.00', '2022-04-07 22:22:24', 0),
(4, 1, 1, '2022-04-08', 3, '150.00', '2022-04-08 12:08:17', 3, '772.00', '2022-04-08 22:23:11', 0),
(5, 1, 1, '2022-04-09', 2, '150.00', '2022-04-09 12:11:45', 2, '707.00', '2022-04-09 19:08:11', 0),
(6, 1, 1, '2022-04-09', 3, '150.00', '2022-04-09 19:11:06', 3, '852.00', '2022-04-10 02:55:19', 0),
(7, 1, 1, '2022-04-10', 3, '150.00', '2022-04-10 11:59:01', 3, '2217.00', '2022-04-12 06:09:58', 0),
(8, 1, 1, '2022-04-12', 3, '150.00', '2022-04-12 11:29:25', 3, '944.00', '2022-04-12 22:48:48', 0),
(9, 1, 1, '2022-04-13', 3, '150.00', '2022-04-13 11:28:17', 3, '469.00', '2022-04-13 23:33:03', 0),
(10, 1, 1, '2022-04-14', 3, '150.00', '2022-04-14 11:17:15', 3, '699.00', '2022-04-15 01:24:29', 0),
(11, 1, 1, '2022-04-15', 3, '150.00', '2022-04-15 11:27:32', 3, '403.00', '2022-04-15 17:35:20', 0),
(12, 1, 1, '2022-04-16', 3, '150.00', '2022-04-16 11:37:04', 3, '1218.00', '2022-04-17 10:35:53', 0),
(13, 1, 1, '2022-04-17', 3, '150.00', '2022-04-17 11:50:31', 3, '718.00', '2022-04-17 17:47:12', 0),
(14, 1, 1, '2022-04-19', 3, '150.00', '2022-04-19 12:00:20', 3, '340.00', '2022-04-19 21:03:51', 0),
(15, 1, 1, '2022-04-20', 3, '150.00', '2022-04-20 12:13:35', 3, '294.00', '2022-04-20 21:59:07', 0),
(16, 1, 1, '2022-04-21', 3, '150.00', '2022-04-21 12:01:32', 3, '678.00', '2022-04-21 22:16:19', 0),
(17, 1, 1, '2022-04-22', 3, '150.00', '2022-04-22 12:42:04', 3, '431.00', '2022-04-22 22:02:21', 0),
(18, 1, 1, '2022-04-23', 3, '120.00', '2022-04-23 10:53:06', 3, '1283.00', '2022-04-24 03:45:20', 0),
(19, 1, 1, '2022-04-24', 3, '150.00', '2022-04-24 12:16:23', 3, '2.21', '2022-04-24 21:34:23', 0),
(20, 1, 1, '2022-04-26', 3, '150.00', '2022-04-26 11:24:45', 3, '636.00', '2022-04-26 22:18:41', 0),
(21, 1, 1, '2022-04-27', 3, '150.00', '2022-04-27 12:10:07', 3, '399.00', '2022-04-27 21:44:28', 0),
(22, 1, 1, '2022-04-28', 3, '150.00', '2022-04-28 12:11:18', 3, '1049.00', '2022-04-28 23:55:11', 0),
(23, 1, 1, '2022-04-29', 3, '150.00', '2022-04-29 10:32:20', 3, '1122.00', '2022-04-29 22:13:15', 0),
(24, 1, 1, '2022-04-29', 3, '0.00', '2022-04-29 22:44:51', 3, '149.00', '2022-04-30 00:11:53', 0),
(25, 1, 1, '2022-04-30', 3, '150.00', '2022-04-30 09:51:22', 3, '1962.00', '2022-05-01 03:00:44', 0),
(26, 1, 1, '2022-05-01', 3, '150.00', '2022-05-01 12:07:26', 3, '743.00', '2022-05-01 18:31:47', 0),
(27, 1, 1, '2022-05-03', 3, '150.00', '2022-05-03 11:35:08', NULL, NULL, NULL, 1);

-- --------------------------------------------------------

--
-- Table structure for table `caja_numero`
--

CREATE TABLE `caja_numero` (
  `id_caja_numero` int(11) NOT NULL,
  `caja_numero_nombre` varchar(100) COLLATE utf8_unicode_ci NOT NULL,
  `caja_numero_impresora` varchar(100) COLLATE utf8_unicode_ci DEFAULT NULL,
  `caja_numero_fecha` datetime NOT NULL,
  `caja_numero_estado` tinyint(2) NOT NULL
) ENGINE=InnoDB DEFAULT CHARSET=utf8 COLLATE=utf8_unicode_ci;

--
-- Dumping data for table `caja_numero`
--

INSERT INTO `caja_numero` (`id_caja_numero`, `caja_numero_nombre`, `caja_numero_impresora`, `caja_numero_fecha`, `caja_numero_estado`) VALUES
(1, 'Caja 1', 'Ticketera', '2021-10-15 09:52:20', 1),
(2, 'Caja 2', 'Ticketera_2', '2021-10-15 09:52:20', 0);

-- --------------------------------------------------------

--
-- Table structure for table `categorias`
--

CREATE TABLE `categorias` (
  `id_categoria` int(11) NOT NULL,
  `categoria_nombre` varchar(200) COLLATE utf8_unicode_ci NOT NULL,
  `categoria_fecha_registro` datetime NOT NULL,
  `categoria_tipo` tinyint(2) NOT NULL COMMENT '1 resta unsumos y 2 resta almacen',
  `categoria_estado` tinyint(1) NOT NULL
) ENGINE=InnoDB DEFAULT CHARSET=utf8 COLLATE=utf8_unicode_ci;

--
-- Dumping data for table `categorias`
--

INSERT INTO `categorias` (`id_categoria`, `categoria_nombre`, `categoria_fecha_registro`, `categoria_tipo`, `categoria_estado`) VALUES
(6, 'INSUMOS', '2021-05-01 00:00:00', 1, 1),
(15, 'OTROS', '2022-03-02 12:56:48', 1, 1);

-- --------------------------------------------------------

--
-- Table structure for table `categorias_negocio`
--

CREATE TABLE `categorias_negocio` (
  `id_categoria_negocio` int(11) NOT NULL,
  `id_usuario_creacion` int(11) NOT NULL,
  `id_negocio` int(11) NOT NULL,
  `id_categoria` int(11) NOT NULL,
  `recurso_categoria_estado` tinyint(1) NOT NULL,
  `recurso_categoria_fecha` datetime NOT NULL
) ENGINE=InnoDB DEFAULT CHARSET=utf8 COLLATE=utf8_unicode_ci;

--
-- Dumping data for table `categorias_negocio`
--

INSERT INTO `categorias_negocio` (`id_categoria_negocio`, `id_usuario_creacion`, `id_negocio`, `id_categoria`, `recurso_categoria_estado`, `recurso_categoria_fecha`) VALUES
(7, 1, 3, 6, 1, '2021-04-15 19:49:03'),
(14, 2, 3, 15, 1, '2022-03-02 12:56:48');

-- --------------------------------------------------------

--
-- Table structure for table `ciudad`
--

CREATE TABLE `ciudad` (
  `id_ciudad` int(11) NOT NULL,
  `ciudad_nombre` varchar(100) COLLATE utf8_unicode_ci NOT NULL,
  `ciudad_estado` tinyint(1) NOT NULL
) ENGINE=InnoDB DEFAULT CHARSET=utf8 COLLATE=utf8_unicode_ci;

--
-- Dumping data for table `ciudad`
--

INSERT INTO `ciudad` (`id_ciudad`, `ciudad_nombre`, `ciudad_estado`) VALUES
(1, 'Iquitos', 1),
(2, 'Nauta', 1);

-- --------------------------------------------------------

--
-- Table structure for table `clientes`
--

CREATE TABLE `clientes` (
  `id_cliente` int(11) NOT NULL,
  `id_tipodocumento` int(11) NOT NULL,
  `cliente_razonsocial` varchar(500) COLLATE utf8mb4_unicode_ci NOT NULL,
  `cliente_nombre` varchar(200) COLLATE utf8mb4_unicode_ci NOT NULL,
  `cliente_numero` varchar(15) COLLATE utf8mb4_unicode_ci NOT NULL,
  `cliente_correo` varchar(200) COLLATE utf8mb4_unicode_ci DEFAULT NULL,
  `cliente_direccion` varchar(200) COLLATE utf8mb4_unicode_ci DEFAULT NULL,
  `cliente_direccion_2` varchar(200) COLLATE utf8mb4_unicode_ci DEFAULT NULL,
  `cliente_telefono` varchar(50) COLLATE utf8mb4_unicode_ci DEFAULT NULL,
  `cliente_fecha` datetime NOT NULL,
  `cliente_estado` tinyint(4) NOT NULL
) ENGINE=InnoDB DEFAULT CHARSET=utf8mb4 COLLATE=utf8mb4_unicode_ci;

--
-- Dumping data for table `clientes`
--

INSERT INTO `clientes` (`id_cliente`, `id_tipodocumento`, `cliente_razonsocial`, `cliente_nombre`, `cliente_numero`, `cliente_correo`, `cliente_direccion`, `cliente_direccion_2`, `cliente_telefono`, `cliente_fecha`, `cliente_estado`) VALUES
(3, 2, '', 'Anonimo', '11111111', 'anonimo@gmail.com', 'Calle S/n', '', '999999999', '2021-03-26 00:00:00', 1),
(4, 4, 'DON POLLO TROPICAL SAC', '', '20450497950', '', 'JR. MARTINEZ DE COMPAGÑON 1502 SAN MARTIN- SAN MARTIN TARAPOTO', '', '', '2022-04-07 20:45:10', 1),
(5, 4, 'AMPLIATE SAC.', '', '20601017891', '', 'JR 28 DE JULIO 118 - TARAPOTO', '', '', '2022-04-07 21:43:01', 1),
(6, 2, '', 'JULIO JUNIOR TUESTA VALLES', '46322115', '', 'CALLE LAS CUCARDAS MZ- A, LT- 14', '', '', '2022-04-08 20:45:01', 1),
(7, 2, '', 'SONIA NAVARRETE R.', '05320489', '', 'PSJ. 20 DE ENERO 134 SAN JUAN', '', '', '2022-04-09 21:13:51', 1),
(8, 4, 'INVERSIONES LOGANT EIRL', '', '20600230396', '', 'URB.RIO MAR MZ.C LT,17', '', '', '2022-04-10 14:29:51', 1),
(9, 2, '', 'ADRIANO  PEZO  BENDAYAN', '46034766', '', 'URB.  CALVO DE ARAUJO C-12', '', '', '2022-04-14 14:28:57', 1),
(10, 2, '', 'OSCAR RAUL LOPEZ RENGIFO', '70117012', '', 'CALLE ALZAMORA 961', '', '', '2022-04-21 13:12:38', 1),
(11, 4, 'HONDA DEL PERU S.A ', '', '10203733015', '', 'AV. REPUBLICA DE PANAMA 3545 PISO 5 SAN ISIDRO', '', '', '2022-04-21 21:34:28', 1),
(12, 4, 'FAST BUSINESS  IQUITOS E.I.R.L', '', '20567268293', '', '3 DE OCTUBRE 318-B', '', '', '2022-04-22 14:31:56', 1),
(13, 2, '', 'MARCO ANTONIO REATEGUI RENGIFO ', '46528928', '', 'SGTO LORES 280 -IQUITOS', '', '', '2022-04-22 16:50:39', 1),
(14, 2, '', 'JOSE RAUL RUIZ FARFAN', '43544763', '', 'CALLE HNOS CATARI 288- 292 DPTO.501', '', '', '2022-04-28 22:04:44', 1);

-- --------------------------------------------------------

--
-- Table structure for table `comanda`
--

CREATE TABLE `comanda` (
  `id_comanda` int(11) NOT NULL,
  `id_mesa` int(11) DEFAULT NULL,
  `id_usuario` int(11) NOT NULL,
  `id_cliente` int(11) DEFAULT NULL,
  `comanda_nombre_delivery` varchar(200) COLLATE utf8_unicode_ci DEFAULT NULL,
  `comanda_direccion_delivery` varchar(500) COLLATE utf8_unicode_ci DEFAULT NULL,
  `comanda_telefono_delivery` varchar(15) COLLATE utf8_unicode_ci DEFAULT NULL,
  `comanda_cantidad_personas` varchar(50) COLLATE utf8_unicode_ci NOT NULL,
  `comanda_correlativo` varchar(100) COLLATE utf8_unicode_ci NOT NULL,
  `comanda_total` decimal(10,2) NOT NULL,
  `comanda_fecha_registro` datetime NOT NULL,
  `comanda_estado` tinyint(2) NOT NULL,
  `comanda_codigo` varchar(50) COLLATE utf8_unicode_ci NOT NULL
) ENGINE=InnoDB DEFAULT CHARSET=utf8 COLLATE=utf8_unicode_ci;

--
-- Dumping data for table `comanda`
--

INSERT INTO `comanda` (`id_comanda`, `id_mesa`, `id_usuario`, `id_cliente`, `comanda_nombre_delivery`, `comanda_direccion_delivery`, `comanda_telefono_delivery`, `comanda_cantidad_personas`, `comanda_correlativo`, `comanda_total`, `comanda_fecha_registro`, `comanda_estado`, `comanda_codigo`) VALUES
(1, 6, 3, NULL, NULL, NULL, NULL, '1', '060422-1', '35.00', '2022-04-06 11:05:32', 1, '1649261132.0733'),
(2, 6, 3, NULL, NULL, NULL, NULL, '2', '060422-2', '47.00', '2022-04-06 11:10:05', 1, '1649261405.0392'),
(3, 6, 3, NULL, NULL, NULL, NULL, '1', '060422-3', '140.00', '2022-04-06 13:40:43', 1, '1649270443.7563'),
(4, 7, 3, NULL, NULL, NULL, NULL, '2', '060422-4', '61.00', '2022-04-06 13:45:12', 1, '1649270712.6995'),
(5, 8, 3, NULL, NULL, NULL, NULL, '1', '060422-5', '90.00', '2022-04-06 13:47:39', 1, '1649270859.0032'),
(6, 19, 3, NULL, NULL, NULL, NULL, '2', '060422-6', '8.00', '2022-04-06 14:21:32', 1, '1649272892.1282'),
(7, 6, 3, NULL, NULL, NULL, NULL, '1', '060422-7', '4.00', '2022-04-06 14:47:01', 1, '1649274421.0289'),
(8, 6, 3, NULL, NULL, NULL, NULL, '1', '060422-8', '19.00', '2022-04-06 15:54:24', 1, '1649278464.2809'),
(9, 6, 3, NULL, NULL, NULL, NULL, '1', '060422-9', '1.50', '2022-04-06 17:47:00', 1, '1649285220.7038'),
(10, 16, 3, NULL, NULL, NULL, NULL, '2', '060422-10', '30.00', '2022-04-06 18:52:01', 1, '1649289121.9747'),
(11, 0, 3, 3, 'ANONIMO', '', '', '1', '060422-11', '26.00', '2022-04-06 19:13:15', 1, '1649290395.0598'),
(12, 6, 3, NULL, NULL, NULL, NULL, '1', '060422-12', '26.00', '2022-04-06 19:32:48', 1, '1649291568.8462'),
(13, 6, 3, NULL, NULL, NULL, NULL, '1', '060422-13', '24.00', '2022-04-06 20:06:31', 1, '1649293591.8027'),
(14, 6, 3, NULL, NULL, NULL, NULL, '1', '060422-14', '8.00', '2022-04-06 21:07:56', 1, '1649297276.8613'),
(15, 6, 3, NULL, NULL, NULL, NULL, '1', '060422-15', '32.00', '2022-04-06 21:09:23', 1, '1649297363.9248'),
(16, 7, 3, NULL, NULL, NULL, NULL, '1', '060422-16', '56.00', '2022-04-06 21:31:07', 1, '1649298667.7673'),
(17, 8, 3, NULL, NULL, NULL, NULL, '1', '060422-17', '34.00', '2022-04-06 21:42:42', 1, '1649299362.9046'),
(18, 8, 3, NULL, NULL, NULL, NULL, '1', '060422-18', '48.00', '2022-04-06 21:46:37', 1, '1649299597.7486'),
(19, 6, 3, NULL, NULL, NULL, NULL, '2', '070422-1', '77.00', '2022-04-07 11:37:31', 1, '1649349451.1319'),
(20, 6, 3, NULL, NULL, NULL, NULL, '4', '070422-2', '139.00', '2022-04-07 12:28:42', 1, '1649352522.7988'),
(21, 7, 3, NULL, NULL, NULL, NULL, '2', '070422-3', '51.00', '2022-04-07 12:59:22', 1, '1649354362.9127'),
(22, 18, 3, NULL, NULL, NULL, NULL, '1', '070422-4', '32.00', '2022-04-07 14:48:43', 1, '1649360923.0379'),
(23, 7, 3, NULL, NULL, NULL, NULL, '1', '070422-5', '32.00', '2022-04-07 16:37:16', 1, '1649367436.5321'),
(24, 8, 3, NULL, NULL, NULL, NULL, '1', '070422-6', '44.00', '2022-04-07 18:02:25', 1, '1649372545.1216'),
(25, 19, 3, NULL, NULL, NULL, NULL, '1', '070422-7', '85.00', '2022-04-07 18:40:11', 1, '1649374811.6119'),
(26, 8, 3, NULL, NULL, NULL, NULL, '1', '070422-8', '30.00', '2022-04-07 18:44:35', 1, '1649375075.5462'),
(27, 20, 3, NULL, NULL, NULL, NULL, '1', '070422-9', '172.00', '2022-04-07 19:13:20', 1, '1649376800.7171'),
(28, 8, 3, NULL, NULL, NULL, NULL, '1', '070422-10', '20.00', '2022-04-07 19:40:28', 1, '1649378428.2768'),
(29, 17, 3, NULL, NULL, NULL, NULL, '1', '070422-11', '48.00', '2022-04-07 19:41:10', 1, '1649378470.3975'),
(30, 8, 3, NULL, NULL, NULL, NULL, '1', '070422-12', '34.00', '2022-04-07 20:29:44', 1, '1649381384.3121'),
(31, 9, 3, NULL, NULL, NULL, NULL, '1', '070422-13', '58.00', '2022-04-07 20:49:16', 1, '1649382556.9072'),
(32, 20, 3, NULL, NULL, NULL, NULL, '1', '070422-14', '30.00', '2022-04-07 21:40:58', 1, '1649385658.53'),
(33, 6, 3, NULL, NULL, NULL, NULL, '2', '080422-1', '22.00', '2022-04-08 12:32:09', 1, '1649439129.289'),
(34, 7, 3, NULL, NULL, NULL, NULL, '2', '080422-2', '158.00', '2022-04-08 12:56:17', 1, '1649440577.8471'),
(35, 16, 3, NULL, NULL, NULL, NULL, '3', '080422-3', '72.00', '2022-04-08 13:16:21', 1, '1649441781.8782'),
(36, 0, 3, 3, 'ANONIMO', '', '', '1', '080422-4', '31.00', '2022-04-08 13:19:05', 1, '1649441945.8867'),
(37, 6, 3, NULL, NULL, NULL, NULL, '1', '080422-5', '31.00', '2022-04-08 13:21:37', 1, '1649442097.2609'),
(38, 8, 3, NULL, NULL, NULL, NULL, '1', '080422-6', '4.00', '2022-04-08 13:23:07', 1, '1649442187.9735'),
(39, 17, 3, NULL, NULL, NULL, NULL, '1', '080422-7', '27.00', '2022-04-08 13:36:08', 1, '1649442968.5161'),
(40, 19, 3, NULL, NULL, NULL, NULL, '1', '080422-8', '16.00', '2022-04-08 16:00:19', 1, '1649451619.7403'),
(41, 6, 3, NULL, NULL, NULL, NULL, '1', '080422-9', '4.00', '2022-04-08 17:23:03', 1, '1649456583.0759'),
(42, 18, 3, NULL, NULL, NULL, NULL, '1', '080422-10', '148.00', '2022-04-08 17:30:27', 1, '1649457027.0682'),
(43, 21, 3, NULL, NULL, NULL, NULL, '1', '080422-11', '204.00', '2022-04-08 17:38:53', 1, '1649457533.3063'),
(44, 6, 3, NULL, NULL, NULL, NULL, '1', '080422-12', '44.00', '2022-04-08 18:49:01', 1, '1649461741.8053'),
(45, 6, 3, NULL, NULL, NULL, NULL, '1', '080422-13', '96.00', '2022-04-08 20:41:54', 1, '1649468514.2872'),
(46, 18, 3, NULL, NULL, NULL, NULL, '1', '080422-14', '20.00', '2022-04-08 20:55:43', 1, '1649469343.3674'),
(47, 6, 3, NULL, NULL, NULL, NULL, '1', '080422-15', '16.00', '2022-04-08 21:48:16', 1, '1649472496.2313'),
(48, 7, 3, NULL, NULL, NULL, NULL, '1', '080422-16', '16.00', '2022-04-08 21:48:33', 1, '1649472513.1007'),
(49, 21, 2, NULL, NULL, NULL, NULL, '1', '090422-1', '28.00', '2022-04-09 13:22:04', 1, '1649528524.4482'),
(50, 6, 2, NULL, NULL, NULL, NULL, '1', '090422-2', '27.00', '2022-04-09 13:22:43', 1, '1649528563.5473'),
(51, 19, 2, NULL, NULL, NULL, NULL, '1', '090422-3', '105.00', '2022-04-09 13:27:18', 1, '1649528838.4458'),
(52, 21, 2, NULL, NULL, NULL, NULL, '3', '090422-4', '160.00', '2022-04-09 14:35:10', 1, '1649532910.1334'),
(53, 6, 2, NULL, NULL, NULL, NULL, '1', '090422-5', '4.00', '2022-04-09 14:48:42', 1, '1649533722.4155'),
(54, 18, 2, NULL, NULL, NULL, NULL, '1', '090422-6', '48.00', '2022-04-09 14:50:36', 1, '1649533836.0835'),
(55, 6, 2, NULL, NULL, NULL, NULL, '1', '090422-7', '4.00', '2022-04-09 14:55:17', 1, '1649534117.3671'),
(56, 20, 2, NULL, NULL, NULL, NULL, '1', '090422-8', '142.00', '2022-04-09 15:05:33', 1, '1649534733.7695'),
(57, 17, 2, NULL, NULL, NULL, NULL, '1', '090422-9', '215.00', '2022-04-09 15:19:53', 1, '1649535593.8538'),
(58, 6, 2, NULL, NULL, NULL, NULL, '1', '090422-10', '13.00', '2022-04-09 15:50:21', 1, '1649537421.1284'),
(59, 6, 2, NULL, NULL, NULL, NULL, '1', '090422-11', '15.00', '2022-04-09 16:41:56', 1, '1649540516.2808'),
(60, 23, 2, NULL, NULL, NULL, NULL, '1', '090422-12', '12.00', '2022-04-09 16:57:22', 1, '1649541442.7777'),
(61, 22, 2, NULL, NULL, NULL, NULL, '1', '090422-13', '16.00', '2022-04-09 18:05:52', 1, '1649545552.0937'),
(62, 22, 2, NULL, NULL, NULL, NULL, '1', '090422-14', '24.00', '2022-04-09 18:23:59', 1, '1649546639.0364'),
(63, 22, 2, NULL, NULL, NULL, NULL, '1', '090422-15', '26.00', '2022-04-09 18:25:32', 1, '1649546732.7968'),
(64, 6, 2, NULL, NULL, NULL, NULL, '1', '090422-16', '4.00', '2022-04-09 18:54:50', 1, '1649548490.3644'),
(65, 19, 3, NULL, NULL, NULL, NULL, '1', '090422-17', '73.00', '2022-04-09 19:28:44', 1, '1649550524.3744'),
(66, 22, 3, NULL, NULL, NULL, NULL, '1', '090422-18', '10.00', '2022-04-09 19:35:48', 1, '1649550948.3389'),
(67, 7, 3, NULL, NULL, NULL, NULL, '1', '090422-19', '70.00', '2022-04-09 19:39:55', 1, '1649551195.7394'),
(68, 22, 3, NULL, NULL, NULL, NULL, '1', '090422-20', '10.00', '2022-04-09 19:53:31', 1, '1649552011.2923'),
(69, 6, 3, NULL, NULL, NULL, NULL, '1', '090422-21', '22.00', '2022-04-09 20:09:32', 1, '1649552972.9532'),
(70, 18, 3, NULL, NULL, NULL, NULL, '1', '090422-22', '64.00', '2022-04-09 20:34:12', 1, '1649554452.4455'),
(71, 21, 3, NULL, NULL, NULL, NULL, '1', '090422-23', '60.00', '2022-04-09 20:59:59', 1, '1649555999.743'),
(72, 20, 3, NULL, NULL, NULL, NULL, '1', '090422-24', '32.00', '2022-04-09 21:19:08', 1, '1649557148.5707'),
(73, 22, 3, NULL, NULL, NULL, NULL, '1', '090422-25', '4.00', '2022-04-09 21:23:03', 1, '1649557383.8726'),
(74, 22, 3, NULL, NULL, NULL, NULL, '1', '090422-26', '8.00', '2022-04-09 21:40:17', 1, '1649558417.6532'),
(75, 17, 3, NULL, NULL, NULL, NULL, '1', '090422-27', '78.00', '2022-04-09 21:47:28', 1, '1649558848.5614'),
(76, 18, 3, NULL, NULL, NULL, NULL, '1', '090422-28', '26.00', '2022-04-09 21:48:46', 1, '1649558926.6494'),
(77, 22, 3, NULL, NULL, NULL, NULL, '1', '090422-29', '16.00', '2022-04-09 22:15:52', 1, '1649560552.209'),
(78, 6, 3, NULL, NULL, NULL, NULL, '1', '090422-30', '20.00', '2022-04-09 22:33:12', 1, '1649561592.2276'),
(79, 8, 3, NULL, NULL, NULL, NULL, '1', '090422-31', '64.00', '2022-04-09 23:30:32', 1, '1649565032.585'),
(80, 9, 3, NULL, NULL, NULL, NULL, '1', '090422-32', '81.00', '2022-04-09 23:36:15', 1, '1649565375.5852'),
(81, 25, 3, NULL, NULL, NULL, NULL, '1', '090422-33', '72.00', '2022-04-09 23:47:31', 1, '1649566051.8933'),
(82, 20, 3, NULL, NULL, NULL, NULL, '1', '090422-34', '6.00', '2022-04-09 23:49:41', 1, '1649566181.5386'),
(83, 7, 3, NULL, NULL, NULL, NULL, '1', '100422-1', '16.00', '2022-04-10 00:31:42', 1, '1649568702.0605'),
(84, 19, 3, NULL, NULL, NULL, NULL, '1', '100422-2', '10.00', '2022-04-10 00:46:29', 1, '1649569589.2021'),
(85, 7, 3, NULL, NULL, NULL, NULL, '1', '100422-3', '16.00', '2022-04-10 01:04:52', 1, '1649570692.4'),
(86, 18, 3, NULL, NULL, NULL, NULL, '1', '100422-4', '24.00', '2022-04-10 01:09:22', 1, '1649570962.3381'),
(87, 6, 3, NULL, NULL, NULL, NULL, '1', '100422-5', '10.00', '2022-04-10 01:39:02', 1, '1649572742.2693'),
(88, 6, 3, NULL, NULL, NULL, NULL, '1', '100422-6', '8.00', '2022-04-10 02:02:31', 1, '1649574151.0706'),
(89, 6, 3, NULL, NULL, NULL, NULL, '1', '100422-7', '32.00', '2022-04-10 11:59:38', 1, '1649609978.0081'),
(90, 6, 3, NULL, NULL, NULL, NULL, '1', '100422-8', '29.00', '2022-04-10 12:18:30', 1, '1649611110.3808'),
(91, 19, 3, NULL, NULL, NULL, NULL, '1', '100422-9', '54.00', '2022-04-10 12:55:25', 1, '1649613325.3253'),
(92, 8, 3, NULL, NULL, NULL, NULL, '1', '100422-10', '12.00', '2022-04-10 13:21:03', 1, '1649614863.9172'),
(93, 18, 3, NULL, NULL, NULL, NULL, '1', '100422-11', '63.00', '2022-04-10 13:29:28', 1, '1649615368.3558'),
(94, 20, 3, NULL, NULL, NULL, NULL, '1', '100422-12', '30.00', '2022-04-10 13:30:29', 1, '1649615429.5292'),
(95, 21, 3, NULL, NULL, NULL, NULL, '1', '100422-13', '70.00', '2022-04-10 13:31:22', 1, '1649615482.8809'),
(96, 17, 3, NULL, NULL, NULL, NULL, '1', '100422-14', '20.00', '2022-04-10 13:54:35', 1, '1649616875.0674'),
(97, 19, 3, NULL, NULL, NULL, NULL, '1', '100422-15', '34.00', '2022-04-10 13:55:17', 1, '1649616917.8943'),
(98, 16, 3, NULL, NULL, NULL, NULL, '1', '100422-16', '73.00', '2022-04-10 14:08:06', 1, '1649617686.3549'),
(99, 22, 3, NULL, NULL, NULL, NULL, '1', '100422-17', '112.00', '2022-04-10 14:09:40', 1, '1649617780.0017'),
(100, 6, 3, NULL, NULL, NULL, NULL, '1', '100422-18', '553.00', '2022-04-10 14:24:42', 1, '1649618682.5225'),
(101, 17, 3, NULL, NULL, NULL, NULL, '1', '100422-19', '10.00', '2022-04-10 14:39:16', 1, '1649619556.4531'),
(102, 18, 3, NULL, NULL, NULL, NULL, '1', '100422-20', '316.00', '2022-04-10 14:44:25', 1, '1649619865.7616'),
(103, 19, 3, NULL, NULL, NULL, NULL, '1', '100422-21', '280.00', '2022-04-10 14:48:22', 1, '1649620102.6151'),
(104, 21, 3, NULL, NULL, NULL, NULL, '1', '100422-22', '156.00', '2022-04-10 14:52:49', 1, '1649620369.3533'),
(105, 17, 3, NULL, NULL, NULL, NULL, '1', '100422-23', '84.00', '2022-04-10 15:00:28', 1, '1649620828.3473'),
(106, 16, 3, NULL, NULL, NULL, NULL, '1', '100422-24', '39.00', '2022-04-10 15:19:29', 1, '1649621969.3312'),
(107, 20, 3, NULL, NULL, NULL, NULL, '1', '100422-25', '45.00', '2022-04-10 15:26:28', 1, '1649622388.8782'),
(108, 22, 3, NULL, NULL, NULL, NULL, '1', '100422-26', '43.00', '2022-04-10 15:41:17', 1, '1649623277.4295'),
(109, 23, 3, NULL, NULL, NULL, NULL, '1', '100422-27', '61.00', '2022-04-10 15:57:58', 1, '1649624278.0305'),
(110, 24, 3, NULL, NULL, NULL, NULL, '1', '100422-28', '4.00', '2022-04-10 16:05:31', 1, '1649624731.3552'),
(111, 24, 3, NULL, NULL, NULL, NULL, '1', '100422-29', '10.00', '2022-04-10 16:06:55', 1, '1649624815.8655'),
(112, 8, 3, NULL, NULL, NULL, NULL, '1', '100422-30', '48.00', '2022-04-10 16:32:35', 1, '1649626355.5819'),
(113, 17, 3, NULL, NULL, NULL, NULL, '1', '100422-31', '10.00', '2022-04-10 17:03:31', 1, '1649628211.2418'),
(114, 7, 3, NULL, NULL, NULL, NULL, '1', '100422-32', '22.00', '2022-04-10 17:24:24', 1, '1649629464.5463'),
(115, 22, 3, NULL, NULL, NULL, NULL, '1', '100422-33', '76.00', '2022-04-10 17:45:40', 1, '1649630740.421'),
(116, 17, 3, NULL, NULL, NULL, NULL, '1', '100422-34', '30.00', '2022-04-10 18:07:19', 1, '1649632039.6883'),
(117, 22, 3, NULL, NULL, NULL, NULL, '1', '100422-35', '2.00', '2022-04-10 18:46:00', 1, '1649634360.0048'),
(118, 6, 3, NULL, NULL, NULL, NULL, '1', '100422-36', '4.00', '2022-04-10 19:02:17', 1, '1649635337.7444'),
(119, 6, 3, NULL, NULL, NULL, NULL, '1', '100422-37', '32.00', '2022-04-10 19:44:56', 1, '1649637896.7348'),
(120, 6, 3, NULL, NULL, NULL, NULL, '1', '100422-38', '4.00', '2022-04-10 21:29:55', 1, '1649644195.8348'),
(121, 6, 3, NULL, NULL, NULL, NULL, '3', '120422-1', '40.00', '2022-04-12 11:30:23', 1, '1649781023.2934'),
(122, 7, 3, NULL, NULL, NULL, NULL, '1', '120422-2', '42.00', '2022-04-12 12:05:06', 1, '1649783106.2025'),
(123, 8, 3, NULL, NULL, NULL, NULL, '1', '120422-3', '84.00', '2022-04-12 13:52:57', 1, '1649789577.4878'),
(124, 20, 3, NULL, NULL, NULL, NULL, '1', '120422-4', '104.00', '2022-04-12 15:49:28', 1, '1649796568.9561'),
(125, 6, 3, NULL, NULL, NULL, NULL, '1', '120422-5', '325.00', '2022-04-12 15:53:08', 1, '1649796788.593'),
(126, 6, 3, NULL, NULL, NULL, NULL, '1', '120422-6', '22.00', '2022-04-12 17:17:46', 1, '1649801866.0246'),
(127, 6, 3, NULL, NULL, NULL, NULL, '1', '120422-7', '40.00', '2022-04-12 18:59:59', 1, '1649807999.9078'),
(128, 7, 3, NULL, NULL, NULL, NULL, '1', '120422-8', '27.00', '2022-04-12 19:04:18', 1, '1649808258.6611'),
(129, 7, 3, NULL, NULL, NULL, NULL, '1', '120422-9', '87.00', '2022-04-12 19:46:35', 1, '1649810795.4914'),
(130, 6, 3, NULL, NULL, NULL, NULL, '1', '120422-10', '21.00', '2022-04-12 21:52:32', 1, '1649818352.8585'),
(131, 8, 3, NULL, NULL, NULL, NULL, '1', '120422-11', '2.00', '2022-04-12 21:59:54', 1, '1649818794.717'),
(132, 6, 3, NULL, NULL, NULL, NULL, '4', '130422-1', '98.00', '2022-04-13 11:34:03', 1, '1649867643.1649'),
(133, 6, 3, NULL, NULL, NULL, NULL, '1', '130422-2', '35.00', '2022-04-13 13:03:43', 1, '1649873023.9899'),
(134, 6, 3, NULL, NULL, NULL, NULL, '1', '130422-3', '12.00', '2022-04-13 13:09:50', 1, '1649873390.9009'),
(135, 6, 3, NULL, NULL, NULL, NULL, '1', '130422-4', '4.00', '2022-04-13 14:01:54', 1, '1649876514.6195'),
(136, 6, 3, NULL, NULL, NULL, NULL, '1', '130422-5', '8.00', '2022-04-13 14:04:22', 1, '1649876662.094'),
(137, 6, 3, NULL, NULL, NULL, NULL, '1', '130422-6', '4.00', '2022-04-13 20:35:23', 1, '1649900123.4431'),
(138, 6, 3, NULL, NULL, NULL, NULL, '1', '130422-7', '40.00', '2022-04-13 20:41:07', 1, '1649900467.2479'),
(139, 7, 3, NULL, NULL, NULL, NULL, '1', '130422-8', '54.00', '2022-04-13 20:44:24', 1, '1649900664.7994'),
(140, 8, 3, NULL, NULL, NULL, NULL, '1', '130422-9', '46.00', '2022-04-13 21:53:52', 1, '1649904832.056'),
(141, 8, 3, NULL, NULL, NULL, NULL, '1', '130422-10', '50.00', '2022-04-13 21:57:03', 1, '1649905023.9418'),
(142, 7, 3, NULL, NULL, NULL, NULL, '1', '130422-11', '30.00', '2022-04-13 22:19:37', 1, '1649906377.6422'),
(143, 8, 3, NULL, NULL, NULL, NULL, '1', '130422-12', '4.00', '2022-04-13 22:23:44', 1, '1649906624.6988'),
(144, 6, 3, NULL, NULL, NULL, NULL, '1', '140422-1', '84.00', '2022-04-14 13:14:49', 1, '1649960089.5536'),
(145, 7, 3, NULL, NULL, NULL, NULL, '1', '140422-2', '79.00', '2022-04-14 13:36:54', 1, '1649961414.1144'),
(146, 8, 3, NULL, NULL, NULL, NULL, '1', '140422-3', '67.00', '2022-04-14 14:04:47', 1, '1649963087.7841'),
(147, 6, 3, NULL, NULL, NULL, NULL, '1', '140422-4', '80.00', '2022-04-14 14:36:00', 1, '1649964960.0886'),
(148, 6, 3, NULL, NULL, NULL, NULL, '1', '140422-5', '24.00', '2022-04-14 14:38:20', 1, '1649965100.2203'),
(149, 7, 3, NULL, NULL, NULL, NULL, '1', '140422-6', '24.00', '2022-04-14 14:40:31', 1, '1649965231.2167'),
(150, 8, 3, NULL, NULL, NULL, NULL, '1', '140422-7', '47.00', '2022-04-14 15:09:20', 1, '1649966960.8838'),
(151, 6, 3, NULL, NULL, NULL, NULL, '1', '140422-8', '71.00', '2022-04-14 15:29:41', 1, '1649968181.1521'),
(152, 7, 3, NULL, NULL, NULL, NULL, '1', '140422-9', '14.00', '2022-04-14 15:58:41', 1, '1649969921.8783'),
(153, 8, 3, NULL, NULL, NULL, NULL, '1', '140422-10', '63.00', '2022-04-14 15:59:53', 1, '1649969993.2099'),
(154, 6, 3, NULL, NULL, NULL, NULL, '1', '140422-11', '148.00', '2022-04-14 16:55:47', 1, '1649973347.6785'),
(155, 7, 3, NULL, NULL, NULL, NULL, '1', '140422-12', '32.00', '2022-04-14 16:58:40', 1, '1649973520.3076'),
(156, 6, 3, NULL, NULL, NULL, NULL, '1', '140422-13', '13.00', '2022-04-14 19:32:50', 1, '1649982770.6735'),
(157, 7, 3, NULL, NULL, NULL, NULL, '1', '140422-14', '26.00', '2022-04-14 19:44:33', 1, '1649983473.1921'),
(158, 6, 3, NULL, NULL, NULL, NULL, '1', '140422-15', '27.00', '2022-04-14 20:47:13', 1, '1649987233.314'),
(159, 8, 3, NULL, NULL, NULL, NULL, '1', '140422-16', '28.00', '2022-04-14 20:59:40', 1, '1649987980.8065'),
(160, 9, 3, NULL, NULL, NULL, NULL, '1', '140422-17', '75.00', '2022-04-14 21:26:20', 1, '1649989580.9764'),
(161, 7, 3, NULL, NULL, NULL, NULL, '1', '140422-18', '23.00', '2022-04-14 21:41:34', 1, '1649990494.9792'),
(162, 6, 3, NULL, NULL, NULL, NULL, '1', '150422-1', '16.00', '2022-04-15 11:29:11', 1, '1650040151.6643'),
(163, 6, 3, NULL, NULL, NULL, NULL, '1', '150422-2', '38.00', '2022-04-15 12:51:14', 1, '1650045074.3702'),
(164, 6, 3, NULL, NULL, NULL, NULL, '1', '150422-3', '81.00', '2022-04-15 13:26:16', 1, '1650047176.1324'),
(165, 6, 3, NULL, NULL, NULL, NULL, '1', '150422-4', '29.00', '2022-04-15 13:53:16', 1, '1650048796.1726'),
(166, 7, 3, NULL, NULL, NULL, NULL, '1', '150422-5', '48.00', '2022-04-15 13:58:50', 1, '1650049130.4384'),
(167, 8, 3, NULL, NULL, NULL, NULL, '1', '150422-6', '105.00', '2022-04-15 14:11:18', 1, '1650049878.1423'),
(168, 6, 3, NULL, NULL, NULL, NULL, '1', '150422-7', '4.00', '2022-04-15 14:52:42', 1, '1650052362.0093'),
(169, 6, 3, NULL, NULL, NULL, NULL, '1', '150422-8', '84.00', '2022-04-15 14:54:16', 1, '1650052456.6301'),
(170, 6, 3, NULL, NULL, NULL, NULL, '1', '150422-9', '13.00', '2022-04-15 16:04:57', 1, '1650056697.2359'),
(171, 7, 3, NULL, NULL, NULL, NULL, '1', '150422-10', '51.00', '2022-04-15 16:10:07', 1, '1650057007.919'),
(172, 6, 3, NULL, NULL, NULL, NULL, '1', '150422-11', '13.00', '2022-04-15 16:32:29', 1, '1650058349.894'),
(173, 6, 3, NULL, NULL, NULL, NULL, '1', '150422-12', '8.00', '2022-04-15 17:04:59', 1, '1650060299.1317'),
(174, 6, 3, NULL, NULL, NULL, NULL, '1', '160422-1', '39.00', '2022-04-16 13:33:44', 1, '1650134024.7562'),
(175, 18, 3, NULL, NULL, NULL, NULL, '1', '160422-2', '34.00', '2022-04-16 15:20:42', 1, '1650140442.9325'),
(176, 20, 3, NULL, NULL, NULL, NULL, '1', '160422-3', '24.00', '2022-04-16 15:21:54', 1, '1650140514.3985'),
(177, 21, 3, NULL, NULL, NULL, NULL, '1', '160422-4', '24.00', '2022-04-16 15:22:15', 1, '1650140535.3858'),
(178, 22, 3, NULL, NULL, NULL, NULL, '1', '160422-5', '4.00', '2022-04-16 15:32:18', 1, '1650141138.6316'),
(179, 6, 3, NULL, NULL, NULL, NULL, '1', '160422-6', '39.00', '2022-04-16 19:30:20', 1, '1650155420.7236'),
(180, 8, 3, NULL, NULL, NULL, NULL, '1', '160422-7', '62.00', '2022-04-16 19:49:03', 1, '1650156543.2743'),
(181, 7, 3, NULL, NULL, NULL, NULL, '1', '160422-8', '81.00', '2022-04-16 20:23:34', 1, '1650158614.2541'),
(182, 9, 3, NULL, NULL, NULL, NULL, '1', '160422-9', '276.00', '2022-04-16 20:54:14', 1, '1650160454.7104'),
(183, 6, 3, NULL, NULL, NULL, NULL, '1', '160422-10', '2.00', '2022-04-16 21:25:10', 1, '1650162310.0995'),
(184, 6, 3, NULL, NULL, NULL, NULL, '1', '160422-11', '12.00', '2022-04-16 21:28:47', 1, '1650162527.0124'),
(185, 6, 3, NULL, NULL, NULL, NULL, '1', '160422-12', '10.00', '2022-04-16 21:43:03', 1, '1650163383.8861'),
(186, 16, 3, NULL, NULL, NULL, NULL, '1', '160422-13', '51.00', '2022-04-16 21:44:48', 1, '1650163488.3715'),
(187, 21, 3, NULL, NULL, NULL, NULL, '1', '160422-14', '108.00', '2022-04-16 21:48:16', 1, '1650163696.5817'),
(188, 6, 3, NULL, NULL, NULL, NULL, '1', '160422-15', '20.00', '2022-04-16 21:50:03', 1, '1650163803.5149'),
(189, 20, 3, NULL, NULL, NULL, NULL, '1', '160422-16', '20.00', '2022-04-16 21:50:25', 1, '1650163825.3394'),
(190, 22, 3, NULL, NULL, NULL, NULL, '1', '160422-17', '12.00', '2022-04-16 21:52:49', 1, '1650163969.8659'),
(191, 6, 3, NULL, NULL, NULL, NULL, '1', '160422-18', '34.00', '2022-04-16 22:11:49', 1, '1650165109.0363'),
(192, 20, 3, NULL, NULL, NULL, NULL, '1', '160422-19', '30.00', '2022-04-16 22:12:23', 1, '1650165143.7718'),
(193, 22, 3, NULL, NULL, NULL, NULL, '1', '160422-20', '10.00', '2022-04-16 22:31:42', 1, '1650166302.7819'),
(194, 9, 3, NULL, NULL, NULL, NULL, '1', '160422-21', '20.00', '2022-04-16 22:36:57', 1, '1650166617.2645'),
(195, 22, 3, NULL, NULL, NULL, NULL, '1', '160422-22', '10.00', '2022-04-16 22:42:40', 1, '1650166960.3978'),
(196, 17, 3, NULL, NULL, NULL, NULL, '1', '160422-23', '82.00', '2022-04-16 22:51:43', 1, '1650167503.1294'),
(197, 22, 3, NULL, NULL, NULL, NULL, '1', '160422-24', '2.00', '2022-04-16 22:55:18', 1, '1650167718.1617'),
(198, 22, 3, NULL, NULL, NULL, NULL, '1', '160422-25', '8.00', '2022-04-16 22:58:35', 1, '1650167915.0392'),
(199, 7, 3, NULL, NULL, NULL, NULL, '1', '160422-26', '54.00', '2022-04-16 23:01:23', 1, '1650168083.3753'),
(200, 18, 3, NULL, NULL, NULL, NULL, '1', '160422-27', '37.00', '2022-04-16 23:02:01', 1, '1650168121.1104'),
(201, 22, 3, NULL, NULL, NULL, NULL, '1', '160422-28', '6.00', '2022-04-16 23:12:04', 1, '1650168724.6423'),
(202, 22, 3, NULL, NULL, NULL, NULL, '1', '160422-29', '70.00', '2022-04-16 23:18:15', 1, '1650169095.6381'),
(203, 8, 3, NULL, NULL, NULL, NULL, '1', '160422-30', '24.00', '2022-04-16 23:24:26', 1, '1650169466.1824'),
(204, 16, 3, NULL, NULL, NULL, NULL, '1', '160422-31', '14.00', '2022-04-16 23:31:07', 1, '1650169867.6919'),
(205, 20, 3, NULL, NULL, NULL, NULL, '1', '160422-32', '2.00', '2022-04-16 23:42:53', 1, '1650170573.5222'),
(206, 20, 3, NULL, NULL, NULL, NULL, '1', '160422-33', '10.00', '2022-04-16 23:59:46', 1, '1650171586.0875'),
(207, 19, 3, NULL, NULL, NULL, NULL, '1', '170422-1', '2.00', '2022-04-17 00:04:59', 1, '1650171899.9437'),
(208, 19, 3, NULL, NULL, NULL, NULL, '1', '170422-2', '16.00', '2022-04-17 00:06:02', 1, '1650171962.7474'),
(209, 6, 3, NULL, NULL, NULL, NULL, '1', '170422-3', '20.00', '2022-04-17 00:12:46', 1, '1650172366.0356'),
(210, 19, 3, NULL, NULL, NULL, NULL, '1', '170422-4', '2.00', '2022-04-17 00:22:22', 1, '1650172942.255'),
(211, 6, 3, NULL, NULL, NULL, NULL, '1', '170422-5', '10.00', '2022-04-17 00:29:35', 1, '1650173375.8877'),
(212, 7, 3, NULL, NULL, NULL, NULL, '1', '170422-6', '9.00', '2022-04-17 00:29:56', 1, '1650173396.8065'),
(213, 9, 3, NULL, NULL, NULL, NULL, '1', '170422-7', '8.00', '2022-04-17 00:30:27', 1, '1650173427.7677'),
(214, 9, 3, NULL, NULL, NULL, NULL, '1', '170422-8', '2.00', '2022-04-17 00:31:05', 1, '1650173465.0317'),
(215, 6, 3, NULL, NULL, NULL, NULL, '1', '170422-9', '32.00', '2022-04-17 11:52:01', 1, '1650214321.2812'),
(216, 7, 3, NULL, NULL, NULL, NULL, '1', '170422-10', '84.00', '2022-04-17 12:03:35', 1, '1650215015.118'),
(217, 19, 3, NULL, NULL, NULL, NULL, '1', '170422-11', '73.00', '2022-04-17 13:20:22', 1, '1650219622.4839'),
(218, 22, 3, NULL, NULL, NULL, NULL, '1', '170422-12', '24.00', '2022-04-17 13:34:58', 1, '1650220498.6942'),
(219, 17, 3, NULL, NULL, NULL, NULL, '1', '170422-13', '89.00', '2022-04-17 13:48:42', 1, '1650221322.7336'),
(220, 8, 3, NULL, NULL, NULL, NULL, '1', '170422-14', '135.00', '2022-04-17 13:51:04', 1, '1650221464.0911'),
(221, 21, 3, NULL, NULL, NULL, NULL, '1', '170422-15', '159.00', '2022-04-17 13:52:42', 1, '1650221562.0985'),
(222, 20, 3, NULL, NULL, NULL, NULL, '1', '170422-16', '102.00', '2022-04-17 14:13:21', 1, '1650222801.839'),
(223, 17, 3, NULL, NULL, NULL, NULL, '1', '170422-17', '60.00', '2022-04-17 16:12:31', 1, '1650229951.7377'),
(224, 6, 3, NULL, NULL, NULL, NULL, '1', '170422-18', '20.00', '2022-04-17 17:08:36', 1, '1650233316.2965'),
(225, 6, 3, NULL, NULL, NULL, NULL, '2', '190422-1', '49.00', '2022-04-19 12:01:41', 1, '1650387701.3066'),
(226, 6, 3, NULL, NULL, NULL, NULL, '1', '190422-2', '4.00', '2022-04-19 12:44:35', 1, '1650390275.5998'),
(227, 6, 3, NULL, NULL, NULL, NULL, '1', '190422-3', '4.00', '2022-04-19 12:57:14', 1, '1650391034.4012'),
(228, 8, 3, NULL, NULL, NULL, NULL, '1', '190422-4', '79.00', '2022-04-19 13:28:40', 1, '1650392920.6292'),
(229, 21, 3, NULL, NULL, NULL, NULL, '1', '190422-5', '34.00', '2022-04-19 14:01:30', 1, '1650394890.8805'),
(230, 6, 3, NULL, NULL, NULL, NULL, '1', '190422-6', '20.00', '2022-04-19 15:58:43', 1, '1650401923.1474'),
(231, 6, 3, NULL, NULL, NULL, NULL, '1', '200422-1', '48.00', '2022-04-20 13:24:29', 1, '1650479069.7565'),
(232, 6, 3, NULL, NULL, NULL, NULL, '1', '200422-2', '52.00', '2022-04-20 14:39:07', 1, '1650483547.5069'),
(233, 7, 3, NULL, NULL, NULL, NULL, '1', '200422-3', '52.00', '2022-04-20 14:51:57', 1, '1650484317.6243'),
(234, 6, 3, NULL, NULL, NULL, NULL, '1', '200422-4', '16.00', '2022-04-20 17:13:49', 1, '1650492829.879'),
(235, 6, 3, NULL, NULL, NULL, NULL, '1', '200422-5', '24.00', '2022-04-20 20:22:10', 1, '1650504130.4779'),
(236, 6, 3, NULL, NULL, NULL, NULL, '1', '210422-1', '16.00', '2022-04-21 12:12:21', 1, '1650561141.5731'),
(237, 18, 3, NULL, NULL, NULL, NULL, '1', '210422-2', '37.00', '2022-04-21 12:38:08', 1, '1650562688.0995'),
(238, 6, 3, NULL, NULL, NULL, NULL, '1', '210422-3', '161.00', '2022-04-21 12:55:37', 1, '1650563737.9505'),
(239, 7, 3, NULL, NULL, NULL, NULL, '1', '210422-4', '82.00', '2022-04-21 12:57:09', 1, '1650563829.8497'),
(240, 8, 3, NULL, NULL, NULL, NULL, '1', '210422-5', '63.00', '2022-04-21 12:57:48', 1, '1650563868.3091'),
(241, 9, 3, NULL, NULL, NULL, NULL, '1', '210422-6', '19.00', '2022-04-21 13:08:07', 1, '1650564487.8972'),
(242, 18, 3, NULL, NULL, NULL, NULL, '1', '210422-7', '75.00', '2022-04-21 13:32:25', 1, '1650565945.5828'),
(243, 20, 3, NULL, NULL, NULL, NULL, '1', '210422-8', '33.00', '2022-04-21 13:33:22', 1, '1650566002.8606'),
(244, 6, 3, NULL, NULL, NULL, NULL, '1', '210422-9', '52.00', '2022-04-21 17:45:44', 1, '1650581144.9727'),
(245, 7, 3, NULL, NULL, NULL, NULL, '1', '210422-10', '40.00', '2022-04-21 18:11:27', 1, '1650582687.173'),
(246, 8, 3, NULL, NULL, NULL, NULL, '1', '210422-11', '28.00', '2022-04-21 18:16:54', 1, '1650583014.654'),
(247, 6, 3, NULL, NULL, NULL, NULL, '1', '210422-12', '23.00', '2022-04-21 19:59:45', 1, '1650589185.304'),
(248, 7, 3, NULL, NULL, NULL, NULL, '1', '210422-13', '78.00', '2022-04-21 20:42:53', 1, '1650591773.6681'),
(249, 8, 3, NULL, NULL, NULL, NULL, '1', '210422-14', '51.00', '2022-04-21 20:52:23', 1, '1650592343.711'),
(250, 6, 3, NULL, NULL, NULL, NULL, '1', '210422-15', '16.00', '2022-04-21 22:00:41', 1, '1650596441.9136'),
(251, 6, 3, NULL, NULL, NULL, NULL, '1', '220422-1', '335.00', '2022-04-22 12:42:45', 1, '1650649365.6394'),
(252, 6, 3, NULL, NULL, NULL, NULL, '1', '220422-2', '68.00', '2022-04-22 15:10:37', 1, '1650658237.3465'),
(253, 7, 3, NULL, NULL, NULL, NULL, '1', '220422-3', '75.00', '2022-04-22 15:34:34', 1, '1650659674.5368'),
(254, 8, 3, NULL, NULL, NULL, NULL, '1', '220422-4', '155.00', '2022-04-22 15:49:05', 1, '1650660545.5511'),
(255, 9, 3, NULL, NULL, NULL, NULL, '1', '220422-5', '58.00', '2022-04-22 16:27:54', 1, '1650662874.4216'),
(256, 6, 3, NULL, NULL, NULL, NULL, '1', '220422-6', '24.00', '2022-04-22 17:49:59', 1, '1650667799.3941'),
(257, 6, 3, NULL, NULL, NULL, NULL, '1', '220422-7', '4.00', '2022-04-22 17:56:48', 1, '1650668208.3583'),
(258, 6, 3, NULL, NULL, NULL, NULL, '1', '220422-8', '13.00', '2022-04-22 18:12:01', 1, '1650669121.6678'),
(259, 6, 3, NULL, NULL, NULL, NULL, '1', '220422-9', '16.00', '2022-04-22 18:14:05', 1, '1650669245.1041'),
(260, 7, 3, NULL, NULL, NULL, NULL, '1', '220422-10', '65.00', '2022-04-22 18:19:24', 1, '1650669564.1606'),
(261, 6, 3, NULL, NULL, NULL, NULL, '1', '220422-11', '150.00', '2022-04-22 19:16:52', 1, '1650673012.5045'),
(262, 8, 3, NULL, NULL, NULL, NULL, '1', '220422-12', '16.00', '2022-04-22 19:17:12', 1, '1650673032.5271'),
(263, 8, 3, NULL, NULL, NULL, NULL, '1', '220422-13', '16.00', '2022-04-22 19:32:21', 1, '1650673941.7859'),
(264, 20, 3, NULL, NULL, NULL, NULL, '1', '220422-14', '76.00', '2022-04-22 19:34:00', 1, '1650674040.5293'),
(265, 8, 3, NULL, NULL, NULL, NULL, '1', '220422-15', '16.00', '2022-04-22 20:10:43', 1, '1650676243.1499'),
(266, 19, 3, NULL, NULL, NULL, NULL, '1', '220422-16', '24.00', '2022-04-22 20:19:21', 1, '1650676761.616'),
(267, 7, 3, NULL, NULL, NULL, NULL, '1', '220422-17', '8.00', '2022-04-22 21:18:06', 1, '1650680286.2823'),
(268, 6, 3, NULL, NULL, NULL, NULL, '1', '230422-1', '4.00', '2022-04-23 10:53:29', 1, '1650729209.7591'),
(269, 22, 3, NULL, NULL, NULL, NULL, '2', '230422-2', '67.00', '2022-04-23 11:33:38', 1, '1650731618.8419'),
(270, 21, 3, NULL, NULL, NULL, NULL, '1', '230422-3', '16.00', '2022-04-23 11:52:42', 1, '1650732762.1169'),
(271, 20, 3, NULL, NULL, NULL, NULL, '1', '230422-4', '154.00', '2022-04-23 12:06:13', 1, '1650733573.9783'),
(272, 19, 3, NULL, NULL, NULL, NULL, '1', '230422-5', '44.00', '2022-04-23 12:31:50', 1, '1650735110.3039'),
(273, 18, 3, NULL, NULL, NULL, NULL, '1', '230422-6', '85.00', '2022-04-23 12:57:00', 1, '1650736620.9434'),
(274, 19, 3, NULL, NULL, NULL, NULL, '1', '230422-7', '78.00', '2022-04-23 13:37:39', 1, '1650739059.7868'),
(275, 9, 3, NULL, NULL, NULL, NULL, '1', '230422-8', '20.00', '2022-04-23 13:41:03', 1, '1650739263.2614'),
(276, 6, 3, NULL, NULL, NULL, NULL, '1', '230422-9', '4.00', '2022-04-23 14:20:13', 1, '1650741613.8814'),
(277, 6, 3, NULL, NULL, NULL, NULL, '1', '230422-10', '49.00', '2022-04-23 15:40:11', 1, '1650746411.523'),
(278, 7, 3, NULL, NULL, NULL, NULL, '1', '230422-11', '4.00', '2022-04-23 16:12:28', 1, '1650748348.5699'),
(279, 6, 3, NULL, NULL, NULL, NULL, '1', '230422-12', '24.00', '2022-04-23 17:12:38', 1, '1650751958.1462'),
(280, 6, 3, NULL, NULL, NULL, NULL, '1', '230422-13', '8.00', '2022-04-23 17:49:04', 1, '1650754144.5067'),
(281, 6, 3, NULL, NULL, NULL, NULL, '1', '230422-14', '32.00', '2022-04-23 17:49:36', 1, '1650754176.922'),
(282, 7, 3, NULL, NULL, NULL, NULL, '1', '230422-15', '24.00', '2022-04-23 18:16:04', 1, '1650755764.8008'),
(283, 20, 3, NULL, NULL, NULL, NULL, '1', '230422-16', '16.00', '2022-04-23 18:22:21', 1, '1650756141.1225'),
(284, 6, 3, NULL, NULL, NULL, NULL, '1', '230422-17', '75.00', '2022-04-23 18:44:20', 1, '1650757460.3208'),
(285, 7, 3, NULL, NULL, NULL, NULL, '1', '230422-18', '37.00', '2022-04-23 19:12:01', 1, '1650759121.5473'),
(286, 8, 3, NULL, NULL, NULL, NULL, '1', '230422-19', '25.00', '2022-04-23 19:17:18', 1, '1650759438.6353'),
(287, 7, 3, NULL, NULL, NULL, NULL, '1', '230422-20', '68.00', '2022-04-23 19:43:03', 1, '1650760983.35'),
(288, 8, 3, NULL, NULL, NULL, NULL, '1', '230422-21', '40.00', '2022-04-23 19:51:37', 1, '1650761497.3916'),
(289, 6, 3, NULL, NULL, NULL, NULL, '1', '230422-22', '1.00', '2022-04-23 20:11:02', 1, '1650762662.8175'),
(290, 6, 3, NULL, NULL, NULL, NULL, '1', '230422-23', '30.00', '2022-04-23 20:13:51', 1, '1650762831.8666'),
(291, 6, 3, NULL, NULL, NULL, NULL, '1', '230422-24', '16.00', '2022-04-23 20:46:42', 1, '1650764802.1726'),
(292, 6, 3, NULL, NULL, NULL, NULL, '1', '230422-25', '8.00', '2022-04-23 20:51:21', 1, '1650765081.1969'),
(293, 7, 3, NULL, NULL, NULL, NULL, '1', '230422-26', '2.00', '2022-04-23 21:06:47', 1, '1650766007.4827'),
(294, 20, 3, NULL, NULL, NULL, NULL, '1', '230422-27', '262.00', '2022-04-23 21:15:33', 1, '1650766533.5365'),
(295, 6, 3, NULL, NULL, NULL, NULL, '1', '230422-28', '2.00', '2022-04-23 21:33:20', 1, '1650767600.2444'),
(296, 18, 3, NULL, NULL, NULL, NULL, '1', '230422-29', '117.00', '2022-04-23 21:34:37', 1, '1650767677.9347'),
(297, 6, 3, NULL, NULL, NULL, NULL, '1', '230422-30', '4.00', '2022-04-23 21:38:08', 1, '1650767888.8667'),
(298, 19, 3, NULL, NULL, NULL, NULL, '1', '230422-31', '24.00', '2022-04-23 21:40:10', 1, '1650768010.9633'),
(299, 16, 3, NULL, NULL, NULL, NULL, '1', '230422-32', '58.00', '2022-04-23 22:03:30', 1, '1650769410.8914'),
(300, 22, 3, NULL, NULL, NULL, NULL, '1', '230422-33', '27.00', '2022-04-23 22:21:58', 1, '1650770518.4316'),
(301, 8, 3, NULL, NULL, NULL, NULL, '1', '230422-34', '52.00', '2022-04-23 22:30:16', 1, '1650771016.673'),
(302, 6, 3, NULL, NULL, NULL, NULL, '1', '230422-35', '24.00', '2022-04-23 22:40:18', 1, '1650771618.253'),
(303, 22, 3, NULL, NULL, NULL, NULL, '1', '230422-36', '24.00', '2022-04-23 22:58:09', 1, '1650772689.8224'),
(304, 21, 3, NULL, NULL, NULL, NULL, '1', '230422-37', '56.00', '2022-04-23 23:13:52', 1, '1650773632.635'),
(305, 6, 3, NULL, NULL, NULL, NULL, '1', '240422-1', '8.00', '2022-04-24 00:07:48', 1, '1650776868.9174'),
(306, 9, 3, NULL, NULL, NULL, NULL, '3', '240422-2', '10.00', '2022-04-24 00:09:18', 1, '1650776958.867'),
(307, 23, 3, NULL, NULL, NULL, NULL, '1', '240422-3', '158.00', '2022-04-24 00:29:34', 1, '1650778174.5919'),
(308, 6, 3, NULL, NULL, NULL, NULL, '1', '240422-4', '12.00', '2022-04-24 03:12:39', 1, '1650787959.0641'),
(309, 18, 3, NULL, NULL, NULL, NULL, '1', '240422-5', '18.00', '2022-04-24 12:16:52', 1, '1650820612.3367'),
(310, 18, 3, NULL, NULL, NULL, NULL, '1', '240422-6', '42.00', '2022-04-24 12:18:26', 1, '1650820706.4887'),
(311, 21, 3, NULL, NULL, NULL, NULL, '1', '240422-7', '83.00', '2022-04-24 12:19:51', 1, '1650820791.951'),
(312, 8, 3, NULL, NULL, NULL, NULL, '1', '240422-8', '42.00', '2022-04-24 13:05:02', 1, '1650823502.6301'),
(313, 22, 3, NULL, NULL, NULL, NULL, '1', '240422-9', '35.00', '2022-04-24 13:19:20', 1, '1650824360.9636'),
(314, 6, 3, NULL, NULL, NULL, NULL, '1', '240422-10', '89.00', '2022-04-24 13:29:55', 1, '1650824995.0369'),
(315, 21, 3, NULL, NULL, NULL, NULL, '1', '240422-11', '141.00', '2022-04-24 13:47:10', 1, '1650826030.423'),
(316, 23, 3, NULL, NULL, NULL, NULL, '1', '240422-12', '529.00', '2022-04-24 14:03:51', 1, '1650827031.9086'),
(317, 8, 3, NULL, NULL, NULL, NULL, '1', '240422-13', '10.00', '2022-04-24 14:21:43', 1, '1650828103.9467'),
(318, 7, 3, NULL, NULL, NULL, NULL, '1', '240422-14', '104.00', '2022-04-24 14:27:38', 1, '1650828458.5219'),
(319, 20, 3, NULL, NULL, NULL, NULL, '1', '240422-15', '318.00', '2022-04-24 14:39:37', 1, '1650829177.9446'),
(320, 9, 3, NULL, NULL, NULL, NULL, '1', '240422-16', '260.00', '2022-04-24 14:43:35', 1, '1650829415.1549'),
(321, 24, 3, NULL, NULL, NULL, NULL, '1', '240422-17', '10.00', '2022-04-24 14:49:11', 1, '1650829751.491'),
(322, 6, 3, NULL, NULL, NULL, NULL, '1', '260422-1', '28.00', '2022-04-26 12:35:49', 1, '1650994549.3759'),
(323, 6, 3, NULL, NULL, NULL, NULL, '1', '260422-2', '4.00', '2022-04-26 13:18:13', 1, '1650997093.633'),
(324, 7, 3, NULL, NULL, NULL, NULL, '1', '260422-3', '80.00', '2022-04-26 13:33:22', 1, '1650998002.3326'),
(325, 8, 3, NULL, NULL, NULL, NULL, '1', '260422-4', '4.00', '2022-04-26 14:08:15', 1, '1651000095.1313'),
(326, 8, 3, NULL, NULL, NULL, NULL, '1', '260422-5', '104.00', '2022-04-26 16:27:59', 1, '1651008479.011'),
(327, 7, 3, NULL, NULL, NULL, NULL, '1', '260422-6', '32.00', '2022-04-26 18:39:43', 1, '1651016383.7196'),
(328, 7, 3, NULL, NULL, NULL, NULL, '1', '260422-7', '4.00', '2022-04-26 19:26:10', 1, '1651019170.443'),
(329, 7, 3, NULL, NULL, NULL, NULL, '1', '260422-8', '8.00', '2022-04-26 19:34:18', 1, '1651019658.7481'),
(330, 7, 3, NULL, NULL, NULL, NULL, '1', '260422-9', '2.00', '2022-04-26 19:40:10', 1, '1651020010.6473'),
(331, 7, 3, NULL, NULL, NULL, NULL, '1', '260422-10', '32.00', '2022-04-26 20:19:31', 1, '1651022371.1399'),
(332, 8, 3, NULL, NULL, NULL, NULL, '1', '260422-11', '27.00', '2022-04-26 20:19:57', 1, '1651022397.7989'),
(333, 9, 3, NULL, NULL, NULL, NULL, '1', '260422-12', '105.00', '2022-04-26 20:21:35', 1, '1651022495.9262'),
(334, 16, 3, NULL, NULL, NULL, NULL, '1', '260422-13', '2.00', '2022-04-26 20:55:22', 1, '1651024522.8809'),
(335, 16, 3, NULL, NULL, NULL, NULL, '1', '260422-14', '50.00', '2022-04-26 21:03:47', 1, '1651025027.2335'),
(336, 7, 3, NULL, NULL, NULL, NULL, '1', '260422-15', '8.00', '2022-04-26 21:12:17', 1, '1651025537.4766'),
(337, 6, 3, NULL, NULL, NULL, NULL, '1', '270422-1', '135.00', '2022-04-27 12:44:02', 1, '1651081442.249'),
(338, 17, 3, NULL, NULL, NULL, NULL, '1', '270422-2', '20.00', '2022-04-27 12:49:31', 1, '1651081771.4487'),
(339, 19, 3, NULL, NULL, NULL, NULL, '1', '270422-3', '38.00', '2022-04-27 12:58:56', 1, '1651082336.0721'),
(340, 6, 3, NULL, NULL, NULL, NULL, '1', '270422-4', '16.00', '2022-04-27 14:25:16', 1, '1651087516.709'),
(341, 6, 3, NULL, NULL, NULL, NULL, '1', '270422-5', '16.00', '2022-04-27 15:55:46', 1, '1651092946.4672'),
(342, 7, 3, NULL, NULL, NULL, NULL, '1', '270422-6', '27.00', '2022-04-27 16:09:00', 1, '1651093740.7446'),
(343, 6, 3, NULL, NULL, NULL, NULL, '1', '270422-7', '12.00', '2022-04-27 19:35:50', 1, '1651106150.4147'),
(344, 6, 3, NULL, NULL, NULL, NULL, '1', '270422-8', '27.00', '2022-04-27 20:01:22', 1, '1651107682.0857'),
(345, 6, 3, NULL, NULL, NULL, NULL, '1', '270422-9', '8.00', '2022-04-27 20:58:08', 1, '1651111088.1165'),
(346, 6, 3, NULL, NULL, NULL, NULL, '1', '270422-10', '12.00', '2022-04-27 21:35:39', 1, '1651113339.3828'),
(347, 6, 3, NULL, NULL, NULL, NULL, '1', '280422-1', '16.00', '2022-04-28 12:36:17', 1, '1651167377.091'),
(348, 6, 3, NULL, NULL, NULL, NULL, '1', '280422-2', '48.00', '2022-04-28 13:18:15', 1, '1651169895.6007'),
(349, 6, 3, NULL, NULL, NULL, NULL, '1', '280422-3', '353.00', '2022-04-28 15:07:26', 1, '1651176446.5761'),
(350, 6, 3, NULL, NULL, NULL, NULL, '1', '280422-4', '20.00', '2022-04-28 16:17:00', 1, '1651180620.7296'),
(351, 8, 3, NULL, NULL, NULL, NULL, '1', '280422-5', '36.00', '2022-04-28 18:23:48', 1, '1651188228.1428'),
(352, 6, 3, NULL, NULL, NULL, NULL, '1', '280422-6', '18.00', '2022-04-28 18:24:26', 1, '1651188266.3592'),
(353, 6, 3, NULL, NULL, NULL, NULL, '1', '280422-7', '110.00', '2022-04-28 19:16:09', 1, '1651191369.7285'),
(354, 7, 3, NULL, NULL, NULL, NULL, '1', '280422-8', '162.00', '2022-04-28 19:21:56', 1, '1651191716.7261'),
(355, 8, 3, NULL, NULL, NULL, NULL, '1', '280422-9', '8.00', '2022-04-28 20:25:42', 1, '1651195542.6695'),
(356, 8, 3, NULL, NULL, NULL, NULL, '1', '280422-10', '44.00', '2022-04-28 20:50:44', 1, '1651197044.8526'),
(357, 9, 3, NULL, NULL, NULL, NULL, '1', '280422-11', '43.00', '2022-04-28 21:19:39', 1, '1651198779.5173'),
(358, 16, 3, NULL, NULL, NULL, NULL, '1', '280422-12', '191.00', '2022-04-28 21:50:22', 1, '1651200622.9699'),
(359, 6, 3, NULL, NULL, NULL, NULL, '1', '290422-1', '59.00', '2022-04-29 11:56:49', 1, '1651251409.4536'),
(360, 6, 3, NULL, NULL, NULL, NULL, '1', '290422-2', '287.00', '2022-04-29 12:49:25', 1, '1651254565.3861'),
(361, 21, 3, NULL, NULL, NULL, NULL, '1', '290422-3', '95.00', '2022-04-29 13:11:04', 1, '1651255864.4963'),
(362, 7, 3, NULL, NULL, NULL, NULL, '1', '290422-4', '27.00', '2022-04-29 14:06:36', 1, '1651259196.371'),
(363, 17, 3, NULL, NULL, NULL, NULL, '1', '290422-5', '82.00', '2022-04-29 14:26:40', 1, '1651260400.294'),
(364, 6, 3, NULL, NULL, NULL, NULL, '1', '290422-6', '69.00', '2022-04-29 14:51:31', 1, '1651261891.7048'),
(365, 21, 3, NULL, NULL, NULL, NULL, '1', '290422-7', '200.00', '2022-04-29 15:07:01', 1, '1651262821.5412'),
(366, 7, 3, NULL, NULL, NULL, NULL, '1', '290422-8', '92.00', '2022-04-29 15:46:56', 1, '1651265216.1355'),
(367, 6, 3, NULL, NULL, NULL, NULL, '1', '290422-9', '4.00', '2022-04-29 16:24:53', 1, '1651267493.8654'),
(368, 20, 3, NULL, NULL, NULL, NULL, '1', '290422-10', '8.00', '2022-04-29 16:29:07', 1, '1651267747.6358'),
(369, 6, 3, NULL, NULL, NULL, NULL, '1', '290422-11', '4.00', '2022-04-29 16:33:24', 1, '1651268004.1314'),
(370, 6, 3, NULL, NULL, NULL, NULL, '1', '290422-12', '4.00', '2022-04-29 18:18:21', 1, '1651274301.6259'),
(371, 18, 3, NULL, NULL, NULL, NULL, '1', '290422-13', '36.00', '2022-04-29 19:31:23', 1, '1651278683.1274'),
(372, 19, 3, NULL, NULL, NULL, NULL, '1', '290422-14', '16.00', '2022-04-29 19:33:28', 1, '1651278808.6625'),
(373, 21, 3, NULL, NULL, NULL, NULL, '1', '290422-15', '56.00', '2022-04-29 20:05:28', 1, '1651280728.0271'),
(374, 19, 3, NULL, NULL, NULL, NULL, '1', '290422-16', '109.00', '2022-04-29 20:09:08', 1, '1651280948.199'),
(375, 8, 3, NULL, NULL, NULL, NULL, '1', '290422-17', '64.00', '2022-04-29 20:27:36', 1, '1651282056.5623'),
(376, 6, 3, NULL, NULL, NULL, NULL, '1', '290422-18', '23.00', '2022-04-29 20:41:20', 1, '1651282880.521'),
(377, 6, 3, NULL, NULL, NULL, NULL, '1', '290422-19', '22.00', '2022-04-29 21:07:02', 1, '1651284422.2675'),
(378, 6, 3, NULL, NULL, NULL, NULL, '1', '290422-20', '32.00', '2022-04-29 22:05:58', 1, '1651287958.3309'),
(379, 9, 3, NULL, NULL, NULL, NULL, '1', '290422-21', '8.00', '2022-04-29 23:04:52', 1, '1651291492.9806'),
(380, 6, 3, NULL, NULL, NULL, NULL, '1', '300422-1', '62.00', '2022-04-30 12:22:28', 1, '1651339348.888'),
(381, 21, 3, NULL, NULL, NULL, NULL, '1', '300422-2', '85.00', '2022-04-30 13:37:07', 1, '1651343827.0819'),
(382, 6, 3, NULL, NULL, NULL, NULL, '1', '300422-3', '82.00', '2022-04-30 13:51:34', 1, '1651344694.8975'),
(383, 6, 3, NULL, NULL, NULL, NULL, '1', '300422-4', '2.00', '2022-04-30 15:17:36', 1, '1651349856.5099'),
(384, 21, 3, NULL, NULL, NULL, NULL, '1', '300422-5', '16.00', '2022-04-30 15:38:08', 1, '1651351088.1063'),
(385, 20, 3, NULL, NULL, NULL, NULL, '1', '300422-6', '24.00', '2022-04-30 15:40:25', 1, '1651351225.4499'),
(386, 21, 3, NULL, NULL, NULL, NULL, '1', '300422-7', '18.00', '2022-04-30 18:11:20', 1, '1651360280.3015'),
(387, 6, 3, NULL, NULL, NULL, NULL, '1', '300422-8', '16.00', '2022-04-30 18:12:34', 1, '1651360354.7408'),
(388, 7, 3, NULL, NULL, NULL, NULL, '1', '300422-9', '79.00', '2022-04-30 18:25:52', 1, '1651361152.2367'),
(389, 20, 3, NULL, NULL, NULL, NULL, '1', '300422-10', '24.00', '2022-04-30 18:46:41', 1, '1651362401.773'),
(390, 7, 3, NULL, NULL, NULL, NULL, '1', '300422-11', '24.00', '2022-04-30 19:07:12', 1, '1651363632.6599'),
(391, 18, 3, NULL, NULL, NULL, NULL, '1', '300422-12', '108.00', '2022-04-30 19:07:45', 1, '1651363665.0846'),
(392, 22, 3, NULL, NULL, NULL, NULL, '1', '300422-13', '4.00', '2022-04-30 19:18:32', 1, '1651364312.437'),
(393, 21, 3, NULL, NULL, NULL, NULL, '1', '300422-14', '103.00', '2022-04-30 19:19:27', 1, '1651364367.291'),
(394, 22, 3, NULL, NULL, NULL, NULL, '1', '300422-15', '58.00', '2022-04-30 19:31:30', 1, '1651365090.8835'),
(395, 17, 3, NULL, NULL, NULL, NULL, '1', '300422-16', '43.00', '2022-04-30 20:00:08', 1, '1651366808.8564'),
(396, 16, 3, NULL, NULL, NULL, NULL, '1', '300422-17', '161.00', '2022-04-30 20:26:53', 1, '1651368413.3118'),
(397, 21, 3, NULL, NULL, NULL, NULL, '1', '300422-18', '24.00', '2022-04-30 20:38:05', 1, '1651369085.9303'),
(398, 19, 3, NULL, NULL, NULL, NULL, '1', '300422-19', '32.00', '2022-04-30 20:54:30', 1, '1651370070.664'),
(399, 21, 3, NULL, NULL, NULL, NULL, '1', '300422-20', '48.00', '2022-04-30 21:07:19', 1, '1651370839.5472'),
(400, 8, 3, NULL, NULL, NULL, NULL, '1', '300422-21', '54.00', '2022-04-30 21:12:37', 1, '1651371157.0081'),
(401, 22, 3, NULL, NULL, NULL, NULL, '1', '300422-22', '4.00', '2022-04-30 21:13:45', 1, '1651371225.5202'),
(402, 22, 3, NULL, NULL, NULL, NULL, '1', '300422-23', '4.00', '2022-04-30 21:15:25', 1, '1651371325.286'),
(403, 22, 3, NULL, NULL, NULL, NULL, '1', '300422-24', '12.00', '2022-04-30 21:58:00', 1, '1651373880.1587'),
(404, 22, 3, NULL, NULL, NULL, NULL, '1', '300422-25', '32.00', '2022-04-30 22:06:02', 1, '1651374362.0214'),
(405, 7, 3, NULL, NULL, NULL, NULL, '1', '300422-26', '82.00', '2022-04-30 22:25:20', 1, '1651375520.7788'),
(406, 19, 3, NULL, NULL, NULL, NULL, '1', '300422-27', '44.00', '2022-04-30 22:30:51', 1, '1651375851.6311'),
(407, 21, 3, NULL, NULL, NULL, NULL, '1', '300422-28', '64.00', '2022-04-30 22:58:45', 1, '1651377525.4562'),
(408, 20, 3, NULL, NULL, NULL, NULL, '1', '300422-29', '16.00', '2022-04-30 22:59:18', 1, '1651377558.0381'),
(409, 17, 3, NULL, NULL, NULL, NULL, '1', '300422-30', '74.00', '2022-04-30 23:15:25', 1, '1651378525.6505'),
(410, 9, 3, NULL, NULL, NULL, NULL, '1', '300422-31', '24.00', '2022-04-30 23:17:38', 1, '1651378658.352'),
(411, 20, 3, NULL, NULL, NULL, NULL, '1', '300422-32', '8.00', '2022-04-30 23:26:58', 1, '1651379218.8514'),
(412, 20, 3, NULL, NULL, NULL, NULL, '1', '300422-33', '48.00', '2022-04-30 23:45:38', 1, '1651380338.0027'),
(413, 19, 3, NULL, NULL, NULL, NULL, '1', '300422-34', '99.00', '2022-04-30 23:49:19', 1, '1651380559.9458'),
(414, 6, 3, NULL, NULL, NULL, NULL, '1', '300422-35', '12.00', '2022-04-30 23:57:01', 1, '1651381021.4284'),
(415, 21, 3, NULL, NULL, NULL, NULL, '1', '010522-1', '8.00', '2022-05-01 00:27:10', 1, '1651382830.3623'),
(416, 22, 3, NULL, NULL, NULL, NULL, '1', '010522-2', '120.00', '2022-05-01 00:37:03', 1, '1651383423.5869'),
(417, 6, 3, NULL, NULL, NULL, NULL, '1', '010522-3', '32.00', '2022-05-01 00:50:50', 1, '1651384250.9308'),
(418, 0, 3, 3, 'ANONIMO', '', '', '1', '010522-4', '14.00', '2022-05-01 01:03:10', 1, '1651384990.0057'),
(419, 8, 3, NULL, NULL, NULL, NULL, '1', '010522-5', '14.00', '2022-05-01 01:30:28', 1, '1651386628.4891'),
(420, 9, 3, NULL, NULL, NULL, NULL, '1', '010522-6', '48.00', '2022-05-01 01:36:04', 1, '1651386964.261'),
(421, 6, 3, NULL, NULL, NULL, NULL, '1', '010522-7', '4.00', '2022-05-01 13:07:48', 1, '1651428468.9394'),
(422, 6, 3, NULL, NULL, NULL, NULL, '1', '010522-8', '66.00', '2022-05-01 13:17:51', 1, '1651429071.6931'),
(423, 6, 3, NULL, NULL, NULL, NULL, '1', '010522-9', '4.00', '2022-05-01 14:00:00', 1, '1651431600.8685'),
(424, 6, 3, NULL, NULL, NULL, NULL, '1', '010522-10', '39.00', '2022-05-01 14:50:46', 1, '1651434646.521'),
(425, 7, 3, NULL, NULL, NULL, NULL, '1', '010522-11', '65.00', '2022-05-01 15:07:54', 1, '1651435674.5834'),
(426, 6, 3, NULL, NULL, NULL, NULL, '1', '010522-12', '82.00', '2022-05-01 15:23:20', 1, '1651436600.9611'),
(427, 8, 3, NULL, NULL, NULL, NULL, '1', '010522-13', '16.00', '2022-05-01 15:29:54', 1, '1651436994.4716'),
(428, 20, 3, NULL, NULL, NULL, NULL, '1', '010522-14', '91.00', '2022-05-01 15:43:13', 1, '1651437793.5983'),
(429, 17, 3, NULL, NULL, NULL, NULL, '1', '010522-15', '36.00', '2022-05-01 15:50:02', 1, '1651438202.217'),
(430, 9, 3, NULL, NULL, NULL, NULL, '1', '010522-16', '36.00', '2022-05-01 15:55:04', 1, '1651438504.0402'),
(431, 22, 3, NULL, NULL, NULL, NULL, '1', '010522-17', '24.00', '2022-05-01 16:01:27', 1, '1651438887.2432'),
(432, 19, 3, NULL, NULL, NULL, NULL, '1', '010522-18', '63.00', '2022-05-01 16:25:34', 1, '1651440334.0226'),
(433, 20, 3, NULL, NULL, NULL, NULL, '1', '010522-19', '63.00', '2022-05-01 17:12:23', 1, '1651443143.2713'),
(434, 21, 3, NULL, NULL, NULL, NULL, '1', '010522-20', '68.00', '2022-05-01 17:17:09', 1, '1651443429.336'),
(435, 6, 3, NULL, NULL, NULL, NULL, '1', '010522-21', '60.00', '2022-05-01 17:29:50', 1, '1651444190.7341'),
(436, 19, 3, NULL, NULL, NULL, NULL, '1', '010522-22', '26.00', '2022-05-01 17:37:36', 1, '1651444656.0342'),
(437, 22, 3, NULL, NULL, NULL, NULL, '1', '010522-23', '4.00', '2022-05-01 18:01:16', 1, '1651446076.8811'),
(438, 6, 3, NULL, NULL, NULL, NULL, '1', '010522-24', '24.00', '2022-05-01 18:25:34', 1, '1651447534.6885');

-- --------------------------------------------------------

--
-- Table structure for table `comanda_detalle`
--

CREATE TABLE `comanda_detalle` (
  `id_comanda_detalle` int(11) NOT NULL,
  `id_comanda` int(11) NOT NULL,
  `id_producto` int(11) NOT NULL,
  `comanda_detalle_precio` decimal(10,2) NOT NULL,
  `comanda_detalle_cantidad` varchar(100) COLLATE utf8_unicode_ci NOT NULL,
  `comanda_detalle_despacho` varchar(200) COLLATE utf8_unicode_ci NOT NULL,
  `comanda_detalle_total` decimal(10,2) NOT NULL,
  `comanda_detalle_observacion` varchar(500) COLLATE utf8_unicode_ci DEFAULT NULL,
  `comanda_detalle_eliminacion` varchar(200) COLLATE utf8_unicode_ci DEFAULT NULL,
  `comanda_detalle_fecha_eliminacion` datetime DEFAULT NULL,
  `comanda_detalle_fecha_registro` datetime NOT NULL,
  `comanda_detalle_estado` tinyint(4) NOT NULL,
  `comanda_detalle_estado_venta` tinyint(2) NOT NULL DEFAULT '0',
  `comanda_detalle_hora_entrega` time DEFAULT NULL,
  `comanda_detalle_usuario` int(11) DEFAULT NULL,
  `id_usuario` int(11) UNSIGNED DEFAULT NULL
) ENGINE=InnoDB DEFAULT CHARSET=utf8 COLLATE=utf8_unicode_ci;

--
-- Dumping data for table `comanda_detalle`
--

INSERT INTO `comanda_detalle` (`id_comanda_detalle`, `id_comanda`, `id_producto`, `comanda_detalle_precio`, `comanda_detalle_cantidad`, `comanda_detalle_despacho`, `comanda_detalle_total`, `comanda_detalle_observacion`, `comanda_detalle_eliminacion`, `comanda_detalle_fecha_eliminacion`, `comanda_detalle_fecha_registro`, `comanda_detalle_estado`, `comanda_detalle_estado_venta`, `comanda_detalle_hora_entrega`, `comanda_detalle_usuario`, `id_usuario`) VALUES
(1, 1, 3, '15.00', '1', 'SALON', '15.00', '-', NULL, NULL, '2022-04-06 11:05:32', 1, 0, NULL, NULL, 3),
(2, 1, 5, '20.00', '1', 'SALON', '20.00', '-', NULL, NULL, '2022-04-06 11:05:32', 1, 1, NULL, NULL, 3),
(3, 2, 2, '12.00', '1', 'SALON', '12.00', '-', NULL, NULL, '2022-04-06 11:10:05', 1, 1, NULL, NULL, 3),
(4, 2, 10, '35.00', '1', 'SALON', '35.00', '-', NULL, NULL, '2022-04-06 11:10:05', 1, 1, NULL, NULL, 3),
(5, 3, 39, '32.00', '2', 'SALON', '64.00', '-', NULL, NULL, '2022-04-06 13:40:43', 1, 1, NULL, NULL, 3),
(6, 3, 82, '4.00', '4', 'SALON', '16.00', '-', NULL, NULL, '2022-04-06 13:40:43', 1, 1, NULL, NULL, 3),
(7, 3, 13, '30.00', '1', 'SALON', '30.00', '-', NULL, NULL, '2022-04-06 13:40:43', 1, 1, NULL, NULL, 3),
(8, 3, 22, '30.00', '1', 'SALON', '30.00', '-', NULL, NULL, '2022-04-06 13:40:43', 1, 1, NULL, NULL, 3),
(9, 4, 2, '12.00', '1', 'SALON', '12.00', '-', NULL, NULL, '2022-04-06 13:45:12', 1, 1, NULL, NULL, 3),
(10, 4, 82, '4.00', '2', 'SALON', '8.00', '-', NULL, NULL, '2022-04-06 13:45:12', 1, 1, NULL, NULL, 3),
(11, 4, 23, '25.00', '1', 'SALON', '25.00', '-', NULL, NULL, '2022-04-06 13:45:12', 1, 1, NULL, NULL, 3),
(12, 4, 28, '8.00', '2', 'SALON', '16.00', '-', NULL, NULL, '2022-04-06 13:45:12', 1, 1, NULL, NULL, 3),
(13, 5, 3, '15.00', '1', 'SALON', '15.00', '-', NULL, NULL, '2022-04-06 13:47:39', 1, 1, NULL, NULL, 3),
(14, 5, 6, '25.00', '1', 'SALON', '25.00', '-', NULL, NULL, '2022-04-06 13:47:39', 1, 1, NULL, NULL, 3),
(15, 5, 51, '30.00', '1', 'SALON', '30.00', '-', NULL, NULL, '2022-04-06 13:47:39', 1, 1, NULL, NULL, 3),
(16, 5, 82, '4.00', '1', 'SALON', '4.00', '-', NULL, NULL, '2022-04-06 13:54:53', 1, 1, NULL, NULL, 3),
(17, 5, 83, '4.00', '1', 'SALON', '4.00', '-', NULL, NULL, '2022-04-06 13:54:53', 1, 1, NULL, NULL, 3),
(18, 5, 84, '4.00', '1', 'SALON', '4.00', '-', NULL, NULL, '2022-04-06 13:54:53', 1, 1, NULL, NULL, 3),
(19, 5, 28, '8.00', '1', 'SALON', '8.00', '-', NULL, NULL, '2022-04-06 13:54:53', 1, 1, NULL, NULL, 3),
(20, 6, 28, '8.00', '1', 'SALON', '8.00', '-', NULL, NULL, '2022-04-06 14:21:32', 1, 1, NULL, NULL, 3),
(21, 7, 83, '4.00', '1', 'SALON', '4.00', '-', NULL, NULL, '2022-04-06 14:47:01', 1, 1, NULL, NULL, 3),
(22, 8, 3, '15.00', '1', 'SALON', '15.00', '-', NULL, NULL, '2022-04-06 15:54:24', 1, 1, NULL, NULL, 3),
(23, 8, 83, '4.00', '1', 'SALON', '4.00', '-', NULL, NULL, '2022-04-06 15:54:24', 1, 1, NULL, NULL, 3),
(24, 9, 101, '1.50', '1', 'SALON', '1.50', '-', NULL, NULL, '2022-04-06 17:47:00', 1, 1, NULL, NULL, 3),
(25, 10, 30, '10.00', '3', 'SALON', '30.00', '-', NULL, NULL, '2022-04-06 18:52:01', 1, 1, NULL, NULL, 3),
(26, 11, 73, '20.00', '1', 'Delivery', '20.00', '-', NULL, NULL, '2022-04-06 19:13:15', 1, 0, NULL, NULL, 3),
(27, 11, 83, '4.00', '1', 'Delivery', '4.00', '-', NULL, NULL, '2022-04-06 19:13:15', 1, 0, NULL, NULL, 3),
(28, 11, 101, '2.00', '1', 'Delivery', '2.00', '-', NULL, NULL, '2022-04-06 19:13:15', 1, 0, NULL, NULL, 3),
(29, 12, 73, '20.00', '1', 'SALON', '20.00', '-', NULL, NULL, '2022-04-06 19:32:48', 1, 1, NULL, NULL, 3),
(30, 12, 83, '4.00', '1', 'SALON', '4.00', '-', NULL, NULL, '2022-04-06 19:32:48', 1, 1, NULL, NULL, 3),
(31, 12, 101, '2.00', '1', 'SALON', '2.00', '-', NULL, NULL, '2022-04-06 19:32:48', 1, 1, NULL, NULL, 3),
(32, 13, 73, '20.00', '1', 'SALON', '20.00', '-', NULL, NULL, '2022-04-06 20:06:31', 1, 1, NULL, NULL, 3),
(33, 13, 85, '4.00', '1', 'SALON', '4.00', '-', NULL, NULL, '2022-04-06 20:27:26', 1, 1, NULL, NULL, 3),
(34, 14, 83, '4.00', '2', 'SALON', '8.00', '-', NULL, NULL, '2022-04-06 21:07:56', 1, 1, NULL, NULL, 3),
(35, 15, 28, '8.00', '2', 'SALON', '16.00', '-', NULL, NULL, '2022-04-06 21:09:23', 1, 1, NULL, NULL, 3),
(36, 15, 83, '4.00', '2', 'SALON', '8.00', '-', NULL, NULL, '2022-04-06 21:09:23', 1, 1, NULL, NULL, 3),
(37, 15, 103, '2.00', '4', 'SALON', '8.00', '-', NULL, NULL, '2022-04-06 21:09:23', 1, 1, NULL, NULL, 3),
(38, 16, 106, '35.00', '1', 'SALON', '35.00', '-', NULL, NULL, '2022-04-06 21:31:07', 1, 1, NULL, NULL, 3),
(39, 16, 28, '8.00', '2', 'SALON', '16.00', '-', NULL, NULL, '2022-04-06 21:31:07', 1, 1, NULL, NULL, 3),
(40, 17, 74, '20.00', '1', 'SALON', '20.00', '-', NULL, NULL, '2022-04-06 21:42:42', 1, 1, NULL, NULL, 3),
(41, 17, 102, '1.00', '2', 'SALON', '2.00', '-', NULL, NULL, '2022-04-06 21:42:42', 1, 1, NULL, NULL, 3),
(42, 17, 2, '12.00', '1', 'SALON', '12.00', '-', NULL, NULL, '2022-04-06 21:42:42', 1, 1, NULL, NULL, 3),
(43, 18, 28, '8.00', '6', 'SALON', '48.00', '-', NULL, NULL, '2022-04-06 21:46:37', 1, 1, NULL, NULL, 3),
(44, 16, 111, '5.00', '1', 'SALON', '5.00', '-', NULL, NULL, '2022-04-06 22:01:03', 1, 1, NULL, NULL, 3),
(45, 19, 29, '9.00', '3', 'SALON', '27.00', '-', NULL, NULL, '2022-04-07 11:37:31', 1, 1, NULL, NULL, 3),
(46, 19, 45, '45.00', '1', 'SALON', '45.00', '-', NULL, NULL, '2022-04-07 11:37:31', 1, 1, NULL, NULL, 3),
(47, 19, 112, '5.00', '1', 'SALON', '5.00', '-', NULL, NULL, '2022-04-07 12:15:23', 1, 1, NULL, NULL, 3),
(48, 20, 76, '20.00', '1', 'SALON', '20.00', '-', NULL, NULL, '2022-04-07 12:28:42', 1, 1, NULL, NULL, 3),
(49, 20, 10, '35.00', '1', 'SALON', '35.00', '-', NULL, NULL, '2022-04-07 12:28:42', 1, 1, NULL, NULL, 3),
(50, 20, 82, '4.00', '1', 'SALON', '4.00', '-', NULL, NULL, '2022-04-07 12:28:42', 1, 1, NULL, NULL, 3),
(51, 20, 29, '9.00', '8', 'SALON', '72.00', '-', NULL, NULL, '2022-04-07 12:43:24', 1, 1, NULL, NULL, 3),
(52, 21, 73, '20.00', '1', 'SALON', '20.00', '-', NULL, NULL, '2022-04-07 12:59:22', 1, 1, NULL, NULL, 3),
(53, 21, 36, '15.00', '1', 'SALON', '15.00', '-', NULL, NULL, '2022-04-07 12:59:22', 1, 1, NULL, NULL, 3),
(54, 21, 28, '8.00', '2', 'SALON', '16.00', '-', NULL, NULL, '2022-04-07 12:59:22', 1, 1, NULL, NULL, 3),
(55, 20, 85, '4.00', '1', 'SALON', '4.00', '-', NULL, NULL, '2022-04-07 13:10:24', 1, 1, NULL, NULL, 3),
(56, 20, 103, '2.00', '2', 'SALON', '4.00', '-', NULL, NULL, '2022-04-07 14:24:44', 1, 1, NULL, NULL, 3),
(57, 22, 74, '20.00', '1', 'SALON', '20.00', '-', NULL, NULL, '2022-04-07 14:48:43', 1, 1, NULL, NULL, 3),
(58, 22, 85, '4.00', '1', 'SALON', '4.00', '-', NULL, NULL, '2022-04-07 14:48:43', 1, 1, NULL, NULL, 3),
(59, 22, 102, '1.00', '1', 'SALON', '1.00', '-', NULL, NULL, '2022-04-07 15:31:54', 1, 1, NULL, NULL, 3),
(60, 22, 109, '7.00', '1', 'SALON', '7.00', '-', NULL, NULL, '2022-04-07 15:32:19', 1, 1, NULL, NULL, 3),
(61, 23, 28, '8.00', '3', 'SALON', '24.00', '-', NULL, NULL, '2022-04-07 16:37:16', 1, 1, NULL, NULL, 3),
(62, 23, 83, '4.00', '1', 'SALON', '4.00', '-', NULL, NULL, '2022-04-07 16:37:16', 1, 1, NULL, NULL, 3),
(63, 23, 85, '4.00', '1', 'SALON', '4.00', '-', NULL, NULL, '2022-04-07 16:37:16', 1, 1, NULL, NULL, 3),
(64, 24, 2, '12.00', '2', 'SALON', '24.00', '-', NULL, NULL, '2022-04-07 18:02:25', 1, 1, NULL, NULL, 3),
(65, 24, 30, '10.00', '2', 'SALON', '20.00', '-', NULL, NULL, '2022-04-07 18:02:25', 1, 1, NULL, NULL, 3),
(66, 25, 105, '40.00', '1', 'SALON', '40.00', '-', NULL, NULL, '2022-04-07 18:40:11', 1, 1, NULL, NULL, 3),
(67, 25, 29, '9.00', '5', 'SALON', '45.00', '-', NULL, NULL, '2022-04-07 18:40:11', 1, 1, NULL, NULL, 3),
(68, 26, 30, '10.00', '3', 'SALON', '30.00', '-', NULL, NULL, '2022-04-07 18:44:35', 1, 1, NULL, NULL, 3),
(69, 27, 32, '10.00', '13', 'SALON', '130.00', '-', NULL, NULL, '2022-04-07 19:13:20', 1, 1, NULL, NULL, 3),
(70, 28, 30, '10.00', '2', 'SALON', '20.00', '-', NULL, NULL, '2022-04-07 19:40:28', 1, 1, NULL, NULL, 3),
(71, 29, 73, '20.00', '1', 'SALON', '20.00', '-', NULL, NULL, '2022-04-07 19:41:10', 1, 1, NULL, NULL, 3),
(72, 29, 75, '20.00', '1', 'SALON', '20.00', '-', NULL, NULL, '2022-04-07 19:41:10', 1, 1, NULL, NULL, 3),
(73, 29, 82, '4.00', '1', 'SALON', '4.00', '-', NULL, NULL, '2022-04-07 19:41:10', 1, 1, NULL, NULL, 3),
(74, 27, 78, '15.00', '2', 'SALON', '30.00', '-', NULL, NULL, '2022-04-07 20:26:32', 1, 1, NULL, NULL, 3),
(75, 30, 30, '10.00', '2', 'SALON', '20.00', '-', NULL, NULL, '2022-04-07 20:29:44', 1, 1, NULL, NULL, 3),
(76, 29, 82, '4.00', '1', 'SALON', '4.00', '-', NULL, NULL, '2022-04-07 20:46:09', 1, 1, NULL, NULL, 3),
(77, 31, 28, '8.00', '5', 'SALON', '40.00', '-', NULL, NULL, '2022-04-07 20:49:16', 1, 1, NULL, NULL, 3),
(78, 27, 34, '12.00', '1', 'SALON', '12.00', '-', NULL, NULL, '2022-04-07 20:53:35', 1, 1, NULL, NULL, 3),
(79, 30, 85, '4.00', '1', 'SALON', '4.00', '-', NULL, NULL, '2022-04-07 21:04:26', 1, 1, NULL, NULL, 3),
(80, 30, 30, '10.00', '1', 'SALON', '10.00', '-', NULL, NULL, '2022-04-07 21:07:21', 1, 1, NULL, NULL, 3),
(81, 31, 79, '18.00', '1', 'SALON', '18.00', '-', NULL, NULL, '2022-04-07 21:15:26', 1, 1, NULL, NULL, 3),
(82, 32, 78, '15.00', '2', 'SALON', '30.00', '-', NULL, NULL, '2022-04-07 21:40:58', 1, 1, NULL, NULL, 3),
(83, 33, 4, '18.00', '1', 'SALON', '18.00', '-', NULL, NULL, '2022-04-08 12:32:09', 1, 1, NULL, NULL, 3),
(84, 33, 82, '4.00', '1', 'SALON', '4.00', '-', NULL, NULL, '2022-04-08 12:32:09', 1, 1, NULL, NULL, 3),
(85, 34, 29, '9.00', '2', 'SALON', '18.00', '-', NULL, NULL, '2022-04-08 12:56:17', 1, 1, NULL, NULL, 3),
(86, 34, 39, '32.00', '1', 'SALON', '32.00', '-', NULL, NULL, '2022-04-08 13:00:27', 1, 1, NULL, NULL, 3),
(87, 34, 82, '4.00', '1', 'SALON', '4.00', '-', NULL, NULL, '2022-04-08 13:00:27', 1, 1, NULL, NULL, 3),
(88, 35, 13, '30.00', '1', 'SALON', '30.00', '-', NULL, NULL, '2022-04-08 13:16:21', 1, 1, NULL, NULL, 3),
(89, 35, 46, '30.00', '1', 'SALON', '30.00', '-', NULL, NULL, '2022-04-08 13:16:21', 1, 1, NULL, NULL, 3),
(90, 35, 82, '4.00', '1', 'SALON', '4.00', '-', NULL, NULL, '2022-04-08 13:17:48', 1, 1, NULL, NULL, 3),
(91, 35, 83, '4.00', '2', 'SALON', '8.00', '-', NULL, NULL, '2022-04-08 13:17:48', 1, 1, NULL, NULL, 3),
(92, 36, 6, '25.00', '1', 'Delivery', '25.00', '-', NULL, NULL, '2022-04-08 13:19:05', 1, 0, NULL, NULL, 3),
(93, 36, 101, '2.00', '1', 'Delivery', '2.00', '-', NULL, NULL, '2022-04-08 13:19:05', 1, 0, NULL, NULL, 3),
(94, 36, 85, '4.00', '1', 'Delivery', '4.00', '-', NULL, NULL, '2022-04-08 13:19:05', 1, 0, NULL, NULL, 3),
(95, 37, 6, '25.00', '1', 'SALON', '25.00', '-', NULL, NULL, '2022-04-08 13:21:37', 1, 1, NULL, NULL, 3),
(96, 37, 85, '4.00', '1', 'SALON', '4.00', '-', NULL, NULL, '2022-04-08 13:21:37', 1, 1, NULL, NULL, 3),
(97, 37, 101, '2.00', '1', 'SALON', '2.00', '-', NULL, NULL, '2022-04-08 13:21:37', 1, 1, NULL, NULL, 3),
(98, 38, 83, '4.00', '1', 'SALON', '4.00', '-', NULL, NULL, '2022-04-08 13:23:07', 1, 1, NULL, NULL, 3),
(99, 34, 28, '8.00', '13', 'SALON', '104.00', '-', NULL, NULL, '2022-04-08 13:28:44', 1, 1, NULL, NULL, 3),
(100, 39, 23, '25.00', '1', 'SALON', '25.00', '-', NULL, NULL, '2022-04-08 13:36:08', 1, 1, NULL, NULL, 3),
(101, 39, 101, '2.00', '1', 'SALON', '2.00', '-', NULL, NULL, '2022-04-08 13:36:08', 1, 1, NULL, NULL, 3),
(102, 39, 84, '4.00', '1', 'SALON', '4.00', '-', 'eeror al ingresar datod', '2022-04-08 13:39:49', '2022-04-08 13:36:08', 0, 0, NULL, NULL, 3),
(103, 40, 28, '8.00', '2', 'SALON', '16.00', '-', NULL, NULL, '2022-04-08 16:00:19', 1, 1, NULL, NULL, 3),
(104, 41, 83, '4.00', '1', 'SALON', '4.00', '-', NULL, NULL, '2022-04-08 17:23:03', 1, 1, NULL, NULL, 3),
(105, 42, 28, '8.00', '12', 'SALON', '96.00', '-', NULL, NULL, '2022-04-08 17:30:27', 1, 1, NULL, NULL, 3),
(106, 42, 84, '4.00', '5', 'SALON', '20.00', '-', NULL, NULL, '2022-04-08 17:30:27', 1, 1, NULL, NULL, 3),
(107, 43, 28, '8.00', '24', 'SALON', '192.00', '-', NULL, NULL, '2022-04-08 17:38:53', 1, 1, NULL, NULL, 3),
(108, 43, 83, '4.00', '2', 'SALON', '8.00', '-', NULL, NULL, '2022-04-08 17:38:53', 1, 1, NULL, NULL, 3),
(109, 44, 73, '20.00', '1', 'SALON', '20.00', '-', NULL, NULL, '2022-04-08 18:49:01', 1, 1, NULL, NULL, 3),
(110, 44, 81, '20.00', '1', 'SALON', '20.00', '-', NULL, NULL, '2022-04-08 18:49:01', 1, 1, NULL, NULL, 3),
(111, 44, 101, '2.00', '2', 'SALON', '4.00', '-', NULL, NULL, '2022-04-08 18:49:01', 1, 1, NULL, NULL, 3),
(112, 43, 85, '4.00', '1', 'SALON', '4.00', '-', NULL, NULL, '2022-04-08 19:57:46', 1, 1, NULL, NULL, 3),
(113, 42, 28, '8.00', '4', 'SALON', '32.00', '-', NULL, NULL, '2022-04-08 20:37:43', 1, 1, NULL, NULL, 3),
(114, 45, 28, '8.00', '12', 'SALON', '96.00', '-', NULL, NULL, '2022-04-08 20:41:54', 1, 1, NULL, NULL, 3),
(115, 46, 28, '8.00', '2', 'SALON', '16.00', '-', NULL, NULL, '2022-04-08 20:55:43', 1, 1, NULL, NULL, 3),
(116, 46, 84, '4.00', '1', 'SALON', '4.00', '-', NULL, NULL, '2022-04-08 20:55:43', 1, 1, NULL, NULL, 3),
(117, 47, 28, '8.00', '2', 'SALON', '16.00', '-', NULL, NULL, '2022-04-08 21:48:16', 1, 1, NULL, NULL, 3),
(118, 48, 28, '8.00', '2', 'SALON', '16.00', '-', NULL, NULL, '2022-04-08 21:48:33', 1, 1, NULL, NULL, 3),
(119, 49, 6, '25.00', '1', 'SALON', '25.00', '-', NULL, NULL, '2022-04-09 13:22:04', 1, 1, NULL, NULL, 2),
(120, 50, 6, '25.00', '1', 'SALON', '25.00', '-', NULL, NULL, '2022-04-09 13:22:43', 1, 1, NULL, NULL, 2),
(121, 50, 101, '2.00', '1', 'SALON', '2.00', '-', NULL, NULL, '2022-04-09 13:22:43', 1, 1, NULL, NULL, 2),
(122, 51, 6, '25.00', '1', 'SALON', '25.00', '-', NULL, NULL, '2022-04-09 13:27:18', 1, 1, NULL, NULL, 2),
(123, 51, 46, '30.00', '1', 'SALON', '30.00', '-', NULL, NULL, '2022-04-09 13:27:18', 1, 1, NULL, NULL, 2),
(124, 51, 73, '20.00', '1', 'SALON', '20.00', '-', NULL, NULL, '2022-04-09 13:27:18', 1, 1, NULL, NULL, 2),
(125, 49, 110, '3.00', '1', 'SALON', '3.00', '-', NULL, NULL, '2022-04-09 13:42:28', 1, 1, NULL, NULL, 2),
(126, 51, 36, '15.00', '2', 'SALON', '30.00', '-', NULL, NULL, '2022-04-09 13:44:07', 1, 1, NULL, NULL, 2),
(127, 52, 7, '28.00', '1', 'SALON', '28.00', '-', NULL, NULL, '2022-04-09 14:35:10', 1, 1, NULL, NULL, 2),
(128, 52, 76, '20.00', '1', 'SALON', '20.00', '-', NULL, NULL, '2022-04-09 14:35:10', 1, 1, NULL, NULL, 2),
(129, 52, 37, '10.00', '1', 'SALON', '10.00', '-', 'MALA SELECCION DE PRODUCTO', '2022-04-09 14:46:10', '2022-04-09 14:35:10', 0, 0, NULL, NULL, 2),
(130, 52, 85, '4.00', '1', 'SALON', '4.00', '-', NULL, NULL, '2022-04-09 14:35:10', 1, 1, NULL, NULL, 2),
(131, 52, 28, '8.00', '6', 'SALON', '48.00', '-', NULL, NULL, '2022-04-09 14:46:30', 1, 1, NULL, NULL, 2),
(132, 53, 83, '4.00', '1', 'SALON', '4.00', '-', NULL, NULL, '2022-04-09 14:48:42', 1, 1, NULL, NULL, 2),
(133, 54, 34, '12.00', '4', 'SALON', '48.00', '-', NULL, NULL, '2022-04-09 14:50:36', 1, 1, NULL, NULL, 2),
(134, 55, 84, '4.00', '1', 'SALON', '4.00', '-', NULL, NULL, '2022-04-09 14:55:17', 1, 1, NULL, NULL, 2),
(135, 56, 13, '30.00', '2', 'SALON', '60.00', '-', NULL, NULL, '2022-04-09 15:05:33', 1, 1, NULL, NULL, 2),
(136, 56, 72, '15.00', '1', 'SALON', '15.00', '-', NULL, NULL, '2022-04-09 15:05:33', 1, 1, NULL, NULL, 2),
(137, 56, 28, '8.00', '4', 'SALON', '32.00', '-', NULL, NULL, '2022-04-09 15:19:13', 1, 1, NULL, NULL, 2),
(138, 57, 30, '10.00', '6', 'SALON', '60.00', '-', NULL, NULL, '2022-04-09 15:19:53', 1, 1, NULL, NULL, 2),
(139, 57, 34, '12.00', '1', 'SALON', '12.00', '-', NULL, NULL, '2022-04-09 15:19:53', 1, 1, NULL, NULL, 2),
(140, 57, 39, '32.00', '1', 'SALON', '32.00', '-', NULL, NULL, '2022-04-09 15:22:47', 1, 1, NULL, NULL, 2),
(141, 57, 13, '30.00', '1', 'SALON', '30.00', '-', NULL, NULL, '2022-04-09 15:22:47', 1, 1, NULL, NULL, 2),
(142, 57, 74, '20.00', '1', 'SALON', '20.00', '-', NULL, NULL, '2022-04-09 15:22:47', 1, 1, NULL, NULL, 2),
(143, 57, 36, '15.00', '1', 'SALON', '15.00', '-', NULL, NULL, '2022-04-09 15:22:47', 1, 1, NULL, NULL, 2),
(144, 57, 85, '4.00', '1', 'SALON', '4.00', '-', NULL, NULL, '2022-04-09 15:22:47', 1, 1, NULL, NULL, 2),
(145, 57, 86, '20.00', '1', 'SALON', '20.00', '-', NULL, NULL, '2022-04-09 15:23:58', 1, 1, NULL, NULL, 2),
(146, 56, 53, '35.00', '1', 'SALON', '35.00', '-', NULL, NULL, '2022-04-09 15:34:53', 1, 1, NULL, NULL, 2),
(147, 57, 86, '20.00', '1', 'SALON', '20.00', '-', NULL, NULL, '2022-04-09 15:37:02', 1, 1, NULL, NULL, 2),
(148, 58, 2, '12.00', '1', 'SALON', '12.00', '-', NULL, NULL, '2022-04-09 15:50:21', 1, 1, NULL, NULL, 2),
(149, 58, 102, '1.00', '1', 'SALON', '1.00', '-', NULL, NULL, '2022-04-09 15:50:21', 1, 1, NULL, NULL, 2),
(150, 57, 101, '2.00', '1', 'SALON', '2.00', '-', NULL, NULL, '2022-04-09 15:54:48', 1, 1, NULL, NULL, 2),
(151, 59, 36, '15.00', '1', 'SALON', '15.00', '-', NULL, NULL, '2022-04-09 16:41:56', 1, 1, NULL, NULL, 2),
(152, 60, 84, '4.00', '2', 'SALON', '8.00', '-', NULL, NULL, '2022-04-09 16:57:22', 1, 1, NULL, NULL, 2),
(153, 60, 82, '4.00', '1', 'SALON', '4.00', '-', NULL, NULL, '2022-04-09 16:57:22', 1, 1, NULL, NULL, 2),
(154, 52, 103, '2.00', '8', 'SALON', '16.00', '-', NULL, NULL, '2022-04-09 17:05:37', 1, 1, NULL, NULL, 2),
(155, 61, 28, '8.00', '2', 'SALON', '16.00', '-', NULL, NULL, '2022-04-09 18:05:52', 1, 1, NULL, NULL, 2),
(156, 62, 28, '8.00', '3', 'SALON', '24.00', '-', NULL, NULL, '2022-04-09 18:23:59', 1, 1, NULL, NULL, 2),
(157, 63, 2, '12.00', '2', 'SALON', '24.00', '-', NULL, NULL, '2022-04-09 18:25:32', 1, 1, NULL, NULL, 2),
(158, 63, 102, '1.00', '2', 'SALON', '2.00', '-', NULL, NULL, '2022-04-09 18:25:32', 1, 1, NULL, NULL, 2),
(159, 52, 83, '4.00', '1', 'SALON', '4.00', '-', NULL, NULL, '2022-04-09 18:31:09', 1, 1, NULL, NULL, 2),
(160, 52, 28, '8.00', '4', 'SALON', '32.00', '-', NULL, NULL, '2022-04-09 18:39:04', 1, 1, NULL, NULL, 2),
(161, 52, 85, '4.00', '2', 'SALON', '8.00', '-', NULL, NULL, '2022-04-09 18:39:04', 1, 1, NULL, NULL, 2),
(162, 64, 82, '4.00', '1', 'SALON', '4.00', '-', NULL, NULL, '2022-04-09 18:54:50', 1, 1, NULL, NULL, 2),
(163, 65, 28, '8.00', '4', 'SALON', '32.00', '-', NULL, NULL, '2022-04-09 19:28:44', 1, 1, NULL, NULL, 3),
(164, 65, 85, '4.00', '1', 'SALON', '4.00', '-', NULL, NULL, '2022-04-09 19:28:44', 1, 1, NULL, NULL, 3),
(165, 66, 30, '10.00', '1', 'SALON', '10.00', '-', NULL, NULL, '2022-04-09 19:35:48', 1, 1, NULL, NULL, 3),
(166, 67, 28, '8.00', '4', 'SALON', '32.00', '-', NULL, NULL, '2022-04-09 19:39:55', 1, 1, NULL, NULL, 3),
(167, 65, 103, '2.00', '1', 'SALON', '2.00', '-', NULL, NULL, '2022-04-09 19:50:28', 1, 1, NULL, NULL, 3),
(168, 68, 30, '10.00', '1', 'SALON', '10.00', '-', NULL, NULL, '2022-04-09 19:53:31', 1, 1, NULL, NULL, 3),
(169, 69, 75, '20.00', '1', 'SALON', '20.00', '-', NULL, NULL, '2022-04-09 20:09:32', 1, 1, NULL, NULL, 3),
(170, 69, 101, '2.00', '1', 'SALON', '2.00', '-', NULL, NULL, '2022-04-09 20:09:32', 1, 1, NULL, NULL, 3),
(171, 65, 61, '35.00', '1', 'SALON', '35.00', '-', NULL, NULL, '2022-04-09 20:10:58', 1, 1, NULL, NULL, 3),
(172, 70, 28, '8.00', '3', 'SALON', '24.00', '-', NULL, NULL, '2022-04-09 20:34:12', 1, 1, NULL, NULL, 3),
(173, 70, 12, '40.00', '1', 'SALON', '40.00', '-', NULL, NULL, '2022-04-09 20:40:00', 1, 1, NULL, NULL, 3),
(174, 71, 28, '8.00', '6', 'SALON', '48.00', '-', NULL, NULL, '2022-04-09 20:59:59', 1, 1, NULL, NULL, 3),
(175, 71, 103, '2.00', '2', 'SALON', '4.00', '-', NULL, NULL, '2022-04-09 20:59:59', 1, 1, NULL, NULL, 3),
(176, 71, 83, '4.00', '1', 'SALON', '4.00', '-', NULL, NULL, '2022-04-09 21:04:51', 1, 1, NULL, NULL, 3),
(177, 72, 28, '8.00', '3', 'SALON', '24.00', '-', NULL, NULL, '2022-04-09 21:19:08', 1, 1, NULL, NULL, 3),
(178, 72, 83, '4.00', '1', 'SALON', '4.00', '-', NULL, NULL, '2022-04-09 21:19:08', 1, 1, NULL, NULL, 3),
(179, 72, 85, '4.00', '1', 'SALON', '4.00', '-', NULL, NULL, '2022-04-09 21:19:08', 1, 1, NULL, NULL, 3),
(180, 73, 82, '4.00', '1', 'SALON', '4.00', '-', NULL, NULL, '2022-04-09 21:23:03', 1, 1, NULL, NULL, 3),
(181, 74, 28, '8.00', '1', 'SALON', '8.00', '-', NULL, NULL, '2022-04-09 21:40:17', 1, 1, NULL, NULL, 3),
(182, 75, 28, '8.00', '3', 'SALON', '24.00', '-', NULL, NULL, '2022-04-09 21:47:28', 1, 1, NULL, NULL, 3),
(183, 75, 103, '2.00', '6', 'SALON', '12.00', '-', NULL, NULL, '2022-04-09 21:47:57', 1, 1, NULL, NULL, 3),
(184, 76, 28, '8.00', '1', 'SALON', '8.00', '-', NULL, NULL, '2022-04-09 21:48:46', 1, 1, NULL, NULL, 3),
(185, 76, 82, '4.00', '1', 'SALON', '4.00', '-', NULL, NULL, '2022-04-09 21:48:46', 1, 1, NULL, NULL, 3),
(186, 71, 103, '2.00', '2', 'SALON', '4.00', '-', NULL, NULL, '2022-04-09 21:57:06', 1, 1, NULL, NULL, 3),
(187, 67, 84, '4.00', '2', 'SALON', '8.00', '-', NULL, NULL, '2022-04-09 22:12:59', 1, 1, NULL, NULL, 3),
(188, 67, 37, '10.00', '3', 'SALON', '30.00', '-', NULL, NULL, '2022-04-09 22:14:47', 1, 1, NULL, NULL, 3),
(189, 77, 2, '12.00', '1', 'SALON', '12.00', '-', NULL, NULL, '2022-04-09 22:15:52', 1, 1, NULL, NULL, 3),
(190, 77, 82, '4.00', '1', 'SALON', '4.00', '-', NULL, NULL, '2022-04-09 22:15:52', 1, 1, NULL, NULL, 3),
(191, 76, 37, '10.00', '1', 'SALON', '10.00', '-', NULL, NULL, '2022-04-09 22:26:36', 1, 1, NULL, NULL, 3),
(192, 75, 37, '10.00', '3', 'SALON', '30.00', '-', NULL, NULL, '2022-04-09 22:30:52', 1, 1, NULL, NULL, 3),
(193, 78, 73, '20.00', '1', 'SALON', '20.00', '-', 'no pudo procesar el pedido', '2022-04-10 01:27:37', '2022-04-09 22:33:12', 0, 0, NULL, NULL, 3),
(194, 78, 74, '20.00', '1', 'SALON', '20.00', '-', 'no pudo procesar el pedido', '2022-04-10 01:27:17', '2022-04-09 22:33:12', 0, 0, NULL, NULL, 3),
(195, 75, 85, '4.00', '3', 'SALON', '12.00', '-', NULL, NULL, '2022-04-09 22:51:27', 1, 1, NULL, NULL, 3),
(196, 76, 85, '4.00', '1', 'SALON', '4.00', '-', NULL, NULL, '2022-04-09 22:52:25', 1, 1, NULL, NULL, 3),
(197, 79, 28, '8.00', '8', 'SALON', '64.00', '-', NULL, NULL, '2022-04-09 23:30:32', 1, 1, NULL, NULL, 3),
(198, 80, 79, '18.00', '1', 'SALON', '18.00', '-', NULL, NULL, '2022-04-09 23:36:15', 1, 1, NULL, NULL, 3),
(199, 80, 80, '15.00', '1', 'SALON', '15.00', '-', NULL, NULL, '2022-04-09 23:36:15', 1, 1, NULL, NULL, 3),
(200, 80, 34, '12.00', '4', 'SALON', '48.00', '-', NULL, NULL, '2022-04-09 23:37:28', 1, 1, NULL, NULL, 3),
(201, 81, 28, '8.00', '9', 'SALON', '72.00', '-', NULL, NULL, '2022-04-09 23:47:31', 1, 1, NULL, NULL, 3),
(202, 82, 103, '2.00', '3', 'SALON', '6.00', '-', NULL, NULL, '2022-04-09 23:49:41', 1, 1, NULL, NULL, 3),
(203, 83, 28, '8.00', '2', 'SALON', '16.00', '-', NULL, NULL, '2022-04-10 00:31:42', 1, 1, NULL, NULL, 3),
(204, 84, 28, '8.00', '1', 'SALON', '8.00', '-', NULL, NULL, '2022-04-10 00:46:29', 1, 1, NULL, NULL, 3),
(205, 84, 103, '2.00', '1', 'SALON', '2.00', '-', NULL, NULL, '2022-04-10 00:46:29', 1, 1, NULL, NULL, 3),
(206, 85, 28, '8.00', '2', 'SALON', '16.00', '-', NULL, NULL, '2022-04-10 01:04:52', 1, 1, NULL, NULL, 3),
(207, 86, 28, '8.00', '3', 'SALON', '24.00', '-', NULL, NULL, '2022-04-10 01:09:22', 1, 1, NULL, NULL, 3),
(208, 87, 28, '8.00', '1', 'SALON', '8.00', '-', NULL, NULL, '2022-04-10 01:39:02', 1, 1, NULL, NULL, 3),
(209, 87, 103, '2.00', '1', 'SALON', '2.00', '-', NULL, NULL, '2022-04-10 01:39:02', 1, 1, NULL, NULL, 3),
(210, 88, 28, '8.00', '1', 'SALON', '8.00', '-', NULL, NULL, '2022-04-10 02:02:31', 1, 1, NULL, NULL, 3),
(211, 89, 46, '30.00', '1', 'SALON', '30.00', '-', NULL, NULL, '2022-04-10 11:59:38', 1, 1, NULL, NULL, 3),
(212, 89, 101, '2.00', '1', 'SALON', '2.00', '-', NULL, NULL, '2022-04-10 11:59:38', 1, 1, NULL, NULL, 3),
(213, 90, 6, '25.00', '1', 'SALON', '25.00', '-', NULL, NULL, '2022-04-10 12:18:30', 1, 1, NULL, NULL, 3),
(214, 90, 83, '4.00', '1', 'SALON', '4.00', '-', NULL, NULL, '2022-04-10 12:18:30', 1, 1, NULL, NULL, 3),
(215, 91, 68, '5.00', '1', 'SALON', '5.00', '-', NULL, NULL, '2022-04-10 12:55:25', 1, 1, NULL, NULL, 3),
(216, 91, 70, '7.00', '1', 'SALON', '7.00', '-', NULL, NULL, '2022-04-10 12:55:25', 1, 1, NULL, NULL, 3),
(217, 91, 61, '35.00', '1', 'SALON', '35.00', '-', NULL, NULL, '2022-04-10 12:55:25', 1, 1, NULL, NULL, 3),
(218, 91, 109, '7.00', '1', 'SALON', '7.00', '-', NULL, NULL, '2022-04-10 12:55:25', 1, 1, NULL, NULL, 3),
(219, 92, 28, '8.00', '1', 'SALON', '8.00', '-', NULL, NULL, '2022-04-10 13:21:03', 1, 1, NULL, NULL, 3),
(220, 93, 5, '20.00', '1', 'SALON', '20.00', '-', NULL, NULL, '2022-04-10 13:29:28', 1, 1, NULL, NULL, 3),
(221, 93, 109, '7.00', '1', 'SALON', '7.00', '-', 'NO DESEA EL PRODUCTO', '2022-04-10 13:44:43', '2022-04-10 13:29:28', 0, 0, NULL, NULL, 3),
(222, 93, 39, '35.00', '1', 'SALON', '35.00', '-', NULL, NULL, '2022-04-10 13:29:28', 1, 1, NULL, NULL, 3),
(223, 94, 79, '18.00', '1', 'SALON', '18.00', '-', NULL, NULL, '2022-04-10 13:30:29', 1, 1, NULL, NULL, 3),
(224, 94, 68, '5.00', '1', 'SALON', '5.00', '-', 'NO DESEA EL PRODUCTO\n', '2022-04-10 14:10:31', '2022-04-10 13:30:29', 0, 0, NULL, NULL, 3),
(225, 94, 109, '7.00', '1', 'SALON', '7.00', '-', 'NO HAY EL PRODUCTO', '2022-04-10 13:46:11', '2022-04-10 13:30:29', 0, 0, NULL, NULL, 3),
(226, 95, 51, '30.00', '1', 'SALON', '30.00', '-', NULL, NULL, '2022-04-10 13:31:22', 1, 1, NULL, NULL, 3),
(227, 95, 10, '35.00', '1', 'SALON', '35.00', '-', NULL, NULL, '2022-04-10 13:31:22', 1, 1, NULL, NULL, 3),
(228, 95, 68, '5.00', '1', 'SALON', '5.00', '-', NULL, NULL, '2022-04-10 13:31:22', 1, 1, NULL, NULL, 3),
(229, 95, 36, '15.00', '1', 'SALON', '15.00', '-', 'NO HAY EL PRODUCTO', '2022-04-10 13:45:17', '2022-04-10 13:31:22', 0, 0, NULL, NULL, 3),
(230, 93, 82, '4.00', '2', 'SALON', '8.00', '-', NULL, NULL, '2022-04-10 13:43:52', 1, 1, NULL, NULL, 3),
(231, 92, 85, '4.00', '1', 'SALON', '4.00', '-', NULL, NULL, '2022-04-10 13:47:35', 1, 1, NULL, NULL, 3),
(232, 96, 28, '8.00', '2', 'SALON', '16.00', '-', NULL, NULL, '2022-04-10 13:54:35', 1, 1, NULL, NULL, 3),
(233, 97, 51, '30.00', '1', 'SALON', '30.00', '-', NULL, NULL, '2022-04-10 13:55:17', 1, 1, NULL, NULL, 3),
(234, 97, 82, '4.00', '1', 'SALON', '4.00', '-', NULL, NULL, '2022-04-10 13:55:17', 1, 1, NULL, NULL, 3),
(235, 96, 83, '4.00', '1', 'SALON', '4.00', '-', NULL, NULL, '2022-04-10 13:57:56', 1, 1, NULL, NULL, 3),
(236, 98, 6, '25.00', '1', 'SALON', '25.00', '-', NULL, NULL, '2022-04-10 14:08:06', 1, 1, NULL, NULL, 3),
(237, 98, 10, '35.00', '1', 'SALON', '35.00', '-', NULL, NULL, '2022-04-10 14:08:06', 1, 1, NULL, NULL, 3),
(238, 98, 66, '5.00', '1', 'SALON', '5.00', '-', NULL, NULL, '2022-04-10 14:08:06', 1, 1, NULL, NULL, 3),
(239, 98, 82, '4.00', '2', 'SALON', '8.00', '-', NULL, NULL, '2022-04-10 14:08:06', 1, 1, NULL, NULL, 3),
(240, 99, 10, '35.00', '1', 'SALON', '35.00', '-', NULL, NULL, '2022-04-10 14:09:40', 1, 1, NULL, NULL, 3),
(241, 99, 6, '25.00', '1', 'SALON', '25.00', '-', NULL, NULL, '2022-04-10 14:09:40', 1, 1, NULL, NULL, 3),
(242, 99, 12, '40.00', '1', 'SALON', '40.00', '-', NULL, NULL, '2022-04-10 14:09:40', 1, 1, NULL, NULL, 3),
(243, 99, 85, '4.00', '2', 'SALON', '8.00', '-', NULL, NULL, '2022-04-10 14:09:40', 1, 1, NULL, NULL, 3),
(244, 99, 83, '4.00', '1', 'SALON', '4.00', '-', NULL, NULL, '2022-04-10 14:09:40', 1, 1, NULL, NULL, 3),
(245, 94, 65, '5.00', '1', 'SALON', '5.00', '-', NULL, NULL, '2022-04-10 14:10:53', 1, 1, NULL, NULL, 3),
(246, 100, 19, '35.00', '1', 'SALON', '35.00', '-', NULL, NULL, '2022-04-10 14:24:42', 1, 1, NULL, NULL, 3),
(247, 100, 16, '30.00', '1', 'SALON', '30.00', '-', NULL, NULL, '2022-04-10 14:24:42', 1, 1, NULL, NULL, 3),
(248, 100, 13, '30.00', '1', 'SALON', '30.00', '-', NULL, NULL, '2022-04-10 14:24:42', 1, 1, NULL, NULL, 3),
(249, 100, 13, '30.00', '1', 'SALON', '30.00', '-', NULL, NULL, '2022-04-10 14:24:42', 1, 1, NULL, NULL, 3),
(250, 100, 10, '35.00', '2', 'SALON', '70.00', '-', NULL, NULL, '2022-04-10 14:24:42', 1, 1, NULL, NULL, 3),
(251, 100, 82, '4.00', '5', 'SALON', '20.00', '-', NULL, NULL, '2022-04-10 14:24:42', 1, 1, NULL, NULL, 3),
(252, 100, 75, '23.00', '1', 'SALON', '23.00', '-', NULL, NULL, '2022-04-10 14:24:42', 1, 1, NULL, NULL, 3),
(253, 100, 76, '23.00', '2', 'SALON', '46.00', '-', NULL, NULL, '2022-04-10 14:27:25', 1, 1, NULL, NULL, 3),
(254, 100, 85, '4.00', '6', 'SALON', '24.00', '-', NULL, NULL, '2022-04-10 14:31:22', 1, 1, NULL, NULL, 3),
(255, 100, 37, '10.00', '14', 'SALON', '140.00', '-', NULL, NULL, '2022-04-10 14:32:12', 1, 1, NULL, NULL, 3),
(256, 94, 109, '7.00', '1', 'SALON', '7.00', '-', NULL, NULL, '2022-04-10 14:37:57', 1, 1, NULL, NULL, 3),
(257, 101, 37, '10.00', '1', 'SALON', '10.00', '-', NULL, NULL, '2022-04-10 14:39:16', 1, 1, NULL, NULL, 3),
(258, 100, 36, '15.00', '1', 'SALON', '15.00', '-', NULL, NULL, '2022-04-10 14:42:14', 1, 1, NULL, NULL, 3),
(259, 102, 37, '10.00', '4', 'SALON', '40.00', '-', NULL, NULL, '2022-04-10 14:44:25', 1, 1, NULL, NULL, 3),
(260, 100, 36, '15.00', '1', 'SALON', '15.00', '-', 'NO DESEA', '2022-04-10 14:46:32', '2022-04-10 14:45:35', 0, 0, NULL, NULL, 3),
(261, 103, 37, '10.00', '12', 'SALON', '120.00', '-', NULL, NULL, '2022-04-10 14:48:22', 1, 1, NULL, NULL, 3),
(262, 102, 6, '25.00', '1', 'SALON', '25.00', '-', NULL, NULL, '2022-04-10 14:49:29', 1, 1, NULL, NULL, 3),
(263, 102, 61, '35.00', '1', 'SALON', '35.00', '-', NULL, NULL, '2022-04-10 14:49:29', 1, 1, NULL, NULL, 3),
(264, 103, 85, '4.00', '7', 'SALON', '28.00', '-', NULL, NULL, '2022-04-10 14:50:59', 1, 1, NULL, NULL, 3),
(265, 103, 82, '4.00', '3', 'SALON', '12.00', '-', NULL, NULL, '2022-04-10 14:50:59', 1, 1, NULL, NULL, 3),
(266, 104, 18, '40.00', '1', 'SALON', '40.00', '-', 'ERROR AL COBRAR', '2022-04-10 21:23:13', '2022-04-10 14:52:49', 0, 0, NULL, NULL, 3),
(267, 104, 13, '30.00', '1', 'SALON', '30.00', '-', NULL, NULL, '2022-04-10 14:52:49', 1, 1, NULL, NULL, 3),
(268, 104, 13, '30.00', '1', 'SALON', '30.00', '-', NULL, NULL, '2022-04-10 14:53:20', 1, 1, NULL, NULL, 3),
(269, 103, 7, '28.00', '1', 'SALON', '28.00', '-', NULL, NULL, '2022-04-10 14:54:31', 1, 1, NULL, NULL, 3),
(270, 103, 61, '35.00', '1', 'SALON', '35.00', '-', NULL, NULL, '2022-04-10 14:54:31', 1, 1, NULL, NULL, 3),
(271, 102, 73, '23.00', '1', 'SALON', '23.00', '-', NULL, NULL, '2022-04-10 14:55:01', 1, 1, NULL, NULL, 3),
(272, 105, 11, '35.00', '1', 'SALON', '35.00', '-', NULL, NULL, '2022-04-10 15:00:28', 1, 1, NULL, NULL, 3),
(273, 105, 6, '25.00', '1', 'SALON', '25.00', '-', NULL, NULL, '2022-04-10 15:00:28', 1, 1, NULL, NULL, 3),
(274, 105, 83, '4.00', '1', 'SALON', '4.00', '-', NULL, NULL, '2022-04-10 15:00:28', 1, 1, NULL, NULL, 3),
(275, 100, 46, '30.00', '1', 'SALON', '30.00', '-', NULL, NULL, '2022-04-10 15:04:56', 1, 1, NULL, NULL, 3),
(276, 100, 10, '35.00', '1', 'SALON', '35.00', '-', NULL, NULL, '2022-04-10 15:05:29', 1, 1, NULL, NULL, 3),
(277, 105, 37, '10.00', '2', 'SALON', '20.00', '-', NULL, NULL, '2022-04-10 15:07:47', 1, 1, NULL, NULL, 3),
(278, 104, 37, '10.00', '7', 'SALON', '70.00', '-', 'MALA SEÑAL\n', '2022-04-10 21:24:53', '2022-04-10 15:17:48', 0, 0, NULL, NULL, 3),
(279, 106, 53, '35.00', '1', 'SALON', '35.00', '-', NULL, NULL, '2022-04-10 15:19:29', 1, 1, NULL, NULL, 3),
(280, 106, 83, '4.00', '1', 'SALON', '4.00', '-', NULL, NULL, '2022-04-10 15:19:29', 1, 1, NULL, NULL, 3),
(281, 100, 74, '23.00', '1', 'SALON', '23.00', '-', NULL, NULL, '2022-04-10 15:23:54', 1, 1, NULL, NULL, 3),
(282, 100, 101, '2.00', '1', 'SALON', '2.00', '-', NULL, NULL, '2022-04-10 15:23:54', 1, 1, NULL, NULL, 3),
(283, 107, 12, '40.00', '1', 'SALON', '40.00', '-', 'NO DESEA', '2022-04-10 15:27:01', '2022-04-10 15:26:28', 0, 0, NULL, NULL, 3),
(284, 107, 85, '4.00', '2', 'SALON', '8.00', '-', NULL, NULL, '2022-04-10 15:26:28', 1, 1, NULL, NULL, 3),
(285, 107, 64, '40.00', '1', 'SALON', '40.00', '-', 'NO HAY EL PRODUCTO', '2022-04-10 15:44:54', '2022-04-10 15:27:27', 0, 0, NULL, NULL, 3),
(286, 102, 111, '5.00', '1', 'SALON', '5.00', '-', NULL, NULL, '2022-04-10 15:32:36', 1, 1, NULL, NULL, 3),
(287, 102, 83, '4.00', '2', 'SALON', '8.00', '-', NULL, NULL, '2022-04-10 15:38:16', 1, 1, NULL, NULL, 3),
(288, 108, 19, '35.00', '1', 'SALON', '35.00', '-', 'NO HAY EL PRODUCTO\n', '2022-04-10 16:09:56', '2022-04-10 15:41:17', 0, 0, NULL, NULL, 3),
(289, 107, 73, '23.00', '1', 'SALON', '23.00', '-', NULL, NULL, '2022-04-10 15:50:17', 1, 1, NULL, NULL, 3),
(290, 107, 65, '5.00', '1', 'SALON', '5.00', '-', NULL, NULL, '2022-04-10 15:50:17', 1, 1, NULL, NULL, 3),
(291, 109, 13, '30.00', '1', 'SALON', '30.00', '-', 'NO DESEA', '2022-04-10 16:03:59', '2022-04-10 15:57:58', 0, 0, NULL, NULL, 3),
(292, 109, 83, '4.00', '1', 'SALON', '4.00', '-', NULL, NULL, '2022-04-10 15:57:58', 1, 1, NULL, NULL, 3),
(293, 109, 82, '4.00', '1', 'SALON', '4.00', '-', NULL, NULL, '2022-04-10 15:57:58', 1, 1, NULL, NULL, 3),
(294, 109, 72, '15.00', '1', 'SALON', '15.00', '-', 'NO DESEA', '2022-04-10 16:04:28', '2022-04-10 15:57:58', 0, 0, NULL, NULL, 3),
(295, 109, 52, '30.00', '1', 'SALON', '30.00', '-', NULL, NULL, '2022-04-10 16:04:38', 1, 1, NULL, NULL, 3),
(296, 110, 85, '4.00', '1', 'SALON', '4.00', '-', NULL, NULL, '2022-04-10 16:05:31', 1, 1, NULL, NULL, 3),
(297, 111, 37, '10.00', '1', 'SALON', '10.00', '-', NULL, NULL, '2022-04-10 16:06:55', 1, 1, NULL, NULL, 3),
(298, 109, 73, '23.00', '1', 'SALON', '23.00', '-', NULL, NULL, '2022-04-10 16:08:45', 1, 1, NULL, NULL, 3),
(299, 108, 20, '35.00', '1', 'SALON', '35.00', '-', NULL, NULL, '2022-04-10 16:09:32', 1, 1, NULL, NULL, 3),
(300, 108, 82, '4.00', '2', 'SALON', '8.00', '-', NULL, NULL, '2022-04-10 16:12:09', 1, 1, NULL, NULL, 3),
(301, 102, 86, '20.00', '1', 'SALON', '20.00', '-', NULL, NULL, '2022-04-10 16:20:34', 1, 1, NULL, NULL, 3),
(302, 107, 65, '5.00', '1', 'SALON', '5.00', '-', NULL, NULL, '2022-04-10 16:31:53', 1, 1, NULL, NULL, 3),
(303, 112, 114, '12.00', '4', 'SALON', '48.00', '-', NULL, NULL, '2022-04-10 16:32:35', 1, 1, NULL, NULL, 3),
(304, 107, 83, '4.00', '1', 'SALON', '4.00', '-', NULL, NULL, '2022-04-10 16:53:11', 1, 1, NULL, NULL, 3),
(305, 113, 37, '10.00', '1', 'SALON', '10.00', '-', NULL, NULL, '2022-04-10 17:03:31', 1, 1, NULL, NULL, 3),
(306, 103, 73, '23.00', '1', 'SALON', '23.00', '-', NULL, NULL, '2022-04-10 17:11:11', 1, 1, NULL, NULL, 3),
(307, 103, 46, '30.00', '1', 'SALON', '30.00', '-', NULL, NULL, '2022-04-10 17:11:11', 1, 1, NULL, NULL, 3),
(308, 103, 83, '4.00', '1', 'SALON', '4.00', '-', NULL, NULL, '2022-04-10 17:11:59', 1, 1, NULL, NULL, 3),
(309, 114, 103, '2.00', '3', 'SALON', '6.00', '-', NULL, NULL, '2022-04-10 17:24:24', 1, 1, NULL, NULL, 3),
(310, 114, 83, '4.00', '4', 'SALON', '16.00', '-', NULL, NULL, '2022-04-10 17:26:42', 1, 1, NULL, NULL, 3),
(311, 115, 115, '12.00', '6', 'SALON', '72.00', '-', NULL, NULL, '2022-04-10 17:45:40', 1, 1, NULL, NULL, 3),
(312, 115, 103, '2.00', '2', 'SALON', '4.00', '-', NULL, NULL, '2022-04-10 18:05:23', 1, 1, NULL, NULL, 3),
(313, 116, 37, '10.00', '3', 'SALON', '30.00', '-', NULL, NULL, '2022-04-10 18:07:19', 1, 1, NULL, NULL, 3),
(314, 102, 37, '10.00', '3', 'SALON', '30.00', '-', NULL, NULL, '2022-04-10 18:31:57', 1, 1, NULL, NULL, 3),
(315, 102, 37, '10.00', '3', 'SALON', '30.00', '-', NULL, NULL, '2022-04-10 18:35:00', 1, 1, NULL, NULL, 3),
(316, 102, 37, '10.00', '10', 'SALON', '100.00', '-', NULL, NULL, '2022-04-10 18:36:30', 1, 1, NULL, NULL, 3),
(317, 117, 103, '2.00', '1', 'SALON', '2.00', '-', NULL, NULL, '2022-04-10 18:46:00', 1, 1, NULL, NULL, 3),
(318, 118, 85, '4.00', '1', 'SALON', '4.00', '-', NULL, NULL, '2022-04-10 19:02:17', 1, 1, NULL, NULL, 3),
(319, 119, 37, '10.00', '3', 'SALON', '30.00', '-', NULL, NULL, '2022-04-10 19:44:56', 1, 1, NULL, NULL, 3),
(320, 119, 103, '2.00', '1', 'SALON', '2.00', '-', NULL, NULL, '2022-04-10 20:24:42', 1, 1, NULL, NULL, 3),
(321, 104, 18, '40.00', '1', 'SALON', '40.00', '-', NULL, NULL, '2022-04-10 21:25:16', 1, 1, NULL, NULL, 3),
(322, 104, 28, '8.00', '7', 'SALON', '56.00', '-', NULL, NULL, '2022-04-10 21:26:20', 1, 1, NULL, NULL, 3),
(323, 120, 103, '2.00', '2', 'SALON', '4.00', '-', NULL, NULL, '2022-04-10 21:29:55', 1, 1, NULL, NULL, 3),
(324, 121, 30, '10.00', '4', 'SALON', '40.00', '-', NULL, NULL, '2022-04-12 11:30:23', 1, 1, NULL, NULL, 3),
(325, 122, 39, '35.00', '1', 'SALON', '35.00', '-', NULL, NULL, '2022-04-12 12:05:06', 1, 1, NULL, NULL, 3),
(326, 122, 116, '7.00', '1', 'SALON', '7.00', '-', NULL, NULL, '2022-04-12 12:09:38', 1, 1, NULL, NULL, 3),
(327, 123, 6, '25.00', '1', 'SALON', '25.00', '-', NULL, NULL, '2022-04-12 13:52:57', 1, 1, NULL, NULL, 3),
(328, 123, 2, '12.00', '1', 'SALON', '12.00', '-', NULL, NULL, '2022-04-12 13:52:57', 1, 1, NULL, NULL, 3),
(329, 123, 46, '30.00', '1', 'SALON', '30.00', '-', NULL, NULL, '2022-04-12 13:52:57', 1, 1, NULL, NULL, 3),
(330, 123, 36, '15.00', '1', 'SALON', '15.00', '-', NULL, NULL, '2022-04-12 13:52:57', 1, 1, NULL, NULL, 3),
(331, 123, 101, '2.00', '1', 'SALON', '2.00', '-', NULL, NULL, '2022-04-12 14:24:59', 1, 1, NULL, NULL, 3),
(332, 124, 21, '30.00', '1', 'SALON', '30.00', '-', 'cambio de precio', '2022-04-12 16:11:41', '2022-04-12 15:49:28', 0, 0, NULL, NULL, 3),
(333, 124, 46, '30.00', '1', 'SALON', '30.00', '-', NULL, NULL, '2022-04-12 15:49:28', 1, 1, NULL, NULL, 3),
(334, 124, 2, '12.00', '1', 'SALON', '12.00', '-', NULL, NULL, '2022-04-12 15:49:28', 1, 1, NULL, NULL, 3),
(335, 124, 36, '15.00', '1', 'SALON', '15.00', '-', NULL, NULL, '2022-04-12 15:49:28', 1, 1, NULL, NULL, 3),
(336, 125, 6, '25.00', '13', 'SALON', '325.00', '-', NULL, NULL, '2022-04-12 15:53:08', 1, 1, NULL, NULL, 3),
(337, 124, 28, '8.00', '1', 'SALON', '8.00', '-', NULL, NULL, '2022-04-12 15:57:44', 1, 1, NULL, NULL, 3),
(338, 124, 117, '35.00', '1', 'SALON', '35.00', '-', NULL, NULL, '2022-04-12 16:12:02', 1, 1, NULL, NULL, 3),
(339, 124, 85, '4.00', '1', 'SALON', '4.00', '-', NULL, NULL, '2022-04-12 16:27:37', 1, 1, NULL, NULL, 3),
(340, 126, 2, '12.00', '1', 'SALON', '12.00', '-', NULL, NULL, '2022-04-12 17:17:46', 1, 1, NULL, NULL, 3),
(341, 126, 30, '10.00', '1', 'SALON', '10.00', '-', NULL, NULL, '2022-04-12 17:17:46', 1, 1, NULL, NULL, 3),
(342, 127, 28, '8.00', '4', 'SALON', '32.00', '-', NULL, NULL, '2022-04-12 18:59:59', 1, 1, NULL, NULL, 3),
(343, 127, 85, '4.00', '2', 'SALON', '8.00', '-', NULL, NULL, '2022-04-12 19:00:34', 1, 1, NULL, NULL, 3),
(344, 128, 75, '23.00', '1', 'SALON', '23.00', '-', NULL, NULL, '2022-04-12 19:04:18', 1, 1, NULL, NULL, 3),
(345, 128, 82, '4.00', '1', 'SALON', '4.00', '-', NULL, NULL, '2022-04-12 19:04:18', 1, 1, NULL, NULL, 3),
(346, 129, 29, '9.00', '9', 'SALON', '81.00', '-', NULL, NULL, '2022-04-12 19:46:35', 1, 1, NULL, NULL, 3),
(347, 130, 116, '7.00', '3', 'SALON', '21.00', '-', NULL, NULL, '2022-04-12 21:52:32', 1, 1, NULL, NULL, 3),
(348, 131, 103, '2.00', '1', 'SALON', '2.00', '-', NULL, NULL, '2022-04-12 21:59:54', 1, 1, NULL, NULL, 3),
(349, 129, 103, '2.00', '1', 'SALON', '2.00', '-', NULL, NULL, '2022-04-12 22:06:32', 1, 1, NULL, NULL, 3),
(350, 129, 82, '4.00', '1', 'SALON', '4.00', '-', NULL, NULL, '2022-04-12 22:12:45', 1, 1, NULL, NULL, 3),
(351, 132, 7, '28.00', '1', 'SALON', '28.00', '-', NULL, NULL, '2022-04-13 11:34:03', 1, 1, NULL, NULL, 3),
(352, 132, 4, '18.00', '1', 'SALON', '18.00', '-', NULL, NULL, '2022-04-13 11:34:03', 1, 1, NULL, NULL, 3),
(353, 132, 28, '8.00', '4', 'SALON', '32.00', '-', NULL, NULL, '2022-04-13 11:34:03', 1, 1, NULL, NULL, 3),
(354, 132, 5, '20.00', '1', 'SALON', '20.00', '-', NULL, NULL, '2022-04-13 12:05:58', 1, 1, NULL, NULL, 3),
(355, 133, 14, '35.00', '1', 'SALON', '35.00', '-', NULL, NULL, '2022-04-13 13:03:43', 1, 1, NULL, NULL, 3),
(356, 134, 2, '12.00', '1', 'SALON', '12.00', '-', 'no desea el producto', '2022-04-13 13:10:12', '2022-04-13 13:09:50', 0, 0, NULL, NULL, 3),
(357, 135, 82, '4.00', '1', 'SALON', '4.00', '-', NULL, NULL, '2022-04-13 14:01:54', 1, 1, NULL, NULL, 3),
(358, 136, 82, '4.00', '1', 'SALON', '4.00', '-', NULL, NULL, '2022-04-13 14:04:22', 1, 1, NULL, NULL, 3),
(359, 136, 83, '4.00', '1', 'SALON', '4.00', '-', NULL, NULL, '2022-04-13 14:04:22', 1, 1, NULL, NULL, 3),
(360, 137, 85, '4.00', '1', 'SALON', '4.00', '-', NULL, NULL, '2022-04-13 20:35:23', 1, 1, NULL, NULL, 3),
(361, 138, 28, '8.00', '5', 'SALON', '40.00', '-', NULL, NULL, '2022-04-13 20:41:07', 1, 1, NULL, NULL, 3),
(362, 139, 73, '23.00', '1', 'SALON', '23.00', '-', NULL, NULL, '2022-04-13 20:44:24', 1, 1, NULL, NULL, 3),
(363, 139, 76, '23.00', '1', 'SALON', '23.00', '-', NULL, NULL, '2022-04-13 20:44:24', 1, 1, NULL, NULL, 3),
(364, 139, 82, '4.00', '2', 'SALON', '8.00', '-', NULL, NULL, '2022-04-13 21:17:06', 1, 1, NULL, NULL, 3),
(365, 140, 73, '23.00', '1', 'SALON', '23.00', '-', NULL, NULL, '2022-04-13 21:53:52', 1, 1, NULL, NULL, 3),
(366, 140, 76, '23.00', '1', 'SALON', '23.00', '-', NULL, NULL, '2022-04-13 21:53:52', 1, 1, NULL, NULL, 3),
(367, 141, 76, '23.00', '2', 'SALON', '46.00', '-', NULL, NULL, '2022-04-13 21:57:03', 1, 1, NULL, NULL, 3),
(368, 141, 83, '4.00', '1', 'SALON', '4.00', '-', NULL, NULL, '2022-04-13 21:57:03', 1, 1, NULL, NULL, 3),
(369, 142, 30, '10.00', '3', 'SALON', '30.00', '-', NULL, NULL, '2022-04-13 22:19:37', 1, 1, NULL, NULL, 3),
(370, 143, 82, '4.00', '1', 'SALON', '4.00', '-', NULL, NULL, '2022-04-13 22:23:44', 1, 1, NULL, NULL, 3),
(371, 144, 5, '20.00', '3', 'SALON', '60.00', '-', NULL, NULL, '2022-04-14 13:14:49', 1, 1, NULL, NULL, 3),
(372, 144, 28, '8.00', '2', 'SALON', '16.00', '-', NULL, NULL, '2022-04-14 13:15:03', 1, 1, NULL, NULL, 3),
(373, 145, 10, '35.00', '1', 'SALON', '35.00', '-', NULL, NULL, '2022-04-14 13:36:54', 1, 1, NULL, NULL, 3),
(374, 145, 5, '20.00', '1', 'SALON', '20.00', '-', NULL, NULL, '2022-04-14 13:36:54', 1, 1, NULL, NULL, 3),
(375, 145, 30, '10.00', '2', 'SALON', '20.00', '-', NULL, NULL, '2022-04-14 13:36:54', 1, 1, NULL, NULL, 3),
(376, 145, 85, '4.00', '1', 'SALON', '4.00', '-', NULL, NULL, '2022-04-14 13:36:54', 1, 1, NULL, NULL, 3),
(377, 146, 22, '30.00', '1', 'SALON', '30.00', '-', NULL, NULL, '2022-04-14 14:04:47', 1, 1, NULL, NULL, 3),
(378, 146, 73, '23.00', '1', 'SALON', '23.00', '-', NULL, NULL, '2022-04-14 14:04:47', 1, 1, NULL, NULL, 3),
(379, 146, 109, '7.00', '2', 'SALON', '14.00', '-', NULL, NULL, '2022-04-14 14:04:47', 1, 1, NULL, NULL, 3),
(380, 144, 82, '4.00', '2', 'SALON', '8.00', '-', NULL, NULL, '2022-04-14 14:06:01', 1, 1, NULL, NULL, 3),
(381, 147, 17, '45.00', '1', 'SALON', '45.00', '-', NULL, NULL, '2022-04-14 14:36:00', 1, 1, NULL, NULL, 3),
(382, 147, 14, '35.00', '1', 'SALON', '35.00', '-', NULL, NULL, '2022-04-14 14:36:00', 1, 1, NULL, NULL, 3),
(383, 148, 30, '10.00', '2', 'SALON', '20.00', '-', NULL, NULL, '2022-04-14 14:38:20', 1, 1, NULL, NULL, 3),
(384, 149, 28, '8.00', '3', 'SALON', '24.00', '-', NULL, NULL, '2022-04-14 14:40:31', 1, 1, NULL, NULL, 3),
(385, 150, 14, '35.00', '1', 'SALON', '35.00', '-', NULL, NULL, '2022-04-14 15:09:20', 1, 1, NULL, NULL, 3),
(386, 150, 2, '12.00', '1', 'SALON', '12.00', '-', NULL, NULL, '2022-04-14 15:09:20', 1, 1, NULL, NULL, 3),
(387, 148, 85, '4.00', '1', 'SALON', '4.00', '-', NULL, NULL, '2022-04-14 15:10:55', 1, 1, NULL, NULL, 3),
(388, 151, 73, '23.00', '1', 'SALON', '23.00', '-', NULL, NULL, '2022-04-14 15:29:41', 1, 1, NULL, NULL, 3),
(389, 151, 39, '35.00', '1', 'SALON', '35.00', '-', NULL, NULL, '2022-04-14 15:29:41', 1, 1, NULL, NULL, 3),
(390, 151, 29, '9.00', '1', 'SALON', '9.00', '-', NULL, NULL, '2022-04-14 15:51:34', 1, 1, NULL, NULL, 3),
(391, 151, 82, '4.00', '1', 'SALON', '4.00', '-', NULL, NULL, '2022-04-14 15:55:20', 1, 1, NULL, NULL, 3),
(392, 152, 30, '10.00', '1', 'SALON', '10.00', '-', NULL, NULL, '2022-04-14 15:58:41', 1, 1, NULL, NULL, 3),
(393, 152, 85, '4.00', '1', 'SALON', '4.00', '-', NULL, NULL, '2022-04-14 15:58:41', 1, 1, NULL, NULL, 3),
(394, 153, 39, '35.00', '1', 'SALON', '35.00', '-', NULL, NULL, '2022-04-14 15:59:53', 1, 1, NULL, NULL, 3),
(395, 153, 34, '12.00', '2', 'SALON', '24.00', '-', NULL, NULL, '2022-04-14 15:59:53', 1, 1, NULL, NULL, 3),
(396, 153, 82, '4.00', '1', 'SALON', '4.00', '-', NULL, NULL, '2022-04-14 15:59:53', 1, 1, NULL, NULL, 3),
(397, 154, 52, '30.00', '1', 'SALON', '30.00', '-', NULL, NULL, '2022-04-14 16:55:47', 1, 1, NULL, NULL, 3),
(398, 154, 6, '25.00', '1', 'SALON', '25.00', '-', NULL, NULL, '2022-04-14 16:55:47', 1, 1, NULL, NULL, 3),
(399, 154, 36, '15.00', '1', 'SALON', '15.00', '-', NULL, NULL, '2022-04-14 16:55:47', 1, 1, NULL, NULL, 3),
(400, 155, 28, '8.00', '4', 'SALON', '32.00', '-', NULL, NULL, '2022-04-14 16:58:40', 1, 1, NULL, NULL, 3),
(401, 154, 30, '10.00', '6', 'SALON', '60.00', '-', NULL, NULL, '2022-04-14 17:08:10', 1, 1, NULL, NULL, 3),
(402, 154, 2, '12.00', '1', 'SALON', '12.00', '-', NULL, NULL, '2022-04-14 17:08:10', 1, 1, NULL, NULL, 3),
(403, 154, 103, '2.00', '3', 'SALON', '6.00', '-', NULL, NULL, '2022-04-14 18:09:25', 1, 1, NULL, NULL, 3),
(404, 156, 29, '9.00', '1', 'SALON', '9.00', '-', NULL, NULL, '2022-04-14 19:32:50', 1, 1, NULL, NULL, 3),
(405, 156, 83, '4.00', '1', 'SALON', '4.00', '-', NULL, NULL, '2022-04-14 19:32:50', 1, 1, NULL, NULL, 3),
(406, 157, 28, '8.00', '2', 'SALON', '16.00', '-', NULL, NULL, '2022-04-14 19:44:33', 1, 1, NULL, NULL, 3),
(407, 157, 30, '10.00', '1', 'SALON', '10.00', '-', NULL, NULL, '2022-04-14 20:46:45', 1, 1, NULL, NULL, 3),
(408, 158, 29, '9.00', '3', 'SALON', '27.00', '-', NULL, NULL, '2022-04-14 20:47:13', 1, 1, NULL, NULL, 3),
(409, 159, 4, '18.00', '1', 'SALON', '18.00', '-', NULL, NULL, '2022-04-14 20:59:40', 1, 1, NULL, NULL, 3),
(410, 159, 30, '10.00', '1', 'SALON', '10.00', '-', NULL, NULL, '2022-04-14 20:59:40', 1, 1, NULL, NULL, 3),
(411, 160, 28, '8.00', '2', 'SALON', '16.00', '-', NULL, NULL, '2022-04-14 21:26:20', 1, 1, NULL, NULL, 3),
(412, 160, 30, '10.00', '2', 'SALON', '20.00', '-', NULL, NULL, '2022-04-14 21:38:04', 1, 1, NULL, NULL, 3),
(413, 161, 73, '23.00', '1', 'SALON', '23.00', '-', NULL, NULL, '2022-04-14 21:41:34', 1, 1, NULL, NULL, 3),
(414, 160, 39, '35.00', '1', 'SALON', '35.00', '-', NULL, NULL, '2022-04-14 21:50:10', 1, 1, NULL, NULL, 3),
(415, 160, 103, '2.00', '1', 'SALON', '2.00', '-', NULL, NULL, '2022-04-14 22:40:51', 1, 1, NULL, NULL, 3),
(416, 160, 103, '2.00', '1', 'SALON', '2.00', '-', NULL, NULL, '2022-04-14 22:40:51', 1, 1, NULL, NULL, 3),
(417, 162, 83, '4.00', '3', 'SALON', '12.00', '-', NULL, NULL, '2022-04-15 11:29:11', 1, 1, NULL, NULL, 3),
(418, 162, 82, '4.00', '1', 'SALON', '4.00', '-', NULL, NULL, '2022-04-15 11:29:11', 1, 1, NULL, NULL, 3),
(419, 163, 7, '28.00', '1', 'SALON', '28.00', '-', NULL, NULL, '2022-04-15 12:51:14', 1, 1, NULL, NULL, 3),
(420, 163, 70, '7.00', '1', 'SALON', '7.00', '-', NULL, NULL, '2022-04-15 12:51:14', 1, 1, NULL, NULL, 3),
(421, 163, 101, '2.00', '1', 'SALON', '2.00', '-', NULL, NULL, '2022-04-15 12:52:59', 1, 1, NULL, NULL, 3),
(422, 163, 102, '1.00', '1', 'SALON', '1.00', '-', NULL, NULL, '2022-04-15 12:52:59', 1, 1, NULL, NULL, 3),
(423, 164, 105, '40.00', '1', 'SALON', '40.00', '-', NULL, NULL, '2022-04-15 13:26:16', 1, 1, NULL, NULL, 3),
(424, 164, 39, '35.00', '1', 'SALON', '35.00', '-', NULL, NULL, '2022-04-15 13:26:16', 1, 1, NULL, NULL, 3),
(425, 164, 101, '2.00', '3', 'SALON', '6.00', '-', NULL, NULL, '2022-04-15 13:26:16', 1, 1, NULL, NULL, 3),
(426, 165, 6, '25.00', '1', 'SALON', '25.00', '-', NULL, NULL, '2022-04-15 13:53:16', 1, 1, NULL, NULL, 3),
(427, 165, 82, '4.00', '1', 'SALON', '4.00', '-', NULL, NULL, '2022-04-15 13:53:16', 1, 1, NULL, NULL, 3),
(428, 166, 64, '40.00', '1', 'SALON', '40.00', '-', NULL, NULL, '2022-04-15 13:58:50', 1, 1, NULL, NULL, 3),
(429, 166, 82, '4.00', '2', 'SALON', '8.00', '-', NULL, NULL, '2022-04-15 13:58:50', 1, 1, NULL, NULL, 3),
(430, 167, 7, '28.00', '1', 'SALON', '28.00', '-', NULL, NULL, '2022-04-15 14:11:18', 1, 1, NULL, NULL, 3),
(431, 167, 61, '35.00', '1', 'SALON', '35.00', '-', NULL, NULL, '2022-04-15 14:11:18', 1, 1, NULL, NULL, 3),
(432, 167, 13, '30.00', '1', 'SALON', '30.00', '-', NULL, NULL, '2022-04-15 14:11:18', 1, 1, NULL, NULL, 3),
(433, 167, 83, '4.00', '3', 'SALON', '12.00', '-', NULL, NULL, '2022-04-15 14:11:18', 1, 1, NULL, NULL, 3),
(434, 167, 85, '4.00', '1', 'SALON', '4.00', '-', 'no desea el producto', '2022-04-15 14:14:53', '2022-04-15 14:11:18', 0, 0, NULL, NULL, 3),
(435, 168, 83, '4.00', '1', 'SALON', '4.00', '-', NULL, NULL, '2022-04-15 14:52:42', 1, 1, NULL, NULL, 3),
(436, 169, 9, '38.00', '1', 'SALON', '38.00', '-', NULL, NULL, '2022-04-15 14:54:16', 1, 1, NULL, NULL, 3),
(437, 169, 16, '30.00', '1', 'SALON', '30.00', '-', NULL, NULL, '2022-04-15 14:54:16', 1, 1, NULL, NULL, 3),
(438, 169, 82, '4.00', '2', 'SALON', '8.00', '-', NULL, NULL, '2022-04-15 14:54:16', 1, 1, NULL, NULL, 3),
(439, 169, 28, '8.00', '1', 'SALON', '8.00', '-', NULL, NULL, '2022-04-15 14:57:39', 1, 1, NULL, NULL, 3),
(440, 170, 2, '12.00', '1', 'SALON', '12.00', '-', NULL, NULL, '2022-04-15 16:04:57', 1, 1, NULL, NULL, 3),
(441, 170, 102, '1.00', '1', 'SALON', '1.00', '-', NULL, NULL, '2022-04-15 16:04:57', 1, 1, NULL, NULL, 3),
(442, 171, 74, '23.00', '1', 'SALON', '23.00', '-', NULL, NULL, '2022-04-15 16:10:07', 1, 1, NULL, NULL, 3),
(443, 171, 85, '4.00', '1', 'SALON', '4.00', '-', NULL, NULL, '2022-04-15 16:10:07', 1, 1, NULL, NULL, 3),
(444, 171, 28, '8.00', '3', 'SALON', '24.00', '-', NULL, NULL, '2022-04-15 16:10:07', 1, 1, NULL, NULL, 3),
(445, 172, 2, '12.00', '1', 'SALON', '12.00', '-', NULL, NULL, '2022-04-15 16:32:29', 1, 1, NULL, NULL, 3),
(446, 172, 102, '1.00', '1', 'SALON', '1.00', '-', NULL, NULL, '2022-04-15 16:32:29', 1, 1, NULL, NULL, 3),
(447, 173, 28, '8.00', '1', 'SALON', '8.00', '-', NULL, NULL, '2022-04-15 17:04:59', 1, 1, NULL, NULL, 3),
(448, 174, 61, '35.00', '1', 'SALON', '35.00', '-', NULL, NULL, '2022-04-16 13:33:44', 1, 1, NULL, NULL, 3),
(449, 174, 83, '4.00', '1', 'SALON', '4.00', '-', NULL, NULL, '2022-04-16 13:33:44', 1, 1, NULL, NULL, 3),
(450, 175, 46, '30.00', '1', 'SALON', '30.00', '-', NULL, NULL, '2022-04-16 15:20:42', 1, 1, NULL, NULL, 3),
(451, 175, 83, '4.00', '1', 'SALON', '4.00', '-', NULL, NULL, '2022-04-16 15:20:42', 1, 1, NULL, NULL, 3),
(452, 176, 28, '8.00', '3', 'SALON', '24.00', '-', NULL, NULL, '2022-04-16 15:21:54', 1, 1, NULL, NULL, 3),
(453, 177, 28, '8.00', '3', 'SALON', '24.00', '-', NULL, NULL, '2022-04-16 15:22:15', 1, 1, NULL, NULL, 3),
(454, 178, 83, '4.00', '1', 'SALON', '4.00', '-', NULL, NULL, '2022-04-16 15:32:18', 1, 1, NULL, NULL, 3),
(455, 179, 105, '40.00', '1', 'SALON', '40.00', '-', 'no desea', '2022-04-16 20:25:10', '2022-04-16 19:30:20', 0, 0, NULL, NULL, 3),
(456, 179, 83, '4.00', '1', 'SALON', '4.00', '-', NULL, NULL, '2022-04-16 19:30:20', 1, 1, NULL, NULL, 3),
(457, 180, 28, '8.00', '4', 'SALON', '32.00', '-', NULL, NULL, '2022-04-16 19:49:03', 1, 1, NULL, NULL, 3),
(458, 181, 73, '23.00', '1', 'SALON', '23.00', '-', NULL, NULL, '2022-04-16 20:23:34', 1, 1, NULL, NULL, 3),
(459, 181, 74, '23.00', '1', 'SALON', '23.00', '-', NULL, NULL, '2022-04-16 20:23:34', 1, 1, NULL, NULL, 3),
(460, 181, 3, '15.00', '1', 'SALON', '15.00', '-', NULL, NULL, '2022-04-16 20:23:34', 1, 1, NULL, NULL, 3),
(461, 181, 83, '4.00', '1', 'SALON', '4.00', '-', NULL, NULL, '2022-04-16 20:23:34', 1, 1, NULL, NULL, 3),
(462, 181, 82, '4.00', '1', 'SALON', '4.00', '-', NULL, NULL, '2022-04-16 20:23:34', 1, 1, NULL, NULL, 3),
(463, 179, 118, '35.00', '1', 'SALON', '35.00', '-', NULL, NULL, '2022-04-16 20:25:27', 1, 1, NULL, NULL, 3);
INSERT INTO `comanda_detalle` (`id_comanda_detalle`, `id_comanda`, `id_producto`, `comanda_detalle_precio`, `comanda_detalle_cantidad`, `comanda_detalle_despacho`, `comanda_detalle_total`, `comanda_detalle_observacion`, `comanda_detalle_eliminacion`, `comanda_detalle_fecha_eliminacion`, `comanda_detalle_fecha_registro`, `comanda_detalle_estado`, `comanda_detalle_estado_venta`, `comanda_detalle_hora_entrega`, `comanda_detalle_usuario`, `id_usuario`) VALUES
(464, 181, 34, '12.00', '1', 'SALON', '12.00', '-', NULL, NULL, '2022-04-16 20:40:57', 1, 1, NULL, NULL, 3),
(465, 182, 37, '10.00', '4', 'SALON', '40.00', '-', NULL, NULL, '2022-04-16 20:54:14', 1, 1, NULL, NULL, 3),
(466, 182, 74, '23.00', '2', 'SALON', '46.00', '-', NULL, NULL, '2022-04-16 20:54:14', 1, 1, NULL, NULL, 3),
(467, 182, 3, '15.00', '2', 'SALON', '30.00', '-', NULL, NULL, '2022-04-16 20:54:14', 1, 1, NULL, NULL, 3),
(468, 182, 23, '25.00', '2', 'SALON', '50.00', '-', NULL, NULL, '2022-04-16 20:54:14', 1, 1, NULL, NULL, 3),
(469, 182, 7, '28.00', '1', 'SALON', '28.00', '-', NULL, NULL, '2022-04-16 20:54:14', 1, 1, NULL, NULL, 3),
(470, 182, 119, '12.00', '4', 'SALON', '48.00', '-', NULL, NULL, '2022-04-16 20:59:51', 1, 1, NULL, NULL, 3),
(471, 182, 85, '4.00', '1', 'SALON', '4.00', '-', NULL, NULL, '2022-04-16 21:01:28', 1, 1, NULL, NULL, 3),
(472, 183, 103, '2.00', '1', 'SALON', '2.00', '-', NULL, NULL, '2022-04-16 21:25:10', 1, 1, NULL, NULL, 3),
(473, 184, 119, '12.00', '1', 'SALON', '12.00', '-', NULL, NULL, '2022-04-16 21:28:47', 1, 1, NULL, NULL, 3),
(474, 182, 80, '18.00', '1', 'SALON', '18.00', '-', NULL, NULL, '2022-04-16 21:30:41', 1, 1, NULL, NULL, 3),
(475, 182, 83, '4.00', '2', 'SALON', '8.00', '-', NULL, NULL, '2022-04-16 21:32:28', 1, 1, NULL, NULL, 3),
(476, 182, 82, '4.00', '1', 'SALON', '4.00', '-', NULL, NULL, '2022-04-16 21:32:28', 1, 1, NULL, NULL, 3),
(477, 185, 37, '10.00', '1', 'SALON', '10.00', '-', NULL, NULL, '2022-04-16 21:43:03', 1, 1, NULL, NULL, 3),
(478, 186, 2, '12.00', '1', 'SALON', '12.00', '-', NULL, NULL, '2022-04-16 21:44:48', 1, 1, NULL, NULL, 3),
(479, 186, 78, '15.00', '1', 'SALON', '15.00', '-', NULL, NULL, '2022-04-16 21:44:48', 1, 1, NULL, NULL, 3),
(480, 186, 82, '4.00', '1', 'SALON', '4.00', '-', NULL, NULL, '2022-04-16 21:44:48', 1, 1, NULL, NULL, 3),
(481, 186, 120, '10.00', '2', 'SALON', '20.00', '-', NULL, NULL, '2022-04-16 21:44:48', 1, 1, NULL, NULL, 3),
(482, 187, 6, '25.00', '1', 'SALON', '25.00', '-', NULL, NULL, '2022-04-16 21:48:16', 1, 1, NULL, NULL, 3),
(483, 188, 37, '10.00', '2', 'SALON', '20.00', '-', NULL, NULL, '2022-04-16 21:50:03', 1, 1, NULL, NULL, 3),
(484, 189, 120, '10.00', '2', 'SALON', '20.00', '-', NULL, NULL, '2022-04-16 21:50:25', 1, 1, NULL, NULL, 3),
(485, 187, 7, '28.00', '1', 'SALON', '28.00', '-', NULL, NULL, '2022-04-16 21:51:36', 1, 1, NULL, NULL, 3),
(486, 190, 119, '12.00', '1', 'SALON', '12.00', '-', 'no desea', '2022-04-16 22:10:52', '2022-04-16 21:52:49', 0, 0, NULL, NULL, 3),
(487, 187, 37, '10.00', '3', 'SALON', '30.00', '-', NULL, NULL, '2022-04-16 21:53:48', 1, 1, NULL, NULL, 3),
(488, 191, 120, '10.00', '3', 'SALON', '30.00', '-', NULL, NULL, '2022-04-16 22:11:49', 1, 1, NULL, NULL, 3),
(489, 192, 120, '10.00', '3', 'SALON', '30.00', '-', NULL, NULL, '2022-04-16 22:12:23', 1, 1, NULL, NULL, 3),
(490, 191, 83, '4.00', '1', 'SALON', '4.00', '-', NULL, NULL, '2022-04-16 22:13:00', 1, 1, NULL, NULL, 3),
(491, 186, 121, '25.00', '1', 'SALON', '25.00', '-', 'NO DESEA', '2022-04-16 22:44:24', '2022-04-16 22:29:19', 0, 0, NULL, NULL, 3),
(492, 193, 120, '10.00', '1', 'SALON', '10.00', '-', NULL, NULL, '2022-04-16 22:31:42', 1, 1, NULL, NULL, 3),
(493, 180, 73, '23.00', '1', 'SALON', '23.00', '-', NULL, NULL, '2022-04-16 22:36:13', 1, 1, NULL, NULL, 3),
(494, 180, 70, '7.00', '1', 'SALON', '7.00', '-', NULL, NULL, '2022-04-16 22:36:13', 1, 1, NULL, NULL, 3),
(495, 194, 37, '10.00', '2', 'SALON', '20.00', '-', NULL, NULL, '2022-04-16 22:36:57', 1, 1, NULL, NULL, 3),
(496, 195, 103, '2.00', '5', 'SALON', '10.00', '-', NULL, NULL, '2022-04-16 22:42:40', 1, 1, NULL, NULL, 3),
(497, 187, 121, '25.00', '1', 'SALON', '25.00', '-', NULL, NULL, '2022-04-16 22:45:30', 1, 1, NULL, NULL, 3),
(498, 196, 13, '30.00', '1', 'SALON', '30.00', '-', NULL, NULL, '2022-04-16 22:51:43', 1, 1, NULL, NULL, 3),
(499, 196, 115, '12.00', '4', 'SALON', '48.00', '-', NULL, NULL, '2022-04-16 22:51:43', 1, 1, NULL, NULL, 3),
(500, 197, 103, '2.00', '1', 'SALON', '2.00', '-', NULL, NULL, '2022-04-16 22:55:18', 1, 1, NULL, NULL, 3),
(501, 198, 103, '2.00', '4', 'SALON', '8.00', '-', NULL, NULL, '2022-04-16 22:58:35', 1, 1, NULL, NULL, 3),
(502, 199, 22, '30.00', '1', 'SALON', '30.00', '-', NULL, NULL, '2022-04-16 23:01:23', 1, 1, NULL, NULL, 3),
(503, 200, 6, '25.00', '1', 'SALON', '25.00', '-', NULL, NULL, '2022-04-16 23:02:01', 1, 1, NULL, NULL, 3),
(504, 200, 37, '10.00', '1', 'SALON', '10.00', '-', NULL, NULL, '2022-04-16 23:03:13', 1, 1, NULL, NULL, 3),
(505, 200, 103, '2.00', '1', 'SALON', '2.00', '-', NULL, NULL, '2022-04-16 23:06:34', 1, 1, NULL, NULL, 3),
(506, 201, 103, '2.00', '3', 'SALON', '6.00', '-', NULL, NULL, '2022-04-16 23:12:04', 1, 1, NULL, NULL, 3),
(507, 202, 13, '30.00', '1', 'SALON', '30.00', '-', NULL, NULL, '2022-04-16 23:18:15', 1, 1, NULL, NULL, 3),
(508, 202, 115, '12.00', '3', 'SALON', '36.00', '-', NULL, NULL, '2022-04-16 23:20:26', 1, 1, NULL, NULL, 3),
(509, 203, 37, '10.00', '2', 'SALON', '20.00', '-', NULL, NULL, '2022-04-16 23:24:26', 1, 1, NULL, NULL, 3),
(510, 199, 83, '4.00', '1', 'SALON', '4.00', '-', NULL, NULL, '2022-04-16 23:25:19', 1, 1, NULL, NULL, 3),
(511, 199, 120, '10.00', '2', 'SALON', '20.00', '-', NULL, NULL, '2022-04-16 23:25:19', 1, 1, NULL, NULL, 3),
(512, 204, 37, '10.00', '1', 'SALON', '10.00', '-', NULL, NULL, '2022-04-16 23:31:07', 1, 1, NULL, NULL, 3),
(513, 204, 85, '4.00', '1', 'SALON', '4.00', '-', NULL, NULL, '2022-04-16 23:31:07', 1, 1, NULL, NULL, 3),
(514, 196, 85, '4.00', '1', 'SALON', '4.00', '-', NULL, NULL, '2022-04-16 23:33:42', 1, 1, NULL, NULL, 3),
(515, 202, 85, '4.00', '1', 'SALON', '4.00', '-', NULL, NULL, '2022-04-16 23:37:19', 1, 1, NULL, NULL, 3),
(516, 205, 103, '2.00', '1', 'SALON', '2.00', '-', NULL, NULL, '2022-04-16 23:42:53', 1, 1, NULL, NULL, 3),
(517, 203, 103, '2.00', '2', 'SALON', '4.00', '-', NULL, NULL, '2022-04-16 23:50:40', 1, 1, NULL, NULL, 3),
(518, 206, 37, '10.00', '1', 'SALON', '10.00', '-', 'NO SALE\n', '2022-04-17 11:51:07', '2022-04-16 23:59:46', 0, 0, NULL, NULL, 3),
(519, 207, 103, '2.00', '1', 'SALON', '2.00', '-', NULL, NULL, '2022-04-17 00:04:59', 1, 1, NULL, NULL, 3),
(520, 208, 28, '8.00', '2', 'SALON', '16.00', '-', NULL, NULL, '2022-04-17 00:06:02', 1, 1, NULL, NULL, 3),
(521, 209, 37, '10.00', '2', 'SALON', '20.00', '-', NULL, NULL, '2022-04-17 00:12:46', 1, 1, NULL, NULL, 3),
(522, 210, 103, '2.00', '1', 'SALON', '2.00', '-', NULL, NULL, '2022-04-17 00:22:22', 1, 1, NULL, NULL, 3),
(523, 211, 30, '10.00', '1', 'SALON', '10.00', '-', NULL, NULL, '2022-04-17 00:29:35', 1, 1, NULL, NULL, 3),
(524, 212, 29, '9.00', '1', 'SALON', '9.00', '-', 'NO SALE', '2022-04-17 11:51:24', '2022-04-17 00:29:56', 0, 0, NULL, NULL, 3),
(525, 213, 28, '8.00', '1', 'SALON', '8.00', '-', NULL, NULL, '2022-04-17 00:30:27', 1, 1, NULL, NULL, 3),
(526, 214, 103, '2.00', '1', 'SALON', '2.00', '-', NULL, NULL, '2022-04-17 00:31:05', 1, 1, NULL, NULL, 3),
(527, 215, 16, '30.00', '1', 'SALON', '30.00', '-', NULL, NULL, '2022-04-17 11:52:01', 1, 1, NULL, NULL, 3),
(528, 215, 101, '2.00', '1', 'SALON', '2.00', '-', NULL, NULL, '2022-04-17 11:52:01', 1, 1, NULL, NULL, 3),
(529, 216, 12, '40.00', '1', 'SALON', '40.00', '-', NULL, NULL, '2022-04-17 12:03:35', 1, 1, NULL, NULL, 3),
(530, 216, 6, '25.00', '1', 'SALON', '25.00', '-', NULL, NULL, '2022-04-17 12:03:35', 1, 1, NULL, NULL, 3),
(531, 216, 36, '15.00', '1', 'SALON', '15.00', '-', NULL, NULL, '2022-04-17 12:03:35', 1, 1, NULL, NULL, 3),
(532, 216, 84, '4.00', '1', 'SALON', '4.00', '-', NULL, NULL, '2022-04-17 12:03:35', 1, 1, NULL, NULL, 3),
(533, 217, 53, '35.00', '1', 'SALON', '35.00', '-', NULL, NULL, '2022-04-17 13:20:22', 1, 1, NULL, NULL, 3),
(534, 217, 52, '30.00', '1', 'SALON', '30.00', '-', NULL, NULL, '2022-04-17 13:20:22', 1, 1, NULL, NULL, 3),
(535, 217, 82, '4.00', '2', 'SALON', '8.00', '-', NULL, NULL, '2022-04-17 13:20:22', 1, 1, NULL, NULL, 3),
(536, 218, 5, '20.00', '1', 'SALON', '20.00', '-', NULL, NULL, '2022-04-17 13:34:58', 1, 1, NULL, NULL, 3),
(537, 219, 10, '35.00', '1', 'SALON', '35.00', '-', NULL, NULL, '2022-04-17 13:48:42', 1, 1, NULL, NULL, 3),
(538, 219, 61, '35.00', '1', 'SALON', '35.00', '-', NULL, NULL, '2022-04-17 13:48:42', 1, 1, NULL, NULL, 3),
(539, 219, 36, '15.00', '1', 'SALON', '15.00', '-', NULL, NULL, '2022-04-17 13:48:42', 1, 1, NULL, NULL, 3),
(540, 220, 37, '10.00', '4', 'SALON', '40.00', '-', NULL, NULL, '2022-04-17 13:51:04', 1, 1, NULL, NULL, 3),
(541, 220, 83, '4.00', '1', 'SALON', '4.00', '-', NULL, NULL, '2022-04-17 13:51:04', 1, 1, NULL, NULL, 3),
(542, 221, 85, '4.00', '2', 'SALON', '8.00', '-', NULL, NULL, '2022-04-17 13:52:42', 1, 1, NULL, NULL, 3),
(543, 221, 36, '15.00', '1', 'SALON', '15.00', '-', NULL, NULL, '2022-04-17 13:52:42', 1, 1, NULL, NULL, 3),
(544, 220, 85, '4.00', '1', 'SALON', '4.00', '-', NULL, NULL, '2022-04-17 13:54:27', 1, 1, NULL, NULL, 3),
(545, 220, 62, '35.00', '1', 'SALON', '35.00', '-', NULL, NULL, '2022-04-17 13:55:39', 1, 1, NULL, NULL, 3),
(546, 220, 64, '40.00', '1', 'SALON', '40.00', '-', 'NO DESEA', '2022-04-17 14:04:25', '2022-04-17 13:55:39', 0, 0, NULL, NULL, 3),
(547, 221, 37, '10.00', '4', 'SALON', '40.00', '-', NULL, NULL, '2022-04-17 13:56:25', 1, 1, NULL, NULL, 3),
(548, 221, 23, '25.00', '1', 'SALON', '25.00', '-', NULL, NULL, '2022-04-17 14:00:33', 1, 1, NULL, NULL, 3),
(549, 221, 65, '5.00', '1', 'SALON', '5.00', '-', NULL, NULL, '2022-04-17 14:00:33', 1, 1, NULL, NULL, 3),
(550, 221, 122, '2.50', '2', 'SALON', '5.00', '-', NULL, NULL, '2022-04-17 14:00:33', 1, 1, NULL, NULL, 3),
(551, 221, 6, '25.00', '1', 'SALON', '25.00', '-', NULL, NULL, '2022-04-17 14:00:33', 1, 1, NULL, NULL, 3),
(552, 221, 19, '35.00', '1', 'SALON', '35.00', '-', NULL, NULL, '2022-04-17 14:00:33', 1, 1, NULL, NULL, 3),
(553, 218, 82, '4.00', '1', 'SALON', '4.00', '-', NULL, NULL, '2022-04-17 14:01:19', 1, 1, NULL, NULL, 3),
(554, 220, 123, '45.00', '1', 'SALON', '45.00', '-', NULL, NULL, '2022-04-17 14:05:02', 1, 1, NULL, NULL, 3),
(555, 222, 10, '35.00', '1', 'SALON', '35.00', '-', NULL, NULL, '2022-04-17 14:13:21', 1, 1, NULL, NULL, 3),
(556, 222, 76, '23.00', '1', 'SALON', '23.00', '-', NULL, NULL, '2022-04-17 14:13:21', 1, 1, NULL, NULL, 3),
(557, 222, 83, '4.00', '1', 'SALON', '4.00', '-', NULL, NULL, '2022-04-17 14:13:21', 1, 1, NULL, NULL, 3),
(558, 219, 85, '4.00', '1', 'SALON', '4.00', '-', NULL, NULL, '2022-04-17 14:20:25', 1, 1, NULL, NULL, 3),
(559, 220, 109, '7.00', '1', 'SALON', '7.00', '-', NULL, NULL, '2022-04-17 14:27:30', 1, 1, NULL, NULL, 3),
(560, 222, 37, '10.00', '4', 'SALON', '40.00', '-', NULL, NULL, '2022-04-17 14:42:41', 1, 1, NULL, NULL, 3),
(561, 221, 102, '1.00', '1', 'SALON', '1.00', '-', NULL, NULL, '2022-04-17 15:05:54', 1, 1, NULL, NULL, 3),
(562, 223, 3, '15.00', '1', 'SALON', '15.00', '-', NULL, NULL, '2022-04-17 16:12:31', 1, 1, NULL, NULL, 3),
(563, 223, 74, '23.00', '1', 'SALON', '23.00', '-', NULL, NULL, '2022-04-17 16:12:31', 1, 1, NULL, NULL, 3),
(564, 223, 34, '12.00', '1', 'SALON', '12.00', '-', NULL, NULL, '2022-04-17 16:12:31', 1, 1, NULL, NULL, 3),
(565, 223, 37, '10.00', '1', 'SALON', '10.00', '-', NULL, NULL, '2022-04-17 16:12:31', 1, 1, NULL, NULL, 3),
(566, 224, 120, '10.00', '2', 'SALON', '20.00', '-', NULL, NULL, '2022-04-17 17:08:36', 1, 1, NULL, NULL, 3),
(567, 225, 16, '30.00', '1', 'SALON', '30.00', '-', NULL, NULL, '2022-04-19 12:01:41', 1, 1, NULL, NULL, 3),
(568, 225, 2, '12.00', '1', 'SALON', '12.00', '-', NULL, NULL, '2022-04-19 12:01:41', 1, 1, NULL, NULL, 3),
(569, 225, 109, '7.00', '1', 'SALON', '7.00', '-', NULL, NULL, '2022-04-19 12:01:41', 1, 1, NULL, NULL, 3),
(570, 226, 83, '4.00', '1', 'SALON', '4.00', '-', NULL, NULL, '2022-04-19 12:44:35', 1, 1, NULL, NULL, 3),
(571, 227, 83, '4.00', '1', 'SALON', '4.00', '-', NULL, NULL, '2022-04-19 12:57:14', 1, 1, NULL, NULL, 3),
(572, 228, 5, '20.00', '2', 'SALON', '40.00', '-', NULL, NULL, '2022-04-19 13:28:40', 1, 1, NULL, NULL, 3),
(573, 228, 2, '12.00', '1', 'SALON', '12.00', '-', NULL, NULL, '2022-04-19 13:28:40', 1, 1, NULL, NULL, 3),
(574, 228, 36, '15.00', '1', 'SALON', '15.00', '-', NULL, NULL, '2022-04-19 13:28:40', 1, 1, NULL, NULL, 3),
(575, 228, 2, '12.00', '1', 'SALON', '12.00', '-', NULL, NULL, '2022-04-19 13:36:06', 1, 1, NULL, NULL, 3),
(576, 229, 53, '35.00', '1', 'SALON', '35.00', '-', 'NO HAY PRODUCTO', '2022-04-19 14:04:57', '2022-04-19 14:01:30', 0, 0, NULL, NULL, 3),
(577, 229, 82, '4.00', '1', 'SALON', '4.00', '-', NULL, NULL, '2022-04-19 14:01:30', 1, 1, NULL, NULL, 3),
(578, 229, 51, '30.00', '1', 'SALON', '30.00', '-', NULL, NULL, '2022-04-19 14:04:18', 1, 1, NULL, NULL, 3),
(579, 230, 5, '20.00', '1', 'SALON', '20.00', '-', NULL, NULL, '2022-04-19 15:58:43', 1, 1, NULL, NULL, 3),
(580, 231, 4, '18.00', '2', 'SALON', '36.00', '-', NULL, NULL, '2022-04-20 13:24:29', 1, 1, NULL, NULL, 3),
(581, 231, 83, '4.00', '3', 'SALON', '12.00', '-', NULL, NULL, '2022-04-20 13:25:12', 1, 1, NULL, NULL, 3),
(582, 232, 30, '10.00', '4', 'SALON', '40.00', '-', NULL, NULL, '2022-04-20 14:39:07', 1, 1, NULL, NULL, 3),
(583, 233, 39, '35.00', '1', 'SALON', '35.00', '-', NULL, NULL, '2022-04-20 14:51:57', 1, 1, NULL, NULL, 3),
(584, 233, 36, '15.00', '1', 'SALON', '15.00', '-', NULL, NULL, '2022-04-20 14:51:57', 1, 1, NULL, NULL, 3),
(585, 232, 2, '12.00', '1', 'SALON', '12.00', '-', NULL, NULL, '2022-04-20 14:53:57', 1, 1, NULL, NULL, 3),
(586, 233, 101, '2.00', '1', 'SALON', '2.00', '-', NULL, NULL, '2022-04-20 15:16:25', 1, 1, NULL, NULL, 3),
(587, 234, 28, '8.00', '2', 'SALON', '16.00', '-', NULL, NULL, '2022-04-20 17:13:49', 1, 1, NULL, NULL, 3),
(588, 235, 28, '8.00', '3', 'SALON', '24.00', '-', NULL, NULL, '2022-04-20 20:22:10', 1, 1, NULL, NULL, 3),
(589, 236, 2, '12.00', '1', 'SALON', '12.00', '-', NULL, NULL, '2022-04-21 12:12:21', 1, 1, NULL, NULL, 3),
(590, 236, 83, '4.00', '1', 'SALON', '4.00', '-', NULL, NULL, '2022-04-21 12:12:21', 1, 1, NULL, NULL, 3),
(591, 237, 51, '30.00', '1', 'SALON', '30.00', '-', NULL, NULL, '2022-04-21 12:38:08', 1, 1, NULL, NULL, 3),
(592, 237, 109, '7.00', '1', 'SALON', '7.00', '-', NULL, NULL, '2022-04-21 12:38:08', 1, 1, NULL, NULL, 3),
(593, 238, 39, '35.00', '1', 'SALON', '35.00', '-', NULL, NULL, '2022-04-21 12:55:37', 1, 1, NULL, NULL, 3),
(594, 238, 16, '30.00', '1', 'SALON', '30.00', '-', NULL, NULL, '2022-04-21 12:55:37', 1, 1, NULL, NULL, 3),
(595, 238, 22, '30.00', '1', 'SALON', '30.00', '-', NULL, NULL, '2022-04-21 12:55:37', 1, 1, NULL, NULL, 3),
(596, 239, 3, '15.00', '1', 'SALON', '15.00', '-', NULL, NULL, '2022-04-21 12:57:09', 1, 1, NULL, NULL, 3),
(597, 239, 110, '3.00', '1', 'SALON', '3.00', '-', NULL, NULL, '2022-04-21 12:57:09', 1, 1, NULL, NULL, 3),
(598, 240, 39, '35.00', '1', 'SALON', '35.00', '-', NULL, NULL, '2022-04-21 12:57:48', 1, 1, NULL, NULL, 3),
(599, 240, 5, '20.00', '1', 'SALON', '20.00', '-', NULL, NULL, '2022-04-21 12:57:48', 1, 1, NULL, NULL, 3),
(600, 239, 91, '20.00', '1', 'SALON', '20.00', '-', NULL, NULL, '2022-04-21 13:06:57', 1, 1, NULL, NULL, 3),
(601, 239, 78, '15.00', '1', 'SALON', '15.00', '-', NULL, NULL, '2022-04-21 13:06:57', 1, 1, NULL, NULL, 3),
(602, 239, 74, '23.00', '1', 'SALON', '23.00', '-', NULL, NULL, '2022-04-21 13:06:57', 1, 1, NULL, NULL, 3),
(603, 241, 2, '12.00', '1', 'SALON', '12.00', '-', 'NO DESEA', '2022-04-21 13:31:42', '2022-04-21 13:08:07', 0, 0, NULL, NULL, 3),
(604, 238, 83, '4.00', '2', 'SALON', '8.00', '-', NULL, NULL, '2022-04-21 13:25:58', 1, 1, NULL, NULL, 3),
(605, 238, 82, '4.00', '2', 'SALON', '8.00', '-', NULL, NULL, '2022-04-21 13:25:58', 1, 1, NULL, NULL, 3),
(606, 238, 39, '35.00', '1', 'SALON', '35.00', '-', NULL, NULL, '2022-04-21 13:28:28', 1, 1, NULL, NULL, 3),
(607, 238, 36, '15.00', '1', 'SALON', '15.00', '-', NULL, NULL, '2022-04-21 13:29:44', 1, 1, NULL, NULL, 3),
(608, 241, 83, '4.00', '1', 'SALON', '4.00', '-', NULL, NULL, '2022-04-21 13:31:25', 1, 1, NULL, NULL, 3),
(609, 241, 3, '15.00', '1', 'SALON', '15.00', '-', NULL, NULL, '2022-04-21 13:31:25', 1, 1, NULL, NULL, 3),
(610, 242, 46, '30.00', '1', 'SALON', '30.00', '-', NULL, NULL, '2022-04-21 13:32:25', 1, 1, NULL, NULL, 3),
(611, 242, 13, '30.00', '1', 'SALON', '30.00', '-', NULL, NULL, '2022-04-21 13:32:25', 1, 1, NULL, NULL, 3),
(612, 243, 6, '25.00', '1', 'SALON', '25.00', '-', NULL, NULL, '2022-04-21 13:33:22', 1, 1, NULL, NULL, 3),
(613, 243, 82, '4.00', '2', 'SALON', '8.00', '-', NULL, NULL, '2022-04-21 13:33:22', 1, 1, NULL, NULL, 3),
(614, 239, 101, '2.00', '3', 'SALON', '6.00', '-', NULL, NULL, '2022-04-21 13:42:18', 1, 1, NULL, NULL, 3),
(615, 240, 83, '4.00', '1', 'SALON', '4.00', '-', NULL, NULL, '2022-04-21 13:46:46', 1, 1, NULL, NULL, 3),
(616, 240, 82, '4.00', '1', 'SALON', '4.00', '-', NULL, NULL, '2022-04-21 13:46:46', 1, 1, NULL, NULL, 3),
(617, 242, 36, '15.00', '1', 'SALON', '15.00', '-', NULL, NULL, '2022-04-21 13:59:31', 1, 1, NULL, NULL, 3),
(618, 244, 30, '10.00', '2', 'SALON', '20.00', '-', NULL, NULL, '2022-04-21 17:45:44', 1, 1, NULL, NULL, 3),
(619, 244, 85, '4.00', '3', 'SALON', '12.00', '-', NULL, NULL, '2022-04-21 17:45:44', 1, 1, NULL, NULL, 3),
(620, 245, 28, '8.00', '5', 'SALON', '40.00', '-', NULL, NULL, '2022-04-21 18:11:27', 1, 1, NULL, NULL, 3),
(621, 244, 124, '20.00', '1', 'SALON', '20.00', '-', NULL, NULL, '2022-04-21 18:14:20', 1, 1, NULL, NULL, 3),
(622, 246, 34, '12.00', '2', 'SALON', '24.00', '-', NULL, NULL, '2022-04-21 18:16:54', 1, 1, NULL, NULL, 3),
(623, 246, 85, '4.00', '1', 'SALON', '4.00', '-', NULL, NULL, '2022-04-21 18:16:54', 1, 1, NULL, NULL, 3),
(624, 247, 76, '23.00', '1', 'SALON', '23.00', '-', NULL, NULL, '2022-04-21 19:59:45', 1, 1, NULL, NULL, 3),
(625, 248, 3, '15.00', '2', 'SALON', '30.00', '-', NULL, NULL, '2022-04-21 20:42:53', 1, 1, NULL, NULL, 3),
(626, 248, 13, '30.00', '1', 'SALON', '30.00', '-', NULL, NULL, '2022-04-21 20:42:53', 1, 1, NULL, NULL, 3),
(627, 248, 29, '9.00', '2', 'SALON', '18.00', '-', NULL, NULL, '2022-04-21 20:46:40', 1, 1, NULL, NULL, 3),
(628, 249, 2, '12.00', '1', 'SALON', '12.00', '-', NULL, NULL, '2022-04-21 20:52:23', 1, 1, NULL, NULL, 3),
(629, 249, 46, '30.00', '1', 'SALON', '30.00', '-', 'NO DESEA', '2022-04-21 20:53:13', '2022-04-21 20:52:23', 0, 0, NULL, NULL, 3),
(630, 249, 83, '4.00', '1', 'SALON', '4.00', '-', NULL, NULL, '2022-04-21 20:52:23', 1, 1, NULL, NULL, 3),
(631, 249, 61, '35.00', '1', 'SALON', '35.00', '-', NULL, NULL, '2022-04-21 20:53:43', 1, 1, NULL, NULL, 3),
(632, 250, 28, '8.00', '2', 'SALON', '16.00', '-', NULL, NULL, '2022-04-21 22:00:41', 1, 1, NULL, NULL, 3),
(633, 251, 6, '25.00', '4', 'SALON', '100.00', '-', NULL, NULL, '2022-04-22 12:42:45', 1, 1, NULL, NULL, 3),
(634, 251, 10, '35.00', '1', 'SALON', '35.00', '-', NULL, NULL, '2022-04-22 13:10:54', 1, 1, NULL, NULL, 3),
(635, 251, 36, '15.00', '2', 'SALON', '30.00', '-', NULL, NULL, '2022-04-22 13:10:54', 1, 1, NULL, NULL, 3),
(636, 251, 19, '35.00', '1', 'SALON', '35.00', '-', NULL, NULL, '2022-04-22 13:33:22', 1, 1, NULL, NULL, 3),
(637, 251, 30, '10.00', '6', 'SALON', '60.00', '-', NULL, NULL, '2022-04-22 13:33:50', 1, 1, NULL, NULL, 3),
(638, 251, 39, '35.00', '2', 'SALON', '70.00', '-', NULL, NULL, '2022-04-22 13:36:54', 1, 1, NULL, NULL, 3),
(639, 251, 65, '5.00', '1', 'SALON', '5.00', '-', NULL, NULL, '2022-04-22 13:36:54', 1, 1, NULL, NULL, 3),
(640, 252, 51, '30.00', '1', 'SALON', '30.00', '-', NULL, NULL, '2022-04-22 15:10:37', 1, 1, NULL, NULL, 3),
(641, 252, 52, '30.00', '1', 'SALON', '30.00', '-', 'NO HAY PRODUCTO', '2022-04-22 15:12:55', '2022-04-22 15:10:37', 0, 0, NULL, NULL, 3),
(642, 252, 83, '4.00', '1', 'SALON', '4.00', '-', NULL, NULL, '2022-04-22 15:10:37', 1, 1, NULL, NULL, 3),
(643, 252, 22, '30.00', '1', 'SALON', '30.00', '-', NULL, NULL, '2022-04-22 15:13:45', 1, 1, NULL, NULL, 3),
(644, 252, 82, '4.00', '1', 'SALON', '4.00', '-', NULL, NULL, '2022-04-22 15:14:13', 1, 1, NULL, NULL, 3),
(645, 253, 23, '25.00', '1', 'SALON', '25.00', '-', NULL, NULL, '2022-04-22 15:34:34', 1, 1, NULL, NULL, 3),
(646, 253, 61, '35.00', '1', 'SALON', '35.00', '-', 'NO DESEA  EL PRODUCTO', '2022-04-22 16:01:51', '2022-04-22 15:34:34', 0, 0, NULL, NULL, 3),
(647, 253, 36, '15.00', '1', 'SALON', '15.00', '-', NULL, NULL, '2022-04-22 15:34:34', 1, 1, NULL, NULL, 3),
(648, 254, 61, '35.00', '1', 'SALON', '35.00', '-', NULL, NULL, '2022-04-22 15:49:05', 1, 1, NULL, NULL, 3),
(649, 254, 7, '28.00', '1', 'SALON', '28.00', '-', NULL, NULL, '2022-04-22 15:49:05', 1, 1, NULL, NULL, 3),
(650, 254, 46, '30.00', '1', 'SALON', '30.00', '-', NULL, NULL, '2022-04-22 15:49:05', 1, 1, NULL, NULL, 3),
(651, 254, 28, '8.00', '1', 'SALON', '8.00', '-', NULL, NULL, '2022-04-22 15:55:51', 1, 1, NULL, NULL, 3),
(652, 254, 125, '5.00', '1', 'SALON', '5.00', '-', 'NO HAY PRODUCTO', '2022-04-22 16:10:47', '2022-04-22 15:55:51', 0, 0, NULL, NULL, 3),
(653, 253, 10, '35.00', '1', 'SALON', '35.00', '-', 'NO DESEA', '2022-04-22 16:18:23', '2022-04-22 16:02:05', 0, 0, NULL, NULL, 3),
(654, 253, 62, '35.00', '1', 'SALON', '35.00', '-', NULL, NULL, '2022-04-22 16:19:01', 1, 1, NULL, NULL, 3),
(655, 254, 14, '35.00', '1', 'SALON', '35.00', '-', NULL, NULL, '2022-04-22 16:19:22', 1, 1, NULL, NULL, 3),
(656, 254, 36, '15.00', '1', 'SALON', '15.00', '-', NULL, NULL, '2022-04-22 16:21:02', 1, 1, NULL, NULL, 3),
(657, 255, 10, '35.00', '1', 'SALON', '35.00', '-', NULL, NULL, '2022-04-22 16:27:54', 1, 1, NULL, NULL, 3),
(658, 255, 2, '12.00', '1', 'SALON', '12.00', '-', NULL, NULL, '2022-04-22 16:27:54', 1, 1, NULL, NULL, 3),
(659, 255, 109, '7.00', '1', 'SALON', '7.00', '-', NULL, NULL, '2022-04-22 16:27:54', 1, 1, NULL, NULL, 3),
(660, 254, 85, '4.00', '1', 'SALON', '4.00', '-', NULL, NULL, '2022-04-22 16:47:20', 1, 1, NULL, NULL, 3),
(661, 255, 85, '4.00', '1', 'SALON', '4.00', '-', NULL, NULL, '2022-04-22 17:01:05', 1, 1, NULL, NULL, 3),
(662, 256, 28, '8.00', '3', 'SALON', '24.00', '-', NULL, NULL, '2022-04-22 17:49:59', 1, 1, NULL, NULL, 3),
(663, 257, 85, '4.00', '1', 'SALON', '4.00', '-', NULL, NULL, '2022-04-22 17:56:48', 1, 1, NULL, NULL, 3),
(664, 258, 2, '12.00', '1', 'SALON', '12.00', '-', NULL, NULL, '2022-04-22 18:12:01', 1, 1, NULL, NULL, 3),
(665, 258, 102, '1.00', '1', 'SALON', '1.00', '-', NULL, NULL, '2022-04-22 18:12:01', 1, 1, NULL, NULL, 3),
(666, 259, 28, '8.00', '2', 'SALON', '16.00', '-', NULL, NULL, '2022-04-22 18:14:05', 1, 1, NULL, NULL, 3),
(667, 260, 39, '35.00', '1', 'SALON', '35.00', '-', NULL, NULL, '2022-04-22 18:19:24', 1, 1, NULL, NULL, 3),
(668, 260, 30, '10.00', '3', 'SALON', '30.00', '-', NULL, NULL, '2022-04-22 18:19:24', 1, 1, NULL, NULL, 3),
(669, 261, 39, '35.00', '1', 'SALON', '35.00', '-', NULL, NULL, '2022-04-22 19:16:52', 1, 1, NULL, NULL, 3),
(670, 261, 39, '35.00', '1', 'SALON', '35.00', '-', NULL, NULL, '2022-04-22 19:16:52', 1, 1, NULL, NULL, 3),
(671, 262, 28, '8.00', '2', 'SALON', '16.00', '-', NULL, NULL, '2022-04-22 19:17:12', 1, 1, NULL, NULL, 3),
(672, 263, 28, '8.00', '2', 'SALON', '16.00', '-', NULL, NULL, '2022-04-22 19:32:21', 1, 1, NULL, NULL, 3),
(673, 264, 28, '8.00', '3', 'SALON', '24.00', '-', NULL, NULL, '2022-04-22 19:34:00', 1, 1, NULL, NULL, 3),
(674, 264, 6, '25.00', '1', 'SALON', '25.00', '-', NULL, NULL, '2022-04-22 19:48:06', 1, 1, NULL, NULL, 3),
(675, 264, 74, '23.00', '1', 'SALON', '23.00', '-', NULL, NULL, '2022-04-22 19:48:06', 1, 1, NULL, NULL, 3),
(676, 264, 82, '4.00', '1', 'SALON', '4.00', '-', NULL, NULL, '2022-04-22 19:59:17', 1, 1, NULL, NULL, 3),
(677, 265, 28, '8.00', '2', 'SALON', '16.00', '-', NULL, NULL, '2022-04-22 20:10:43', 1, 1, NULL, NULL, 3),
(678, 266, 28, '8.00', '3', 'SALON', '24.00', '-', NULL, NULL, '2022-04-22 20:19:21', 1, 1, NULL, NULL, 3),
(679, 267, 28, '8.00', '1', 'SALON', '8.00', '-', NULL, NULL, '2022-04-22 21:18:06', 1, 1, NULL, NULL, 3),
(680, 261, 30, '10.00', '8', 'SALON', '80.00', '-', NULL, NULL, '2022-04-22 22:00:01', 1, 1, NULL, NULL, 3),
(681, 268, 85, '4.00', '1', 'SALON', '4.00', '-', NULL, NULL, '2022-04-23 10:53:29', 1, 1, NULL, NULL, 3),
(682, 269, 5, '20.00', '1', 'SALON', '20.00', '-', NULL, NULL, '2022-04-23 11:33:38', 1, 1, NULL, NULL, 3),
(683, 269, 11, '35.00', '1', 'SALON', '35.00', '-', NULL, NULL, '2022-04-23 11:33:38', 1, 1, NULL, NULL, 3),
(684, 269, 82, '4.00', '2', 'SALON', '8.00', '-', NULL, NULL, '2022-04-23 11:33:38', 1, 1, NULL, NULL, 3),
(685, 269, 85, '4.00', '1', 'SALON', '4.00', '-', NULL, NULL, '2022-04-23 11:33:38', 1, 1, NULL, NULL, 3),
(686, 270, 2, '12.00', '1', 'SALON', '12.00', '-', NULL, NULL, '2022-04-23 11:52:42', 1, 1, NULL, NULL, 3),
(687, 270, 82, '4.00', '1', 'SALON', '4.00', '-', NULL, NULL, '2022-04-23 11:52:42', 1, 1, NULL, NULL, 3),
(688, 271, 16, '30.00', '1', 'SALON', '30.00', '-', NULL, NULL, '2022-04-23 12:06:13', 1, 1, NULL, NULL, 3),
(689, 271, 46, '30.00', '1', 'SALON', '30.00', '-', NULL, NULL, '2022-04-23 12:06:13', 1, 1, NULL, NULL, 3),
(690, 271, 22, '30.00', '1', 'SALON', '30.00', '-', NULL, NULL, '2022-04-23 12:06:13', 1, 1, NULL, NULL, 3),
(691, 271, 28, '8.00', '1', 'SALON', '8.00', '-', NULL, NULL, '2022-04-23 12:14:21', 1, 1, NULL, NULL, 3),
(692, 271, 83, '4.00', '1', 'SALON', '4.00', '-', NULL, NULL, '2022-04-23 12:15:13', 1, 1, NULL, NULL, 3),
(693, 271, 39, '35.00', '1', 'SALON', '35.00', '-', NULL, NULL, '2022-04-23 12:22:46', 1, 1, NULL, NULL, 3),
(694, 272, 2, '12.00', '1', 'SALON', '12.00', '-', NULL, NULL, '2022-04-23 12:31:50', 1, 1, NULL, NULL, 3),
(695, 272, 6, '25.00', '1', 'SALON', '25.00', '-', NULL, NULL, '2022-04-23 12:31:50', 1, 1, NULL, NULL, 3),
(696, 272, 109, '7.00', '1', 'SALON', '7.00', '-', NULL, NULL, '2022-04-23 12:31:50', 1, 1, NULL, NULL, 3),
(697, 271, 68, '5.00', '1', 'SALON', '5.00', '-', NULL, NULL, '2022-04-23 12:34:26', 1, 1, NULL, NULL, 3),
(698, 271, 82, '4.00', '3', 'SALON', '12.00', '-', NULL, NULL, '2022-04-23 12:38:17', 1, 1, NULL, NULL, 3),
(699, 273, 10, '35.00', '2', 'SALON', '70.00', '-', NULL, NULL, '2022-04-23 12:57:00', 1, 1, NULL, NULL, 3),
(700, 273, 36, '15.00', '1', 'SALON', '15.00', '-', NULL, NULL, '2022-04-23 12:57:00', 1, 1, NULL, NULL, 3),
(701, 274, 11, '35.00', '2', 'SALON', '70.00', '-', NULL, NULL, '2022-04-23 13:37:39', 1, 1, NULL, NULL, 3),
(702, 274, 82, '4.00', '2', 'SALON', '8.00', '-', NULL, NULL, '2022-04-23 13:37:39', 1, 1, NULL, NULL, 3),
(703, 275, 30, '10.00', '2', 'SALON', '20.00', '-', NULL, NULL, '2022-04-23 13:41:03', 1, 1, NULL, NULL, 3),
(704, 276, 82, '4.00', '1', 'SALON', '4.00', '-', NULL, NULL, '2022-04-23 14:20:13', 1, 1, NULL, NULL, 3),
(705, 277, 10, '35.00', '1', 'SALON', '35.00', '-', NULL, NULL, '2022-04-23 15:40:11', 1, 1, NULL, NULL, 3),
(706, 277, 83, '4.00', '1', 'SALON', '4.00', '-', NULL, NULL, '2022-04-23 15:40:11', 1, 1, NULL, NULL, 3),
(707, 277, 120, '10.00', '1', 'SALON', '10.00', '-', NULL, NULL, '2022-04-23 15:40:11', 1, 1, NULL, NULL, 3),
(708, 278, 83, '4.00', '1', 'SALON', '4.00', '-', NULL, NULL, '2022-04-23 16:12:28', 1, 1, NULL, NULL, 3),
(709, 279, 28, '8.00', '3', 'SALON', '24.00', '-', NULL, NULL, '2022-04-23 17:12:38', 1, 1, NULL, NULL, 3),
(710, 280, 28, '8.00', '1', 'SALON', '8.00', '-', NULL, NULL, '2022-04-23 17:49:04', 1, 1, NULL, NULL, 3),
(711, 281, 28, '8.00', '4', 'SALON', '32.00', '-', NULL, NULL, '2022-04-23 17:49:36', 1, 1, NULL, NULL, 3),
(712, 282, 28, '8.00', '3', 'SALON', '24.00', '-', NULL, NULL, '2022-04-23 18:16:04', 1, 1, NULL, NULL, 3),
(713, 283, 28, '8.00', '2', 'SALON', '16.00', '-', NULL, NULL, '2022-04-23 18:22:21', 1, 1, NULL, NULL, 3),
(714, 284, 6, '25.00', '1', 'SALON', '25.00', '-', NULL, NULL, '2022-04-23 18:44:20', 1, 1, NULL, NULL, 3),
(715, 284, 39, '35.00', '1', 'SALON', '35.00', '-', NULL, NULL, '2022-04-23 18:44:20', 1, 1, NULL, NULL, 3),
(716, 284, 29, '9.00', '1', 'SALON', '9.00', '-', 'no hay producto', '2022-04-23 19:14:25', '2022-04-23 19:07:59', 0, 0, NULL, NULL, 3),
(717, 284, 29, '9.00', '1', 'SALON', '9.00', '-', 'no hay prducto', '2022-04-23 19:13:55', '2022-04-23 19:07:59', 0, 0, NULL, NULL, 3),
(718, 284, 125, '5.00', '1', 'SALON', '5.00', '-', NULL, NULL, '2022-04-23 19:10:55', 1, 1, NULL, NULL, 3),
(719, 285, 28, '8.00', '1', 'SALON', '8.00', '-', NULL, NULL, '2022-04-23 19:12:01', 1, 1, NULL, NULL, 3),
(720, 284, 120, '10.00', '1', 'SALON', '10.00', '-', NULL, NULL, '2022-04-23 19:14:40', 1, 1, NULL, NULL, 3),
(721, 285, 83, '4.00', '1', 'SALON', '4.00', '-', NULL, NULL, '2022-04-23 19:16:49', 1, 1, NULL, NULL, 3),
(722, 286, 73, '23.00', '1', 'SALON', '23.00', '-', NULL, NULL, '2022-04-23 19:17:18', 1, 1, NULL, NULL, 3),
(723, 286, 101, '2.00', '1', 'SALON', '2.00', '-', NULL, NULL, '2022-04-23 19:17:18', 1, 1, NULL, NULL, 3),
(724, 285, 6, '25.00', '1', 'SALON', '25.00', '-', NULL, NULL, '2022-04-23 19:17:33', 1, 1, NULL, NULL, 3),
(725, 287, 28, '8.00', '7', 'SALON', '56.00', '-', NULL, NULL, '2022-04-23 19:43:03', 1, 1, NULL, NULL, 3),
(726, 287, 83, '4.00', '1', 'SALON', '4.00', '-', NULL, NULL, '2022-04-23 19:43:03', 1, 1, NULL, NULL, 3),
(727, 288, 30, '10.00', '4', 'SALON', '40.00', '-', NULL, NULL, '2022-04-23 19:51:37', 1, 1, NULL, NULL, 3),
(728, 289, 3, '15.00', '1', 'SALON', '15.00', '-', 'no desea ', '2022-04-23 20:12:11', '2022-04-23 20:11:02', 0, 0, NULL, NULL, 3),
(729, 289, 102, '1.00', '1', 'SALON', '1.00', '-', 'no desea', '2022-04-23 20:13:14', '2022-04-23 20:11:02', 0, 0, NULL, NULL, 3),
(730, 289, 7, '28.00', '1', 'SALON', '28.00', '-', 'no desea\n', '2022-04-23 20:12:55', '2022-04-23 20:12:20', 0, 0, NULL, NULL, 3),
(731, 290, 7, '28.00', '1', 'SALON', '28.00', '-', NULL, NULL, '2022-04-23 20:13:51', 1, 1, NULL, NULL, 3),
(732, 290, 101, '2.00', '1', 'SALON', '2.00', '-', NULL, NULL, '2022-04-23 20:13:51', 1, 1, NULL, NULL, 3),
(733, 287, 103, '2.00', '2', 'SALON', '4.00', '-', NULL, NULL, '2022-04-23 20:21:12', 1, 1, NULL, NULL, 3),
(734, 287, 85, '4.00', '1', 'SALON', '4.00', '-', NULL, NULL, '2022-04-23 20:31:19', 1, 1, NULL, NULL, 3),
(735, 291, 28, '8.00', '2', 'SALON', '16.00', '-', NULL, NULL, '2022-04-23 20:46:42', 1, 1, NULL, NULL, 3),
(736, 292, 28, '8.00', '1', 'SALON', '8.00', '-', NULL, NULL, '2022-04-23 20:51:21', 1, 1, NULL, NULL, 3),
(737, 293, 103, '2.00', '1', 'SALON', '2.00', '-', NULL, NULL, '2022-04-23 21:06:47', 1, 1, NULL, NULL, 3),
(738, 294, 10, '35.00', '2', 'SALON', '70.00', '-', NULL, NULL, '2022-04-23 21:15:33', 1, 1, NULL, NULL, 3),
(739, 294, 36, '15.00', '1', 'SALON', '15.00', '-', NULL, NULL, '2022-04-23 21:15:33', 1, 1, NULL, NULL, 3),
(740, 294, 79, '18.00', '1', 'SALON', '18.00', '-', NULL, NULL, '2022-04-23 21:15:33', 1, 1, NULL, NULL, 3),
(741, 294, 119, '12.00', '9', 'SALON', '108.00', '-', NULL, NULL, '2022-04-23 21:15:33', 1, 1, NULL, NULL, 3),
(742, 294, 82, '4.00', '3', 'SALON', '12.00', '-', NULL, NULL, '2022-04-23 21:15:33', 1, 1, NULL, NULL, 3),
(743, 295, 103, '2.00', '1', 'SALON', '2.00', '-', NULL, NULL, '2022-04-23 21:33:20', 1, 1, NULL, NULL, 3),
(744, 296, 115, '12.00', '5', 'SALON', '60.00', '-', NULL, NULL, '2022-04-23 21:34:37', 1, 1, NULL, NULL, 3),
(745, 297, 83, '4.00', '1', 'SALON', '4.00', '-', NULL, NULL, '2022-04-23 21:38:08', 1, 1, NULL, NULL, 3),
(746, 296, 74, '23.00', '1', 'SALON', '23.00', '-', NULL, NULL, '2022-04-23 21:39:02', 1, 1, NULL, NULL, 3),
(747, 298, 119, '12.00', '2', 'SALON', '24.00', '-', NULL, NULL, '2022-04-23 21:40:10', 1, 1, NULL, NULL, 3),
(748, 299, 73, '23.00', '1', 'SALON', '23.00', '-', NULL, NULL, '2022-04-23 22:03:30', 1, 1, NULL, NULL, 3),
(749, 299, 83, '4.00', '1', 'SALON', '4.00', '-', NULL, NULL, '2022-04-23 22:05:38', 1, 1, NULL, NULL, 3),
(750, 299, 85, '4.00', '2', 'SALON', '8.00', '-', NULL, NULL, '2022-04-23 22:05:38', 1, 1, NULL, NULL, 3),
(751, 296, 85, '4.00', '1', 'SALON', '4.00', '-', NULL, NULL, '2022-04-23 22:16:45', 1, 1, NULL, NULL, 3),
(752, 300, 6, '25.00', '1', 'SALON', '25.00', '-', NULL, NULL, '2022-04-23 22:21:58', 1, 1, NULL, NULL, 3),
(753, 300, 101, '2.00', '1', 'SALON', '2.00', '-', NULL, NULL, '2022-04-23 22:21:58', 1, 1, NULL, NULL, 3),
(754, 299, 73, '23.00', '1', 'SALON', '23.00', '-', NULL, NULL, '2022-04-23 22:28:06', 1, 1, NULL, NULL, 3),
(755, 301, 28, '8.00', '6', 'SALON', '48.00', '-', NULL, NULL, '2022-04-23 22:30:16', 1, 1, NULL, NULL, 3),
(756, 301, 103, '2.00', '2', 'SALON', '4.00', '-', NULL, NULL, '2022-04-23 22:37:43', 1, 1, NULL, NULL, 3),
(757, 302, 28, '8.00', '3', 'SALON', '24.00', '-', NULL, NULL, '2022-04-23 22:40:18', 1, 1, NULL, NULL, 3),
(758, 296, 120, '10.00', '3', 'SALON', '30.00', '-', NULL, NULL, '2022-04-23 22:47:12', 1, 1, NULL, NULL, 3),
(759, 303, 119, '12.00', '2', 'SALON', '24.00', '-', NULL, NULL, '2022-04-23 22:58:09', 1, 1, NULL, NULL, 3),
(760, 304, 28, '8.00', '7', 'SALON', '56.00', '-', NULL, NULL, '2022-04-23 23:13:52', 1, 1, NULL, NULL, 3),
(761, 294, 10, '35.00', '1', 'SALON', '35.00', '-', NULL, NULL, '2022-04-23 23:50:34', 1, 1, NULL, NULL, 3),
(762, 294, 83, '4.00', '1', 'SALON', '4.00', '-', NULL, NULL, '2022-04-23 23:51:02', 1, 1, NULL, NULL, 3),
(763, 305, 28, '8.00', '1', 'SALON', '8.00', '-', NULL, NULL, '2022-04-24 00:07:48', 1, 1, NULL, NULL, 3),
(764, 306, 120, '10.00', '1', 'SALON', '10.00', '-', NULL, NULL, '2022-04-24 00:09:18', 1, 1, NULL, NULL, 3),
(765, 307, 28, '8.00', '16', 'SALON', '128.00', '-', NULL, NULL, '2022-04-24 00:29:34', 1, 1, NULL, NULL, 3),
(766, 307, 83, '4.00', '1', 'SALON', '4.00', '-', NULL, NULL, '2022-04-24 00:29:34', 1, 1, NULL, NULL, 3),
(767, 307, 103, '2.00', '13', 'SALON', '26.00', '-', NULL, NULL, '2022-04-24 00:29:34', 1, 1, NULL, NULL, 3),
(768, 308, 82, '4.00', '1', 'SALON', '4.00', '-', NULL, NULL, '2022-04-24 03:12:39', 1, 1, NULL, NULL, 3),
(769, 308, 83, '4.00', '1', 'SALON', '4.00', '-', NULL, NULL, '2022-04-24 03:12:39', 1, 1, NULL, NULL, 3),
(770, 308, 84, '4.00', '1', 'SALON', '4.00', '-', NULL, NULL, '2022-04-24 03:12:39', 1, 1, NULL, NULL, 3),
(771, 309, 79, '18.00', '1', 'SALON', '18.00', '-', 'no desea', '2022-04-24 12:17:36', '2022-04-24 12:16:52', 0, 0, NULL, NULL, 3),
(772, 309, 120, '10.00', '1', 'SALON', '10.00', '-', 'no desea\n', '2022-04-24 12:17:23', '2022-04-24 12:16:52', 0, 0, NULL, NULL, 3),
(773, 310, 86, '20.00', '1', 'SALON', '20.00', '-', 'no hay producto', '2022-04-24 12:25:25', '2022-04-24 12:18:26', 0, 0, NULL, NULL, 3),
(774, 310, 37, '10.00', '2', 'SALON', '20.00', '-', NULL, NULL, '2022-04-24 12:18:26', 1, 1, NULL, NULL, 3),
(775, 311, 65, '5.00', '1', 'SALON', '5.00', '-', NULL, NULL, '2022-04-24 12:19:51', 1, 1, NULL, NULL, 3),
(776, 311, 39, '35.00', '1', 'SALON', '35.00', '-', NULL, NULL, '2022-04-24 12:19:51', 1, 1, NULL, NULL, 3),
(777, 311, 19, '35.00', '1', 'SALON', '35.00', '-', NULL, NULL, '2022-04-24 12:19:51', 1, 1, NULL, NULL, 3),
(778, 311, 82, '4.00', '1', 'SALON', '4.00', '-', NULL, NULL, '2022-04-24 12:19:51', 1, 1, NULL, NULL, 3),
(779, 311, 83, '4.00', '1', 'SALON', '4.00', '-', NULL, NULL, '2022-04-24 12:19:51', 1, 1, NULL, NULL, 3),
(780, 310, 79, '18.00', '1', 'SALON', '18.00', '-', NULL, NULL, '2022-04-24 12:24:12', 1, 1, NULL, NULL, 3),
(781, 312, 53, '35.00', '1', 'SALON', '35.00', '-', NULL, NULL, '2022-04-24 13:05:02', 1, 1, NULL, NULL, 3),
(782, 312, 109, '7.00', '1', 'SALON', '7.00', '-', NULL, NULL, '2022-04-24 13:05:02', 1, 1, NULL, NULL, 3),
(783, 310, 83, '4.00', '1', 'SALON', '4.00', '-', NULL, NULL, '2022-04-24 13:05:45', 1, 1, NULL, NULL, 3),
(784, 313, 13, '30.00', '1', 'SALON', '30.00', '-', 'NO  DESEA', '2022-04-24 18:22:23', '2022-04-24 13:19:20', 0, 0, NULL, NULL, 3),
(785, 313, 11, '35.00', '1', 'SALON', '35.00', '-', 'NO DESEA\n', '2022-04-24 18:22:36', '2022-04-24 13:19:20', 0, 0, NULL, NULL, 3),
(786, 314, 39, '35.00', '1', 'SALON', '35.00', '-', NULL, NULL, '2022-04-24 13:29:55', 1, 1, NULL, NULL, 3),
(787, 314, 119, '12.00', '2', 'SALON', '24.00', '-', NULL, NULL, '2022-04-24 13:29:55', 1, 1, NULL, NULL, 3),
(788, 314, 13, '30.00', '1', 'SALON', '30.00', '-', NULL, NULL, '2022-04-24 13:29:55', 1, 1, NULL, NULL, 3),
(789, 315, 39, '35.00', '2', 'SALON', '70.00', '-', NULL, NULL, '2022-04-24 13:47:10', 1, 1, NULL, NULL, 3),
(790, 315, 6, '25.00', '1', 'SALON', '25.00', '-', NULL, NULL, '2022-04-24 13:47:10', 1, 1, NULL, NULL, 3),
(791, 315, 2, '12.00', '1', 'SALON', '12.00', '-', NULL, NULL, '2022-04-24 13:47:10', 1, 1, NULL, NULL, 3),
(792, 315, 120, '10.00', '3', 'SALON', '30.00', '-', NULL, NULL, '2022-04-24 13:47:10', 1, 1, NULL, NULL, 3),
(793, 315, 83, '4.00', '1', 'SALON', '4.00', '-', NULL, NULL, '2022-04-24 13:51:03', 1, 1, NULL, NULL, 3),
(794, 316, 45, '45.00', '1', 'SALON', '45.00', '-', NULL, NULL, '2022-04-24 14:03:51', 1, 1, NULL, NULL, 3),
(795, 316, 42, '38.00', '1', 'SALON', '38.00', '-', NULL, NULL, '2022-04-24 14:03:51', 1, 1, NULL, NULL, 3),
(796, 316, 14, '35.00', '1', 'SALON', '35.00', '-', NULL, NULL, '2022-04-24 14:03:51', 1, 1, NULL, NULL, 3),
(797, 316, 51, '30.00', '1', 'SALON', '30.00', '-', NULL, NULL, '2022-04-24 14:03:51', 1, 1, NULL, NULL, 3),
(798, 316, 7, '28.00', '1', 'SALON', '28.00', '-', NULL, NULL, '2022-04-24 14:03:51', 1, 1, NULL, NULL, 3),
(799, 316, 22, '30.00', '1', 'SALON', '30.00', '-', NULL, NULL, '2022-04-24 14:03:51', 1, 1, NULL, NULL, 3),
(800, 316, 36, '15.00', '1', 'SALON', '15.00', '-', NULL, NULL, '2022-04-24 14:03:51', 1, 1, NULL, NULL, 3),
(801, 316, 6, '25.00', '4', 'SALON', '100.00', '-', NULL, NULL, '2022-04-24 14:03:51', 1, 1, NULL, NULL, 3),
(802, 316, 39, '35.00', '1', 'SALON', '35.00', '-', NULL, NULL, '2022-04-24 14:03:51', 1, 1, NULL, NULL, 3),
(803, 316, 82, '4.00', '2', 'SALON', '8.00', '-', NULL, NULL, '2022-04-24 14:03:51', 1, 1, NULL, NULL, 3),
(804, 316, 5, '20.00', '1', 'SALON', '20.00', '-', NULL, NULL, '2022-04-24 14:03:51', 1, 1, NULL, NULL, 3),
(805, 316, 13, '30.00', '1', 'SALON', '30.00', '-', NULL, NULL, '2022-04-24 14:03:51', 1, 1, NULL, NULL, 3),
(806, 316, 83, '4.00', '6', 'SALON', '24.00', '-', NULL, NULL, '2022-04-24 14:03:51', 1, 1, NULL, NULL, 3),
(807, 316, 85, '4.00', '6', 'SALON', '24.00', '-', NULL, NULL, '2022-04-24 14:04:35', 1, 1, NULL, NULL, 3),
(808, 316, 120, '10.00', '2', 'SALON', '20.00', '-', NULL, NULL, '2022-04-24 14:11:44', 1, 1, NULL, NULL, 3),
(809, 316, 84, '4.00', '1', 'SALON', '4.00', '-', NULL, NULL, '2022-04-24 14:11:44', 1, 1, NULL, NULL, 3),
(810, 316, 61, '35.00', '1', 'SALON', '35.00', '-', NULL, NULL, '2022-04-24 14:16:26', 1, 1, NULL, NULL, 3),
(811, 316, 109, '7.00', '1', 'SALON', '7.00', '-', NULL, NULL, '2022-04-24 14:17:09', 1, 1, NULL, NULL, 3),
(812, 317, 37, '10.00', '1', 'SALON', '10.00', '-', NULL, NULL, '2022-04-24 14:21:43', 1, 1, NULL, NULL, 3),
(813, 318, 37, '10.00', '7', 'SALON', '70.00', '-', NULL, NULL, '2022-04-24 14:27:38', 1, 1, NULL, NULL, 3),
(814, 319, 17, '45.00', '1', 'SALON', '45.00', '-', NULL, NULL, '2022-04-24 14:39:37', 1, 1, NULL, NULL, 3),
(815, 319, 18, '40.00', '1', 'SALON', '40.00', '-', NULL, NULL, '2022-04-24 14:39:37', 1, 1, NULL, NULL, 3),
(816, 319, 13, '30.00', '3', 'SALON', '90.00', '-', NULL, NULL, '2022-04-24 14:39:37', 1, 1, NULL, NULL, 3),
(817, 319, 72, '15.00', '1', 'SALON', '15.00', '-', NULL, NULL, '2022-04-24 14:39:37', 1, 1, NULL, NULL, 3),
(818, 319, 37, '10.00', '13', 'SALON', '130.00', '-', 'NO DESEA', '2022-04-24 18:32:10', '2022-04-24 14:40:59', 0, 0, NULL, NULL, 3),
(819, 320, 10, '35.00', '2', 'SALON', '70.00', '-', NULL, NULL, '2022-04-24 14:43:35', 1, 1, NULL, NULL, 3),
(820, 320, 75, '23.00', '2', 'SALON', '46.00', '-', NULL, NULL, '2022-04-24 14:43:35', 1, 1, NULL, NULL, 3),
(821, 320, 47, '30.00', '1', 'SALON', '30.00', '-', NULL, NULL, '2022-04-24 14:43:35', 1, 1, NULL, NULL, 3),
(822, 320, 39, '35.00', '1', 'SALON', '35.00', '-', NULL, NULL, '2022-04-24 14:43:35', 1, 1, NULL, NULL, 3),
(823, 319, 2, '12.00', '1', 'SALON', '12.00', '-', NULL, NULL, '2022-04-24 14:45:09', 1, 1, NULL, NULL, 3),
(824, 320, 37, '10.00', '7', 'SALON', '70.00', '-', NULL, NULL, '2022-04-24 14:46:02', 1, 1, NULL, NULL, 3),
(825, 318, 119, '12.00', '1', 'SALON', '12.00', '-', NULL, NULL, '2022-04-24 14:48:14', 1, 1, NULL, NULL, 3),
(826, 320, 82, '4.00', '2', 'SALON', '8.00', '-', NULL, NULL, '2022-04-24 14:48:41', 1, 1, NULL, NULL, 3),
(827, 321, 120, '10.00', '1', 'SALON', '10.00', '-', NULL, NULL, '2022-04-24 14:49:11', 1, 1, NULL, NULL, 3),
(828, 318, 4, '18.00', '1', 'SALON', '18.00', '-', NULL, NULL, '2022-04-24 15:03:03', 1, 1, NULL, NULL, 3),
(829, 316, 102, '1.00', '1', 'SALON', '1.00', '-', NULL, NULL, '2022-04-24 15:11:15', 1, 1, NULL, NULL, 3),
(830, 319, 82, '4.00', '2', 'SALON', '8.00', '-', NULL, NULL, '2022-04-24 15:24:18', 1, 1, NULL, NULL, 3),
(831, 319, 83, '4.00', '1', 'SALON', '4.00', '-', 'NO DESEA', '2022-04-24 15:57:50', '2022-04-24 15:57:14', 0, 0, NULL, NULL, 3),
(832, 320, 102, '1.00', '1', 'SALON', '1.00', '-', NULL, NULL, '2022-04-24 15:58:30', 1, 1, NULL, NULL, 3),
(833, 318, 85, '4.00', '1', 'SALON', '4.00', '-', NULL, NULL, '2022-04-24 16:27:49', 1, 1, NULL, NULL, 3),
(834, 319, 28, '8.00', '13', 'SALON', '104.00', '-', NULL, NULL, '2022-04-24 18:32:32', 1, 1, NULL, NULL, 3),
(835, 319, 85, '4.00', '1', 'SALON', '4.00', '-', NULL, NULL, '2022-04-24 18:39:08', 1, 1, NULL, NULL, 3),
(836, 322, 5, '20.00', '1', 'SALON', '20.00', '-', NULL, NULL, '2022-04-26 12:35:49', 1, 1, NULL, NULL, 3),
(837, 322, 83, '4.00', '1', 'SALON', '4.00', '-', NULL, NULL, '2022-04-26 12:45:26', 1, 1, NULL, NULL, 3),
(838, 322, 84, '4.00', '1', 'SALON', '4.00', '-', NULL, NULL, '2022-04-26 13:05:13', 1, 1, NULL, NULL, 3),
(839, 323, 39, '35.00', '1', 'SALON', '35.00', '-', 'NO CONSUMII', '2022-04-26 21:55:15', '2022-04-26 13:18:13', 0, 0, NULL, NULL, 3),
(840, 323, 82, '4.00', '1', 'SALON', '4.00', '-', 'NO CONUMIUI', '2022-04-26 21:55:27', '2022-04-26 13:18:13', 0, 0, NULL, NULL, 3),
(841, 324, 46, '30.00', '1', 'SALON', '30.00', '-', NULL, NULL, '2022-04-26 13:33:22', 1, 1, NULL, NULL, 3),
(842, 324, 39, '35.00', '1', 'SALON', '35.00', '-', NULL, NULL, '2022-04-26 13:33:22', 1, 1, NULL, NULL, 3),
(843, 324, 36, '15.00', '1', 'SALON', '15.00', '-', NULL, NULL, '2022-04-26 13:33:22', 1, 1, NULL, NULL, 3),
(844, 325, 83, '4.00', '1', 'SALON', '4.00', '-', NULL, NULL, '2022-04-26 14:08:15', 1, 1, NULL, NULL, 3),
(845, 326, 7, '28.00', '1', 'SALON', '28.00', '-', NULL, NULL, '2022-04-26 16:27:59', 1, 1, NULL, NULL, 3),
(846, 326, 68, '5.00', '1', 'SALON', '5.00', '-', NULL, NULL, '2022-04-26 16:27:59', 1, 1, NULL, NULL, 3),
(847, 326, 28, '8.00', '4', 'SALON', '32.00', '-', NULL, NULL, '2022-04-26 16:27:59', 1, 1, NULL, NULL, 3),
(848, 326, 82, '4.00', '1', 'SALON', '4.00', '-', NULL, NULL, '2022-04-26 16:27:59', 1, 1, NULL, NULL, 3),
(849, 326, 10, '35.00', '1', 'SALON', '35.00', '-', NULL, NULL, '2022-04-26 16:27:59', 1, 1, NULL, NULL, 3),
(850, 327, 28, '8.00', '4', 'SALON', '32.00', '-', NULL, NULL, '2022-04-26 18:39:43', 1, 1, NULL, NULL, 3),
(851, 328, 85, '4.00', '1', 'SALON', '4.00', '-', NULL, NULL, '2022-04-26 19:26:10', 1, 1, NULL, NULL, 3),
(852, 329, 28, '8.00', '1', 'SALON', '8.00', '-', NULL, NULL, '2022-04-26 19:34:18', 1, 1, NULL, NULL, 3),
(853, 330, 103, '2.00', '1', 'SALON', '2.00', '-', NULL, NULL, '2022-04-26 19:40:10', 1, 1, NULL, NULL, 3),
(854, 331, 28, '8.00', '4', 'SALON', '32.00', '-', NULL, NULL, '2022-04-26 20:19:31', 1, 1, NULL, NULL, 3),
(855, 332, 76, '23.00', '1', 'SALON', '23.00', '-', NULL, NULL, '2022-04-26 20:19:57', 1, 1, NULL, NULL, 3),
(856, 332, 83, '4.00', '1', 'SALON', '4.00', '-', NULL, NULL, '2022-04-26 20:19:57', 1, 1, NULL, NULL, 3),
(857, 333, 17, '45.00', '1', 'SALON', '45.00', '-', NULL, NULL, '2022-04-26 20:21:35', 1, 1, NULL, NULL, 3),
(858, 333, 74, '23.00', '1', 'SALON', '23.00', '-', NULL, NULL, '2022-04-26 20:21:35', 1, 1, NULL, NULL, 3),
(859, 333, 101, '2.00', '3', 'SALON', '6.00', '-', NULL, NULL, '2022-04-26 20:21:35', 1, 1, NULL, NULL, 3),
(860, 333, 73, '23.00', '1', 'SALON', '23.00', '-', NULL, NULL, '2022-04-26 20:22:35', 1, 1, NULL, NULL, 3),
(861, 333, 101, '2.00', '1', 'SALON', '2.00', '-', 'NO DESEA ', '2022-04-26 20:23:12', '2022-04-26 20:22:35', 0, 0, NULL, NULL, 3),
(862, 334, 103, '2.00', '1', 'SALON', '2.00', '-', NULL, NULL, '2022-04-26 20:55:22', 1, 1, NULL, NULL, 3),
(863, 335, 4, '18.00', '1', 'SALON', '18.00', '-', NULL, NULL, '2022-04-26 21:03:47', 1, 1, NULL, NULL, 3),
(864, 335, 2, '12.00', '1', 'SALON', '12.00', '-', NULL, NULL, '2022-04-26 21:03:47', 1, 1, NULL, NULL, 3),
(865, 335, 28, '8.00', '2', 'SALON', '16.00', '-', NULL, NULL, '2022-04-26 21:03:47', 1, 1, NULL, NULL, 3),
(866, 336, 28, '8.00', '1', 'SALON', '8.00', '-', NULL, NULL, '2022-04-26 21:12:17', 1, 1, NULL, NULL, 3),
(867, 335, 83, '4.00', '1', 'SALON', '4.00', '-', NULL, NULL, '2022-04-26 21:14:17', 1, 1, NULL, NULL, 3),
(868, 333, 28, '8.00', '1', 'SALON', '8.00', '-', NULL, NULL, '2022-04-26 21:15:15', 1, 1, NULL, NULL, 3),
(869, 337, 6, '25.00', '2', 'SALON', '50.00', '-', NULL, NULL, '2022-04-27 12:44:02', 1, 1, NULL, NULL, 3),
(870, 337, 13, '30.00', '1', 'SALON', '30.00', '-', NULL, NULL, '2022-04-27 12:44:02', 1, 1, NULL, NULL, 3),
(871, 337, 46, '30.00', '1', 'SALON', '30.00', '-', NULL, NULL, '2022-04-27 12:44:02', 1, 1, NULL, NULL, 3),
(872, 337, 79, '20.00', '1', 'SALON', '20.00', '-', NULL, NULL, '2022-04-27 12:44:02', 1, 1, NULL, NULL, 3),
(873, 337, 102, '1.00', '5', 'SALON', '5.00', '-', NULL, NULL, '2022-04-27 12:44:02', 1, 1, NULL, NULL, 3),
(874, 338, 30, '10.00', '2', 'SALON', '20.00', '-', NULL, NULL, '2022-04-27 12:49:31', 1, 1, NULL, NULL, 3),
(875, 339, 53, '35.00', '1', 'SALON', '35.00', '-', NULL, NULL, '2022-04-27 12:58:56', 1, 1, NULL, NULL, 3),
(876, 339, 110, '3.00', '1', 'SALON', '3.00', '-', NULL, NULL, '2022-04-27 13:39:07', 1, 1, NULL, NULL, 3),
(877, 340, 28, '8.00', '2', 'SALON', '16.00', '-', NULL, NULL, '2022-04-27 14:25:16', 1, 1, NULL, NULL, 3),
(878, 341, 2, '12.00', '1', 'SALON', '12.00', '-', NULL, NULL, '2022-04-27 15:55:46', 1, 1, NULL, NULL, 3),
(879, 341, 84, '4.00', '1', 'SALON', '4.00', '-', NULL, NULL, '2022-04-27 15:59:41', 1, 1, NULL, NULL, 3),
(880, 342, 5, '20.00', '1', 'SALON', '20.00', '-', NULL, NULL, '2022-04-27 16:09:00', 1, 1, NULL, NULL, 3),
(881, 342, 109, '7.00', '1', 'SALON', '7.00', '-', NULL, NULL, '2022-04-27 16:09:00', 1, 1, NULL, NULL, 3),
(882, 343, 28, '8.00', '1', 'SALON', '8.00', '-', NULL, NULL, '2022-04-27 19:35:50', 1, 1, NULL, NULL, 3),
(883, 343, 83, '4.00', '1', 'SALON', '4.00', '-', NULL, NULL, '2022-04-27 19:35:50', 1, 1, NULL, NULL, 3),
(884, 344, 76, '23.00', '1', 'SALON', '23.00', '-', NULL, NULL, '2022-04-27 20:01:22', 1, 1, NULL, NULL, 3),
(885, 344, 83, '4.00', '1', 'SALON', '4.00', '-', NULL, NULL, '2022-04-27 20:55:59', 1, 1, NULL, NULL, 3),
(886, 345, 28, '8.00', '1', 'SALON', '8.00', '-', NULL, NULL, '2022-04-27 20:58:08', 1, 1, NULL, NULL, 3),
(887, 346, 28, '8.00', '1', 'SALON', '8.00', '-', NULL, NULL, '2022-04-27 21:35:39', 1, 1, NULL, NULL, 3),
(888, 346, 82, '4.00', '1', 'SALON', '4.00', '-', NULL, NULL, '2022-04-27 21:35:39', 1, 1, NULL, NULL, 3),
(889, 347, 2, '12.00', '1', 'SALON', '12.00', '-', NULL, NULL, '2022-04-28 12:36:17', 1, 1, NULL, NULL, 3),
(890, 347, 83, '4.00', '1', 'SALON', '4.00', '-', NULL, NULL, '2022-04-28 12:36:17', 1, 1, NULL, NULL, 3),
(891, 348, 64, '40.00', '1', 'SALON', '40.00', '-', NULL, NULL, '2022-04-28 13:18:15', 1, 1, NULL, NULL, 3),
(892, 348, 109, '7.00', '1', 'SALON', '7.00', '-', NULL, NULL, '2022-04-28 13:18:15', 1, 1, NULL, NULL, 3),
(893, 348, 102, '1.00', '1', 'SALON', '1.00', '-', NULL, NULL, '2022-04-28 14:08:07', 1, 1, NULL, NULL, 3),
(894, 349, 6, '25.00', '3', 'SALON', '75.00', '-', NULL, NULL, '2022-04-28 15:07:26', 1, 1, NULL, NULL, 3),
(895, 349, 18, '40.00', '1', 'SALON', '40.00', '-', NULL, NULL, '2022-04-28 15:07:26', 1, 1, NULL, NULL, 3),
(896, 349, 51, '30.00', '1', 'SALON', '30.00', '-', NULL, NULL, '2022-04-28 15:07:26', 1, 1, NULL, NULL, 3),
(897, 349, 44, '40.00', '1', 'SALON', '40.00', '-', 'CAMBIO DE PRODUCTO', '2022-04-28 15:38:53', '2022-04-28 15:07:26', 0, 0, NULL, NULL, 3),
(898, 349, 10, '35.00', '1', 'SALON', '35.00', '-', NULL, NULL, '2022-04-28 15:07:26', 1, 1, NULL, NULL, 3),
(899, 349, 14, '35.00', '1', 'SALON', '35.00', '-', NULL, NULL, '2022-04-28 15:07:26', 1, 1, NULL, NULL, 3),
(900, 349, 13, '30.00', '1', 'SALON', '30.00', '-', NULL, NULL, '2022-04-28 15:07:26', 1, 1, NULL, NULL, 3),
(901, 349, 85, '4.00', '2', 'SALON', '8.00', '-', NULL, NULL, '2022-04-28 15:07:26', 1, 1, NULL, NULL, 3),
(902, 349, 30, '10.00', '2', 'SALON', '20.00', '-', NULL, NULL, '2022-04-28 15:07:26', 1, 1, NULL, NULL, 3),
(903, 349, 72, '15.00', '1', 'SALON', '15.00', '-', NULL, NULL, '2022-04-28 15:33:17', 1, 1, NULL, NULL, 3),
(904, 349, 127, '15.00', '1', 'SALON', '15.00', '-', NULL, NULL, '2022-04-28 15:36:14', 1, 1, NULL, NULL, 3),
(905, 349, 128, '50.00', '1', 'SALON', '50.00', '-', NULL, NULL, '2022-04-28 15:42:29', 1, 1, NULL, NULL, 3),
(906, 350, 30, '10.00', '2', 'SALON', '20.00', '-', NULL, NULL, '2022-04-28 16:17:00', 1, 1, NULL, NULL, 3),
(907, 351, 29, '9.00', '4', 'SALON', '36.00', '-', NULL, NULL, '2022-04-28 18:23:48', 1, 1, NULL, NULL, 3),
(908, 352, 120, '10.00', '1', 'SALON', '10.00', '-', NULL, NULL, '2022-04-28 18:24:26', 1, 1, NULL, NULL, 3),
(909, 352, 28, '8.00', '1', 'SALON', '8.00', '-', NULL, NULL, '2022-04-28 18:41:24', 1, 1, NULL, NULL, 3),
(910, 353, 23, '25.00', '1', 'SALON', '25.00', '-', NULL, NULL, '2022-04-28 19:16:09', 1, 1, NULL, NULL, 3),
(911, 353, 30, '10.00', '6', 'SALON', '60.00', '-', NULL, NULL, '2022-04-28 19:16:09', 1, 1, NULL, NULL, 3),
(912, 354, 30, '10.00', '8', 'SALON', '80.00', '-', NULL, NULL, '2022-04-28 19:21:56', 1, 1, NULL, NULL, 3),
(913, 354, 39, '35.00', '1', 'SALON', '35.00', '-', NULL, NULL, '2022-04-28 19:21:56', 1, 1, NULL, NULL, 3),
(914, 354, 2, '12.00', '1', 'SALON', '12.00', '-', NULL, NULL, '2022-04-28 19:21:56', 1, 1, NULL, NULL, 3),
(915, 354, 62, '35.00', '1', 'SALON', '35.00', '-', NULL, NULL, '2022-04-28 19:21:56', 1, 1, NULL, NULL, 3),
(916, 353, 6, '25.00', '1', 'SALON', '25.00', '-', NULL, NULL, '2022-04-28 19:50:27', 1, 1, NULL, NULL, 3),
(917, 355, 83, '4.00', '2', 'SALON', '8.00', '-', NULL, NULL, '2022-04-28 20:25:42', 1, 1, NULL, NULL, 3),
(918, 356, 2, '12.00', '1', 'SALON', '12.00', '-', NULL, NULL, '2022-04-28 20:50:44', 1, 1, NULL, NULL, 3),
(919, 356, 23, '25.00', '1', 'SALON', '25.00', '-', NULL, NULL, '2022-04-28 20:50:44', 1, 1, NULL, NULL, 3),
(920, 356, 82, '4.00', '1', 'SALON', '4.00', '-', NULL, NULL, '2022-04-28 21:15:11', 1, 1, NULL, NULL, 3),
(921, 356, 110, '3.00', '1', 'SALON', '3.00', '-', NULL, NULL, '2022-04-28 21:15:11', 1, 1, NULL, NULL, 3),
(922, 357, 73, '23.00', '1', 'SALON', '23.00', '-', NULL, NULL, '2022-04-28 21:19:39', 1, 1, NULL, NULL, 3);
INSERT INTO `comanda_detalle` (`id_comanda_detalle`, `id_comanda`, `id_producto`, `comanda_detalle_precio`, `comanda_detalle_cantidad`, `comanda_detalle_despacho`, `comanda_detalle_total`, `comanda_detalle_observacion`, `comanda_detalle_eliminacion`, `comanda_detalle_fecha_eliminacion`, `comanda_detalle_fecha_registro`, `comanda_detalle_estado`, `comanda_detalle_estado_venta`, `comanda_detalle_hora_entrega`, `comanda_detalle_usuario`, `id_usuario`) VALUES
(923, 357, 83, '4.00', '1', 'SALON', '4.00', '-', NULL, NULL, '2022-04-28 21:19:39', 1, 1, NULL, NULL, 3),
(924, 357, 85, '4.00', '1', 'SALON', '4.00', '-', NULL, NULL, '2022-04-28 21:19:39', 1, 1, NULL, NULL, 3),
(925, 357, 2, '12.00', '1', 'SALON', '12.00', '-', NULL, NULL, '2022-04-28 21:19:39', 1, 1, NULL, NULL, 3),
(926, 358, 32, '10.00', '16', 'SALON', '160.00', '-', NULL, NULL, '2022-04-28 21:50:22', 1, 1, NULL, NULL, 3),
(927, 358, 76, '23.00', '1', 'SALON', '23.00', '-', NULL, NULL, '2022-04-28 22:17:57', 1, 1, NULL, NULL, 3),
(928, 358, 85, '4.00', '1', 'SALON', '4.00', '-', NULL, NULL, '2022-04-28 23:52:19', 1, 1, NULL, NULL, 3),
(929, 358, 83, '4.00', '1', 'SALON', '4.00', '-', NULL, NULL, '2022-04-28 23:52:19', 1, 1, NULL, NULL, 3),
(930, 359, 13, '30.00', '1', 'SALON', '30.00', '-', NULL, NULL, '2022-04-29 11:56:49', 1, 1, NULL, NULL, 3),
(931, 359, 78, '15.00', '1', 'SALON', '15.00', '-', NULL, NULL, '2022-04-29 11:56:49', 1, 1, NULL, NULL, 3),
(932, 359, 83, '4.00', '1', 'SALON', '4.00', '-', NULL, NULL, '2022-04-29 12:25:50', 1, 1, NULL, NULL, 3),
(933, 359, 32, '10.00', '1', 'SALON', '10.00', '-', NULL, NULL, '2022-04-29 12:25:50', 1, 1, NULL, NULL, 3),
(934, 360, 30, '10.00', '7', 'SALON', '70.00', '-', NULL, NULL, '2022-04-29 12:49:25', 1, 1, NULL, NULL, 3),
(935, 360, 83, '4.00', '1', 'SALON', '4.00', '-', NULL, NULL, '2022-04-29 12:49:25', 1, 1, NULL, NULL, 3),
(936, 360, 64, '40.00', '1', 'SALON', '40.00', '-', NULL, NULL, '2022-04-29 12:49:25', 1, 1, NULL, NULL, 3),
(937, 360, 10, '35.00', '1', 'SALON', '35.00', '-', NULL, NULL, '2022-04-29 12:49:25', 1, 1, NULL, NULL, 3),
(938, 360, 6, '25.00', '2', 'SALON', '50.00', '-', NULL, NULL, '2022-04-29 12:49:25', 1, 1, NULL, NULL, 3),
(939, 360, 41, '38.00', '1', 'SALON', '38.00', '-', NULL, NULL, '2022-04-29 12:49:25', 1, 1, NULL, NULL, 3),
(940, 360, 53, '35.00', '1', 'SALON', '35.00', '-', NULL, NULL, '2022-04-29 12:49:25', 1, 1, NULL, NULL, 3),
(941, 361, 39, '35.00', '2', 'SALON', '70.00', '-', NULL, NULL, '2022-04-29 13:11:04', 1, 1, NULL, NULL, 3),
(942, 361, 36, '15.00', '1', 'SALON', '15.00', '-', NULL, NULL, '2022-04-29 13:11:04', 1, 1, NULL, NULL, 3),
(943, 361, 30, '10.00', '1', 'SALON', '10.00', '-', NULL, NULL, '2022-04-29 13:11:04', 1, 1, NULL, NULL, 3),
(944, 360, 3, '15.00', '1', 'SALON', '15.00', '-', NULL, NULL, '2022-04-29 13:28:57', 1, 1, NULL, NULL, 3),
(945, 362, 79, '18.00', '1', 'SALON', '18.00', '-', NULL, NULL, '2022-04-29 14:06:36', 1, 1, NULL, NULL, 3),
(946, 362, 65, '5.00', '1', 'SALON', '5.00', '-', NULL, NULL, '2022-04-29 14:06:36', 1, 1, NULL, NULL, 3),
(947, 363, 52, '30.00', '1', 'SALON', '30.00', '-', NULL, NULL, '2022-04-29 14:26:40', 1, 1, NULL, NULL, 3),
(948, 363, 64, '40.00', '1', 'SALON', '40.00', '-', NULL, NULL, '2022-04-29 14:26:40', 1, 1, NULL, NULL, 3),
(949, 363, 82, '4.00', '2', 'SALON', '8.00', '-', NULL, NULL, '2022-04-29 14:26:40', 1, 1, NULL, NULL, 3),
(950, 363, 83, '4.00', '1', 'SALON', '4.00', '-', NULL, NULL, '2022-04-29 14:26:40', 1, 1, NULL, NULL, 3),
(951, 362, 85, '4.00', '1', 'SALON', '4.00', '-', NULL, NULL, '2022-04-29 14:34:18', 1, 1, NULL, NULL, 3),
(952, 364, 53, '35.00', '1', 'SALON', '35.00', '-', NULL, NULL, '2022-04-29 14:51:31', 1, 1, NULL, NULL, 3),
(953, 364, 46, '30.00', '1', 'SALON', '30.00', '-', NULL, NULL, '2022-04-29 14:51:31', 1, 1, NULL, NULL, 3),
(954, 364, 101, '2.00', '2', 'SALON', '4.00', '-', NULL, NULL, '2022-04-29 14:51:31', 1, 1, NULL, NULL, 3),
(955, 365, 5, '20.00', '1', 'SALON', '20.00', '-', NULL, NULL, '2022-04-29 15:07:01', 1, 1, NULL, NULL, 3),
(956, 365, 4, '18.00', '1', 'SALON', '18.00', '-', NULL, NULL, '2022-04-29 15:07:01', 1, 1, NULL, NULL, 3),
(957, 365, 28, '8.00', '14', 'SALON', '112.00', '-', NULL, NULL, '2022-04-29 15:07:01', 1, 1, NULL, NULL, 3),
(958, 366, 28, '8.00', '10', 'SALON', '80.00', '-', NULL, NULL, '2022-04-29 15:46:56', 1, 1, NULL, NULL, 3),
(959, 367, 83, '4.00', '1', 'SALON', '4.00', '-', NULL, NULL, '2022-04-29 16:24:53', 1, 1, NULL, NULL, 3),
(960, 368, 13, '30.00', '1', 'SALON', '30.00', '-', 'no desea\n', '2022-04-29 19:21:33', '2022-04-29 16:29:07', 0, 0, NULL, NULL, 3),
(961, 368, 2, '12.00', '1', 'SALON', '12.00', '-', 'no desa', '2022-04-29 19:21:45', '2022-04-29 16:29:07', 0, 0, NULL, NULL, 3),
(962, 368, 83, '4.00', '2', 'SALON', '8.00', '-', 'no desea', '2022-04-29 19:21:56', '2022-04-29 16:32:11', 0, 0, NULL, NULL, 3),
(963, 366, 83, '4.00', '3', 'SALON', '12.00', '-', NULL, NULL, '2022-04-29 16:32:32', 1, 1, NULL, NULL, 3),
(964, 365, 83, '4.00', '1', 'SALON', '4.00', '-', 'no consumio', '2022-04-29 17:47:05', '2022-04-29 16:33:00', 0, 0, NULL, NULL, 3),
(965, 369, 83, '4.00', '1', 'SALON', '4.00', '-', 'no desea', '2022-04-29 16:33:43', '2022-04-29 16:33:24', 0, 0, NULL, NULL, 3),
(966, 370, 83, '4.00', '1', 'SALON', '4.00', '-', NULL, NULL, '2022-04-29 18:18:21', 1, 1, NULL, NULL, 3),
(967, 365, 13, '30.00', '1', 'SALON', '30.00', '-', NULL, NULL, '2022-04-29 19:21:07', 1, 1, NULL, NULL, 3),
(968, 365, 2, '12.00', '1', 'SALON', '12.00', '-', NULL, NULL, '2022-04-29 19:21:07', 1, 1, NULL, NULL, 3),
(969, 365, 83, '4.00', '2', 'SALON', '8.00', '-', NULL, NULL, '2022-04-29 19:21:07', 1, 1, NULL, NULL, 3),
(970, 371, 34, '12.00', '3', 'SALON', '36.00', '-', NULL, NULL, '2022-04-29 19:31:23', 1, 1, NULL, NULL, 3),
(971, 372, 28, '8.00', '2', 'SALON', '16.00', '-', NULL, NULL, '2022-04-29 19:33:28', 1, 1, NULL, NULL, 3),
(972, 373, 2, '12.00', '2', 'SALON', '24.00', '-', NULL, NULL, '2022-04-29 20:05:28', 1, 1, NULL, NULL, 3),
(973, 373, 28, '8.00', '4', 'SALON', '32.00', '-', NULL, NULL, '2022-04-29 20:05:28', 1, 1, NULL, NULL, 3),
(974, 374, 13, '30.00', '1', 'SALON', '30.00', '-', NULL, NULL, '2022-04-29 20:09:08', 1, 1, NULL, NULL, 3),
(975, 374, 28, '8.00', '2', 'SALON', '16.00', '-', NULL, NULL, '2022-04-29 20:09:08', 1, 1, NULL, NULL, 3),
(976, 375, 13, '30.00', '1', 'SALON', '30.00', '-', NULL, NULL, '2022-04-29 20:27:36', 1, 1, NULL, NULL, 3),
(977, 375, 30, '10.00', '3', 'SALON', '30.00', '-', NULL, NULL, '2022-04-29 20:27:36', 1, 1, NULL, NULL, 3),
(978, 375, 82, '4.00', '1', 'SALON', '4.00', '-', NULL, NULL, '2022-04-29 20:27:36', 1, 1, NULL, NULL, 3),
(979, 376, 75, '23.00', '1', 'SALON', '23.00', '-', NULL, NULL, '2022-04-29 20:41:20', 1, 1, NULL, NULL, 3),
(980, 374, 85, '4.00', '1', 'SALON', '4.00', '-', NULL, NULL, '2022-04-29 20:50:56', 1, 1, NULL, NULL, 3),
(981, 377, 28, '8.00', '1', 'SALON', '8.00', '-', NULL, NULL, '2022-04-29 21:07:02', 1, 1, NULL, NULL, 3),
(982, 377, 82, '4.00', '1', 'SALON', '4.00', '-', NULL, NULL, '2022-04-29 21:07:02', 1, 1, NULL, NULL, 3),
(983, 377, 65, '5.00', '2', 'SALON', '10.00', '-', NULL, NULL, '2022-04-29 21:07:02', 1, 1, NULL, NULL, 3),
(984, 374, 49, '35.00', '1', 'SALON', '35.00', '-', NULL, NULL, '2022-04-29 21:29:54', 1, 1, NULL, NULL, 3),
(985, 378, 28, '8.00', '4', 'SALON', '32.00', '-', NULL, NULL, '2022-04-29 22:05:58', 1, 1, NULL, NULL, 3),
(986, 374, 28, '8.00', '3', 'SALON', '24.00', '-', NULL, NULL, '2022-04-29 22:47:47', 1, 1, NULL, NULL, 3),
(987, 379, 28, '8.00', '1', 'SALON', '8.00', '-', NULL, NULL, '2022-04-29 23:04:52', 1, 1, NULL, NULL, 3),
(988, 380, 6, '25.00', '2', 'SALON', '50.00', '-', NULL, NULL, '2022-04-30 12:22:28', 1, 1, NULL, NULL, 3),
(989, 380, 85, '4.00', '2', 'SALON', '8.00', '-', NULL, NULL, '2022-04-30 12:22:28', 1, 1, NULL, NULL, 3),
(990, 380, 101, '2.00', '2', 'SALON', '4.00', '-', NULL, NULL, '2022-04-30 12:22:28', 1, 1, NULL, NULL, 3),
(991, 381, 10, '35.00', '2', 'SALON', '70.00', '-', NULL, NULL, '2022-04-30 13:37:07', 1, 1, NULL, NULL, 3),
(992, 381, 36, '15.00', '1', 'SALON', '15.00', '-', NULL, NULL, '2022-04-30 13:37:07', 1, 1, NULL, NULL, 3),
(993, 382, 61, '35.00', '2', 'SALON', '70.00', '-', NULL, NULL, '2022-04-30 13:51:34', 1, 1, NULL, NULL, 3),
(994, 382, 83, '4.00', '1', 'SALON', '4.00', '-', NULL, NULL, '2022-04-30 13:51:34', 1, 1, NULL, NULL, 3),
(995, 382, 82, '4.00', '1', 'SALON', '4.00', '-', NULL, NULL, '2022-04-30 13:51:34', 1, 1, NULL, NULL, 3),
(996, 382, 101, '2.00', '2', 'SALON', '4.00', '-', NULL, NULL, '2022-04-30 13:55:11', 1, 1, NULL, NULL, 3),
(997, 383, 103, '2.00', '1', 'SALON', '2.00', '-', NULL, NULL, '2022-04-30 15:17:36', 1, 1, NULL, NULL, 3),
(998, 384, 28, '8.00', '2', 'SALON', '16.00', '-', NULL, NULL, '2022-04-30 15:38:08', 1, 1, NULL, NULL, 3),
(999, 385, 28, '8.00', '3', 'SALON', '24.00', '-', NULL, NULL, '2022-04-30 15:40:25', 1, 1, NULL, NULL, 3),
(1000, 386, 28, '8.00', '2', 'SALON', '16.00', '-', NULL, NULL, '2022-04-30 18:11:20', 1, 1, NULL, NULL, 3),
(1001, 386, 103, '2.00', '1', 'SALON', '2.00', '-', NULL, NULL, '2022-04-30 18:11:56', 1, 1, NULL, NULL, 3),
(1002, 387, 28, '8.00', '2', 'SALON', '16.00', '-', NULL, NULL, '2022-04-30 18:12:34', 1, 1, NULL, NULL, 3),
(1003, 388, 10, '35.00', '1', 'SALON', '35.00', '-', NULL, NULL, '2022-04-30 18:25:52', 1, 1, NULL, NULL, 3),
(1004, 388, 2, '12.00', '1', 'SALON', '12.00', '-', NULL, NULL, '2022-04-30 18:25:52', 1, 1, NULL, NULL, 3),
(1005, 388, 28, '8.00', '4', 'SALON', '32.00', '-', NULL, NULL, '2022-04-30 18:26:20', 1, 1, NULL, NULL, 3),
(1006, 389, 28, '8.00', '3', 'SALON', '24.00', '-', NULL, NULL, '2022-04-30 18:46:41', 1, 1, NULL, NULL, 3),
(1007, 390, 28, '8.00', '3', 'SALON', '24.00', '-', NULL, NULL, '2022-04-30 19:07:12', 1, 1, NULL, NULL, 3),
(1008, 391, 2, '12.00', '3', 'SALON', '36.00', '-', NULL, NULL, '2022-04-30 19:07:45', 1, 1, NULL, NULL, 3),
(1009, 391, 28, '8.00', '4', 'SALON', '32.00', '-', NULL, NULL, '2022-04-30 19:16:11', 1, 1, NULL, NULL, 3),
(1010, 392, 103, '2.00', '2', 'SALON', '4.00', '-', NULL, NULL, '2022-04-30 19:18:32', 1, 1, NULL, NULL, 3),
(1011, 393, 6, '25.00', '2', 'SALON', '50.00', '-', NULL, NULL, '2022-04-30 19:19:27', 1, 1, NULL, NULL, 3),
(1012, 391, 85, '4.00', '8', 'SALON', '32.00', '-', NULL, NULL, '2022-04-30 19:22:51', 1, 1, NULL, NULL, 3),
(1013, 393, 120, '10.00', '3', 'SALON', '30.00', '-', NULL, NULL, '2022-04-30 19:24:20', 1, 1, NULL, NULL, 3),
(1014, 394, 28, '8.00', '5', 'SALON', '40.00', '-', NULL, NULL, '2022-04-30 19:31:30', 1, 1, NULL, NULL, 3),
(1015, 394, 103, '2.00', '3', 'SALON', '6.00', '-', NULL, NULL, '2022-04-30 19:36:53', 1, 1, NULL, NULL, 3),
(1016, 394, 83, '4.00', '1', 'SALON', '4.00', '-', NULL, NULL, '2022-04-30 19:44:42', 1, 1, NULL, NULL, 3),
(1017, 394, 82, '4.00', '1', 'SALON', '4.00', '-', NULL, NULL, '2022-04-30 19:44:42', 1, 1, NULL, NULL, 3),
(1018, 393, 76, '23.00', '1', 'SALON', '23.00', '-', NULL, NULL, '2022-04-30 19:52:43', 1, 1, NULL, NULL, 3),
(1019, 395, 74, '23.00', '1', 'SALON', '23.00', '-', NULL, NULL, '2022-04-30 20:00:08', 1, 1, NULL, NULL, 3),
(1020, 395, 82, '4.00', '2', 'SALON', '8.00', '-', NULL, NULL, '2022-04-30 20:00:08', 1, 1, NULL, NULL, 3),
(1021, 395, 119, '12.00', '1', 'SALON', '12.00', '-', NULL, NULL, '2022-04-30 20:00:08', 1, 1, NULL, NULL, 3),
(1022, 394, 85, '4.00', '1', 'SALON', '4.00', '-', NULL, NULL, '2022-04-30 20:00:35', 1, 1, NULL, NULL, 3),
(1023, 396, 28, '8.00', '5', 'SALON', '40.00', '-', NULL, NULL, '2022-04-30 20:26:53', 1, 1, NULL, NULL, 3),
(1024, 396, 46, '30.00', '1', 'SALON', '30.00', '-', NULL, NULL, '2022-04-30 20:26:53', 1, 1, NULL, NULL, 3),
(1025, 396, 6, '25.00', '1', 'SALON', '25.00', '-', NULL, NULL, '2022-04-30 20:26:53', 1, 1, NULL, NULL, 3),
(1026, 396, 73, '23.00', '1', 'SALON', '23.00', '-', NULL, NULL, '2022-04-30 20:26:53', 1, 1, NULL, NULL, 3),
(1027, 396, 19, '35.00', '1', 'SALON', '35.00', '-', NULL, NULL, '2022-04-30 20:26:53', 1, 1, NULL, NULL, 3),
(1028, 396, 85, '4.00', '2', 'SALON', '8.00', '-', NULL, NULL, '2022-04-30 20:27:37', 1, 1, NULL, NULL, 3),
(1029, 397, 28, '8.00', '3', 'SALON', '24.00', '-', NULL, NULL, '2022-04-30 20:38:05', 1, 1, NULL, NULL, 3),
(1030, 391, 83, '4.00', '2', 'SALON', '8.00', '-', NULL, NULL, '2022-04-30 20:41:51', 1, 1, NULL, NULL, 3),
(1031, 398, 51, '30.00', '1', 'SALON', '30.00', '-', NULL, NULL, '2022-04-30 20:54:30', 1, 1, NULL, NULL, 3),
(1032, 398, 101, '2.00', '1', 'SALON', '2.00', '-', NULL, NULL, '2022-04-30 20:54:30', 1, 1, NULL, NULL, 3),
(1033, 399, 119, '12.00', '4', 'SALON', '48.00', '-', NULL, NULL, '2022-04-30 21:07:19', 1, 1, NULL, NULL, 3),
(1034, 400, 32, '10.00', '3', 'SALON', '30.00', '-', NULL, NULL, '2022-04-30 21:12:37', 1, 1, NULL, NULL, 3),
(1035, 400, 28, '8.00', '3', 'SALON', '24.00', '-', NULL, NULL, '2022-04-30 21:12:37', 1, 1, NULL, NULL, 3),
(1036, 401, 103, '2.00', '2', 'SALON', '4.00', '-', NULL, NULL, '2022-04-30 21:13:45', 1, 1, NULL, NULL, 3),
(1037, 402, 103, '2.00', '2', 'SALON', '4.00', '-', NULL, NULL, '2022-04-30 21:15:25', 1, 1, NULL, NULL, 3),
(1038, 403, 28, '8.00', '1', 'SALON', '8.00', '-', NULL, NULL, '2022-04-30 21:58:00', 1, 1, NULL, NULL, 3),
(1039, 403, 103, '2.00', '2', 'SALON', '4.00', '-', NULL, NULL, '2022-04-30 21:58:00', 1, 1, NULL, NULL, 3),
(1040, 404, 28, '8.00', '4', 'SALON', '32.00', '-', NULL, NULL, '2022-04-30 22:06:02', 1, 1, NULL, NULL, 3),
(1041, 405, 28, '8.00', '9', 'SALON', '72.00', '-', NULL, NULL, '2022-04-30 22:25:20', 1, 1, NULL, NULL, 3),
(1042, 406, 28, '8.00', '5', 'SALON', '40.00', '-', NULL, NULL, '2022-04-30 22:30:51', 1, 1, NULL, NULL, 3),
(1043, 406, 85, '4.00', '1', 'SALON', '4.00', '-', NULL, NULL, '2022-04-30 22:30:51', 1, 1, NULL, NULL, 3),
(1044, 405, 103, '2.00', '5', 'SALON', '10.00', '-', NULL, NULL, '2022-04-30 22:50:26', 1, 1, NULL, NULL, 3),
(1045, 407, 28, '8.00', '8', 'SALON', '64.00', '-', NULL, NULL, '2022-04-30 22:58:45', 1, 1, NULL, NULL, 3),
(1046, 408, 2, '12.00', '1', 'SALON', '12.00', '-', NULL, NULL, '2022-04-30 22:59:18', 1, 1, NULL, NULL, 3),
(1047, 408, 84, '4.00', '1', 'SALON', '4.00', '-', NULL, NULL, '2022-04-30 23:05:40', 1, 1, NULL, NULL, 3),
(1048, 409, 34, '12.00', '6', 'SALON', '72.00', '-', NULL, NULL, '2022-04-30 23:15:25', 1, 1, NULL, NULL, 3),
(1049, 410, 28, '8.00', '3', 'SALON', '24.00', '-', NULL, NULL, '2022-04-30 23:17:38', 1, 1, NULL, NULL, 3),
(1050, 411, 28, '8.00', '1', 'SALON', '8.00', '-', NULL, NULL, '2022-04-30 23:26:58', 1, 1, NULL, NULL, 3),
(1051, 409, 103, '2.00', '1', 'SALON', '2.00', '-', NULL, NULL, '2022-04-30 23:33:50', 1, 1, NULL, NULL, 3),
(1052, 412, 28, '8.00', '6', 'SALON', '48.00', '-', NULL, NULL, '2022-04-30 23:45:38', 1, 1, NULL, NULL, 3),
(1053, 413, 70, '7.00', '2', 'SALON', '14.00', '-', NULL, NULL, '2022-04-30 23:49:19', 1, 1, NULL, NULL, 3),
(1054, 413, 75, '23.00', '1', 'SALON', '23.00', '-', NULL, NULL, '2022-04-30 23:49:19', 1, 1, NULL, NULL, 3),
(1055, 413, 73, '23.00', '1', 'SALON', '23.00', '-', NULL, NULL, '2022-04-30 23:49:19', 1, 1, NULL, NULL, 3),
(1056, 413, 36, '15.00', '1', 'SALON', '15.00', '-', NULL, NULL, '2022-04-30 23:49:19', 1, 1, NULL, NULL, 3),
(1057, 414, 28, '8.00', '1', 'SALON', '8.00', '-', NULL, NULL, '2022-04-30 23:57:01', 1, 1, NULL, NULL, 3),
(1058, 414, 83, '4.00', '1', 'SALON', '4.00', '-', NULL, NULL, '2022-04-30 23:57:01', 1, 1, NULL, NULL, 3),
(1059, 415, 28, '8.00', '1', 'SALON', '8.00', '-', NULL, NULL, '2022-05-01 00:27:10', 1, 1, NULL, NULL, 3),
(1060, 416, 32, '10.00', '12', 'SALON', '120.00', '-', NULL, NULL, '2022-05-01 00:37:03', 1, 1, NULL, NULL, 3),
(1061, 417, 28, '8.00', '4', 'SALON', '32.00', '-', NULL, NULL, '2022-05-01 00:50:50', 1, 1, NULL, NULL, 3),
(1062, 413, 119, '12.00', '2', 'SALON', '24.00', '-', NULL, NULL, '2022-05-01 00:51:57', 1, 1, NULL, NULL, 3),
(1063, 418, 103, '2.00', '1', 'Delivery', '2.00', '-', NULL, NULL, '2022-05-01 01:03:10', 1, 0, NULL, NULL, 3),
(1064, 418, 119, '12.00', '1', 'Delivery', '12.00', '-', NULL, NULL, '2022-05-01 01:03:10', 1, 0, NULL, NULL, 3),
(1065, 419, 103, '2.00', '1', 'SALON', '2.00', '-', NULL, NULL, '2022-05-01 01:30:28', 1, 1, NULL, NULL, 3),
(1066, 419, 119, '12.00', '1', 'SALON', '12.00', '-', NULL, NULL, '2022-05-01 01:30:28', 1, 1, NULL, NULL, 3),
(1067, 420, 28, '8.00', '6', 'SALON', '48.00', '-', NULL, NULL, '2022-05-01 01:36:04', 1, 1, NULL, NULL, 3),
(1068, 421, 83, '4.00', '1', 'SALON', '4.00', '-', NULL, NULL, '2022-05-01 13:07:48', 1, 1, NULL, NULL, 3),
(1069, 422, 47, '30.00', '1', 'SALON', '30.00', '-', NULL, NULL, '2022-05-01 13:17:51', 1, 1, NULL, NULL, 3),
(1070, 422, 101, '2.00', '1', 'SALON', '2.00', '-', NULL, NULL, '2022-05-01 13:17:51', 1, 1, NULL, NULL, 3),
(1071, 422, 7, '28.00', '1', 'SALON', '28.00', '-', NULL, NULL, '2022-05-01 13:38:47', 1, 1, NULL, NULL, 3),
(1072, 422, 101, '2.00', '1', 'SALON', '2.00', '-', NULL, NULL, '2022-05-01 13:38:47', 1, 1, NULL, NULL, 3),
(1073, 422, 82, '4.00', '1', 'SALON', '4.00', '-', NULL, NULL, '2022-05-01 13:43:37', 1, 1, NULL, NULL, 3),
(1074, 423, 83, '4.00', '1', 'SALON', '4.00', '-', NULL, NULL, '2022-05-01 14:00:00', 1, 1, NULL, NULL, 3),
(1075, 424, 53, '35.00', '1', 'SALON', '35.00', '-', NULL, NULL, '2022-05-01 14:50:46', 1, 1, NULL, NULL, 3),
(1076, 424, 82, '4.00', '1', 'SALON', '4.00', '-', NULL, NULL, '2022-05-01 14:50:46', 1, 1, NULL, NULL, 3),
(1077, 425, 2, '12.00', '1', 'SALON', '12.00', '-', NULL, NULL, '2022-05-01 15:07:54', 1, 1, NULL, NULL, 3),
(1078, 425, 82, '4.00', '1', 'SALON', '4.00', '-', NULL, NULL, '2022-05-01 15:07:54', 1, 1, NULL, NULL, 3),
(1079, 425, 28, '8.00', '2', 'SALON', '16.00', '-', NULL, NULL, '2022-05-01 15:07:54', 1, 1, NULL, NULL, 3),
(1080, 426, 83, '4.00', '1', 'SALON', '4.00', '-', NULL, NULL, '2022-05-01 15:23:20', 1, 1, NULL, NULL, 3),
(1081, 426, 28, '8.00', '1', 'SALON', '8.00', '-', NULL, NULL, '2022-05-01 15:23:20', 1, 1, NULL, NULL, 3),
(1082, 426, 39, '35.00', '1', 'SALON', '35.00', '-', NULL, NULL, '2022-05-01 15:23:20', 1, 1, NULL, NULL, 3),
(1083, 426, 61, '35.00', '1', 'SALON', '35.00', '-', NULL, NULL, '2022-05-01 15:23:20', 1, 1, NULL, NULL, 3),
(1084, 427, 28, '8.00', '2', 'SALON', '16.00', '-', NULL, NULL, '2022-05-01 15:29:54', 1, 1, NULL, NULL, 3),
(1085, 425, 6, '25.00', '1', 'SALON', '25.00', '-', NULL, NULL, '2022-05-01 15:36:07', 1, 1, NULL, NULL, 3),
(1086, 425, 83, '4.00', '2', 'SALON', '8.00', '-', NULL, NULL, '2022-05-01 15:36:07', 1, 1, NULL, NULL, 3),
(1087, 428, 28, '8.00', '2', 'SALON', '16.00', '-', NULL, NULL, '2022-05-01 15:43:13', 1, 1, NULL, NULL, 3),
(1088, 428, 64, '40.00', '1', 'SALON', '40.00', '-', NULL, NULL, '2022-05-01 15:43:13', 1, 1, NULL, NULL, 3),
(1089, 428, 19, '35.00', '1', 'SALON', '35.00', '-', NULL, NULL, '2022-05-01 15:43:13', 1, 1, NULL, NULL, 3),
(1090, 429, 5, '20.00', '1', 'SALON', '20.00', '-', NULL, NULL, '2022-05-01 15:50:02', 1, 1, NULL, NULL, 3),
(1091, 430, 5, '20.00', '1', 'SALON', '20.00', '-', NULL, NULL, '2022-05-01 15:55:04', 1, 1, NULL, NULL, 3),
(1092, 430, 28, '8.00', '2', 'SALON', '16.00', '-', NULL, NULL, '2022-05-01 15:55:04', 1, 1, NULL, NULL, 3),
(1093, 431, 2, '12.00', '2', 'SALON', '24.00', '-', 'cambio', '2022-05-01 16:30:10', '2022-05-01 16:01:27', 0, 0, NULL, NULL, 3),
(1094, 432, 76, '23.00', '1', 'SALON', '23.00', '-', NULL, NULL, '2022-05-01 16:25:34', 1, 1, NULL, NULL, 3),
(1095, 432, 28, '8.00', '1', 'SALON', '8.00', '-', NULL, NULL, '2022-05-01 16:25:34', 1, 1, NULL, NULL, 3),
(1096, 432, 85, '4.00', '2', 'SALON', '8.00', '-', NULL, NULL, '2022-05-01 16:26:44', 1, 1, NULL, NULL, 3),
(1097, 432, 2, '12.00', '2', 'SALON', '24.00', '-', NULL, NULL, '2022-05-01 16:30:34', 1, 1, NULL, NULL, 3),
(1098, 429, 28, '8.00', '2', 'SALON', '16.00', '-', NULL, NULL, '2022-05-01 16:44:37', 1, 1, NULL, NULL, 3),
(1099, 433, 5, '20.00', '1', 'SALON', '20.00', '-', NULL, NULL, '2022-05-01 17:12:23', 1, 1, NULL, NULL, 3),
(1100, 433, 39, '35.00', '1', 'SALON', '35.00', '-', NULL, NULL, '2022-05-01 17:12:23', 1, 1, NULL, NULL, 3),
(1101, 433, 82, '4.00', '2', 'SALON', '8.00', '-', NULL, NULL, '2022-05-01 17:12:23', 1, 1, NULL, NULL, 3),
(1102, 434, 30, '10.00', '2', 'SALON', '20.00', '-', NULL, NULL, '2022-05-01 17:17:09', 1, 1, NULL, NULL, 3),
(1103, 434, 85, '4.00', '2', 'SALON', '8.00', '-', NULL, NULL, '2022-05-01 17:26:11', 1, 1, NULL, NULL, 3),
(1104, 434, 6, '25.00', '1', 'SALON', '25.00', '-', NULL, NULL, '2022-05-01 17:27:21', 1, 1, NULL, NULL, 3),
(1105, 435, 30, '10.00', '6', 'SALON', '60.00', '-', NULL, NULL, '2022-05-01 17:29:50', 1, 1, NULL, NULL, 3),
(1106, 434, 78, '15.00', '1', 'SALON', '15.00', '-', NULL, NULL, '2022-05-01 17:35:39', 1, 1, NULL, NULL, 3),
(1107, 436, 30, '10.00', '1', 'SALON', '10.00', '-', NULL, NULL, '2022-05-01 17:37:36', 1, 1, NULL, NULL, 3),
(1108, 436, 28, '8.00', '2', 'SALON', '16.00', '-', NULL, NULL, '2022-05-01 17:54:26', 1, 1, NULL, NULL, 3),
(1109, 437, 83, '4.00', '1', 'SALON', '4.00', '-', NULL, NULL, '2022-05-01 18:01:16', 1, 1, NULL, NULL, 3),
(1110, 438, 28, '8.00', '3', 'SALON', '24.00', '-', NULL, NULL, '2022-05-01 18:25:34', 1, 1, NULL, NULL, 3);

-- --------------------------------------------------------

--
-- Table structure for table `conversiones`
--

CREATE TABLE `conversiones` (
  `id_conversion` int(11) NOT NULL,
  `id_recurso_sede` int(11) NOT NULL,
  `conversion_cantidad` decimal(10,2) NOT NULL,
  `conversion_unidad_medida` int(11) NOT NULL,
  `conversion_fecha_registro` datetime NOT NULL,
  `conversion_estado` tinyint(2) NOT NULL
) ENGINE=InnoDB DEFAULT CHARSET=utf8 COLLATE=utf8_unicode_ci;

-- --------------------------------------------------------

--
-- Table structure for table `correlativos`
--

CREATE TABLE `correlativos` (
  `id_correlativo` int(11) NOT NULL,
  `correlativo_b` int(11) NOT NULL,
  `correlativo_f` int(11) NOT NULL,
  `correlativo_in` int(11) NOT NULL,
  `correlativo_out` int(11) NOT NULL,
  `correlativo_nc` int(11) NOT NULL,
  `correlativo_nd` int(11) NOT NULL,
  `correlativo_venta` int(11) NOT NULL
) ENGINE=InnoDB DEFAULT CHARSET=utf8 COLLATE=utf8_spanish_ci;

--
-- Dumping data for table `correlativos`
--

INSERT INTO `correlativos` (`id_correlativo`, `correlativo_b`, `correlativo_f`, `correlativo_in`, `correlativo_out`, `correlativo_nc`, `correlativo_nd`, `correlativo_venta`) VALUES
(2, 6, 3, 100000, 100001, 2, 1, 100030);

-- --------------------------------------------------------

--
-- Table structure for table `detalle_compra`
--

CREATE TABLE `detalle_compra` (
  `id_detalle_compra` int(11) NOT NULL,
  `id_orden_compra` int(11) NOT NULL,
  `id_recurso_sede` int(11) NOT NULL,
  `detalle_compra_cantidad` float NOT NULL,
  `detalle_compra_cantidad_recibida` float DEFAULT NULL,
  `detalle_compra_precio_compra` decimal(10,2) NOT NULL,
  `detalle_compra_total_pedido` decimal(10,2) NOT NULL,
  `detalle_compra_tipo_moneda` varchar(100) COLLATE utf8_unicode_ci DEFAULT NULL,
  `detalle_compra_tipo_cambio` decimal(10,5) DEFAULT NULL,
  `detalle_compra_total_dolares` decimal(10,2) DEFAULT '0.00',
  `detalle_compra_total_pagado` decimal(10,2) DEFAULT NULL,
  `detalle_compra_estado` tinyint(2) NOT NULL
) ENGINE=InnoDB DEFAULT CHARSET=utf8 COLLATE=utf8_unicode_ci;

-- --------------------------------------------------------

--
-- Table structure for table `detalle_recetas`
--

CREATE TABLE `detalle_recetas` (
  `id_detalle_receta` int(11) NOT NULL,
  `id_receta` int(11) NOT NULL,
  `id_recursos_sede` int(11) NOT NULL,
  `detalle_receta_unidad_medida` int(11) DEFAULT NULL,
  `detalle_receta_cantidad` varchar(100) COLLATE utf8mb4_unicode_ci NOT NULL,
  `detalle_receta_precio` decimal(10,2) NOT NULL,
  `detalle_receta_estado` tinyint(4) NOT NULL
) ENGINE=InnoDB DEFAULT CHARSET=utf8mb4 COLLATE=utf8mb4_unicode_ci;

--
-- Dumping data for table `detalle_recetas`
--

INSERT INTO `detalle_recetas` (`id_detalle_receta`, `id_receta`, `id_recursos_sede`, `detalle_receta_unidad_medida`, `detalle_receta_cantidad`, `detalle_receta_precio`, `detalle_receta_estado`) VALUES
(1, 32, 7, 0, '1', '0.00', 1),
(2, 30, 5, 0, '1', '0.00', 1),
(3, 27, 2, 0, '1', '0.00', 1),
(4, 29, 4, 0, '1', '0.00', 1),
(5, 34, 9, 0, '1', '0.00', 1),
(6, 28, 3, 0, '1', '0.00', 1),
(7, 31, 6, 0, '1', '0.00', 1),
(8, 33, 8, 0, '1', '0.00', 1);

-- --------------------------------------------------------

--
-- Table structure for table `documentos`
--

CREATE TABLE `documentos` (
  `id_documento` int(11) NOT NULL,
  `id_persona` int(11) NOT NULL,
  `id_adjunto` int(11) NOT NULL,
  `id_periodo` int(11) NOT NULL,
  `documento_nombre` varchar(200) COLLATE utf8_unicode_ci NOT NULL,
  `documento_fechainicio` date NOT NULL,
  `documento_fechafin` date NOT NULL,
  `documento_fecha_registro` datetime NOT NULL,
  `documento_estado` tinyint(1) NOT NULL
) ENGINE=InnoDB DEFAULT CHARSET=utf8 COLLATE=utf8_unicode_ci;

-- --------------------------------------------------------

--
-- Table structure for table `empresa`
--

CREATE TABLE `empresa` (
  `id_empresa` int(11) NOT NULL,
  `empresa_razon_social` varchar(200) COLLATE utf8_unicode_ci NOT NULL,
  `empresa_nombrecomercial` varchar(200) COLLATE utf8_unicode_ci DEFAULT NULL,
  `empresa_descrpcion` varchar(200) COLLATE utf8_unicode_ci DEFAULT NULL,
  `empresa_ruc` varchar(20) COLLATE utf8_unicode_ci NOT NULL,
  `empresa_domiciliofiscal` varchar(250) COLLATE utf8_unicode_ci NOT NULL,
  `empresa_pais` varchar(30) COLLATE utf8_unicode_ci NOT NULL,
  `empresa_departamento` varchar(30) COLLATE utf8_unicode_ci NOT NULL,
  `empresa_provincia` varchar(50) COLLATE utf8_unicode_ci NOT NULL,
  `empresa_distrito` varchar(50) COLLATE utf8_unicode_ci NOT NULL,
  `empresa_ubigeo` varchar(20) COLLATE utf8_unicode_ci DEFAULT NULL,
  `empresa_telefono1` varchar(50) COLLATE utf8_unicode_ci DEFAULT NULL,
  `empresa_telefono2` varchar(50) COLLATE utf8_unicode_ci DEFAULT NULL,
  `empresa_celular1` varchar(50) COLLATE utf8_unicode_ci DEFAULT NULL,
  `empresa_celular2` varchar(50) COLLATE utf8_unicode_ci DEFAULT NULL,
  `empresa_foto` varchar(250) COLLATE utf8_unicode_ci DEFAULT NULL,
  `empresa_correo` varchar(200) COLLATE utf8_unicode_ci DEFAULT NULL,
  `empresa_usuario_sol` varchar(50) COLLATE utf8_unicode_ci NOT NULL,
  `empresa_clave_sol` varchar(50) COLLATE utf8_unicode_ci NOT NULL,
  `empresa_fechayhora` datetime NOT NULL DEFAULT CURRENT_TIMESTAMP,
  `empresa_estado` tinyint(4) NOT NULL DEFAULT '1'
) ENGINE=InnoDB DEFAULT CHARSET=utf8 COLLATE=utf8_unicode_ci;

--
-- Dumping data for table `empresa`
--

INSERT INTO `empresa` (`id_empresa`, `empresa_razon_social`, `empresa_nombrecomercial`, `empresa_descrpcion`, `empresa_ruc`, `empresa_domiciliofiscal`, `empresa_pais`, `empresa_departamento`, `empresa_provincia`, `empresa_distrito`, `empresa_ubigeo`, `empresa_telefono1`, `empresa_telefono2`, `empresa_celular1`, `empresa_celular2`, `empresa_foto`, `empresa_correo`, `empresa_usuario_sol`, `empresa_clave_sol`, `empresa_fechayhora`, `empresa_estado`) VALUES
(1, 'HNOS.GARCIA SERVICIOS MULTIPLES S.R.L.', 'SIMPSON RESTOBAR', 'SIMPSON RESTOBAR', '20606798939', 'CAL.LOS ROSALES NRO. 219C', 'PE', 'LORETO', 'MAYNAS', 'SAN JUAN BAUTISTA', '160101', NULL, NULL, NULL, NULL, NULL, NULL, 'SIMPBUFE', 'Simpbufeo1', '2022-03-02 12:30:31', 1);

-- --------------------------------------------------------

--
-- Table structure for table `envio_resumen`
--

CREATE TABLE `envio_resumen` (
  `id_envio_resumen` int(11) NOT NULL,
  `id_empresa` int(11) NOT NULL DEFAULT '1',
  `envio_resumen_fecha` date NOT NULL,
  `envio_resumen_serie` varchar(20) NOT NULL,
  `envio_resumen_correlativo` varchar(20) NOT NULL,
  `envio_resumen_nombreXML` varchar(200) DEFAULT NULL,
  `envio_resumen_nombreCDR` varchar(200) DEFAULT NULL,
  `envio_resumen_estado` tinyint(4) NOT NULL DEFAULT '0',
  `envio_resumen_estadosunat` varchar(2000) DEFAULT NULL,
  `envio_resumen_estadosunat_consulta` varchar(2000) DEFAULT NULL,
  `envio_resumen_ticket` varchar(100) NOT NULL,
  `envio_sunat_datetime` datetime NOT NULL DEFAULT CURRENT_TIMESTAMP
) ENGINE=InnoDB DEFAULT CHARSET=latin1;

--
-- Dumping data for table `envio_resumen`
--

INSERT INTO `envio_resumen` (`id_envio_resumen`, `id_empresa`, `envio_resumen_fecha`, `envio_resumen_serie`, `envio_resumen_correlativo`, `envio_resumen_nombreXML`, `envio_resumen_nombreCDR`, `envio_resumen_estado`, `envio_resumen_estadosunat`, `envio_resumen_estadosunat_consulta`, `envio_resumen_ticket`, `envio_sunat_datetime`) VALUES
(1, 1, '2022-04-06', '20220430', '1', 'libs/ApiFacturacion/xml/20606798939-RC-20220430-1.XML', 'libs/ApiFacturacion/cdr/R-20606798939-RC-20220430-1.XML', 1, 'TICKET ENVIADO', 'El Comprobante RC-20220430-1, ha sido aceptado', '202209127441115', '2022-04-30 15:07:03'),
(2, 1, '2022-04-07', '20220430', '2', 'libs/ApiFacturacion/xml/20606798939-RC-20220430-2.XML', 'libs/ApiFacturacion/cdr/R-20606798939-RC-20220430-2.XML', 1, 'TICKET ENVIADO', 'El Comprobante RC-20220430-2, ha sido aceptado', '202209127442846', '2022-04-30 15:07:26'),
(3, 1, '2022-04-08', '20220430', '3', 'libs/ApiFacturacion/xml/20606798939-RC-20220430-3.XML', NULL, 1, 'TICKET ENVIADO', NULL, '202209127445409', '2022-04-30 15:08:04'),
(4, 1, '2022-04-09', '20220430', '4', 'libs/ApiFacturacion/xml/20606798939-RC-20220430-4.XML', NULL, 1, 'TICKET ENVIADO', NULL, '202209127452855', '2022-04-30 15:09:49'),
(5, 1, '2022-04-10', '20220430', '5', 'libs/ApiFacturacion/xml/20606798939-RC-20220430-5.XML', 'libs/ApiFacturacion/cdr/R-20606798939-RC-20220430-5.XML', 1, 'TICKET ENVIADO', 'El Comprobante RC-20220430-5, ha sido aceptado', '202209127455352', '2022-04-30 15:10:22'),
(6, 1, '2022-04-12', '20220430', '6', 'libs/ApiFacturacion/xml/20606798939-RC-20220430-6.XML', NULL, 1, 'TICKET ENVIADO', NULL, '202209127460175', '2022-04-30 15:11:15'),
(7, 1, '2022-04-13', '20220430', '7', 'libs/ApiFacturacion/xml/20606798939-RC-20220430-7.XML', 'libs/ApiFacturacion/cdr/R-20606798939-RC-20220430-7.XML', 1, 'TICKET ENVIADO', 'El Comprobante RC-20220430-7, ha sido aceptado', '202209127462314', '2022-04-30 15:11:33'),
(8, 1, '2022-04-14', '20220430', '8', 'libs/ApiFacturacion/xml/20606798939-RC-20220430-8.XML', 'libs/ApiFacturacion/cdr/R-20606798939-RC-20220430-8.XML', 1, 'TICKET ENVIADO', 'El Comprobante RC-20220430-8, ha sido aceptado', '202209127463344', '2022-04-30 15:11:46'),
(9, 1, '2022-04-15', '20220430', '9', 'libs/ApiFacturacion/xml/20606798939-RC-20220430-9.XML', 'libs/ApiFacturacion/cdr/R-20606798939-RC-20220430-9.XML', 1, 'TICKET ENVIADO', 'El Comprobante RC-20220430-9, ha sido aceptado', '202209127464431', '2022-04-30 15:12:02'),
(10, 1, '2022-04-16', '20220430', '10', 'libs/ApiFacturacion/xml/20606798939-RC-20220430-10.XML', 'libs/ApiFacturacion/cdr/R-20606798939-RC-20220430-10.XML', 1, 'TICKET ENVIADO', 'El Comprobante RC-20220430-10, ha sido aceptado', '202209127465831', '2022-04-30 15:12:17'),
(11, 1, '2022-04-17', '20220430', '11', 'libs/ApiFacturacion/xml/20606798939-RC-20220430-11.XML', 'libs/ApiFacturacion/cdr/R-20606798939-RC-20220430-11.XML', 1, 'TICKET ENVIADO', 'El Comprobante RC-20220430-11, ha sido aceptado', '202209127470265', '2022-04-30 15:13:02'),
(12, 1, '2022-04-19', '20220430', '12', 'libs/ApiFacturacion/xml/20606798939-RC-20220430-12.XML', NULL, 1, 'TICKET ENVIADO', NULL, '202209127473060', '2022-04-30 15:13:33'),
(13, 1, '2022-04-20', '20220430', '13', 'libs/ApiFacturacion/xml/20606798939-RC-20220430-13.XML', 'libs/ApiFacturacion/cdr/R-20606798939-RC-20220430-13.XML', 1, 'TICKET ENVIADO', 'El Comprobante RC-20220430-13, ha sido aceptado', '202209127474813', '2022-04-30 15:13:54'),
(14, 1, '2022-04-21', '20220430', '14', 'libs/ApiFacturacion/xml/20606798939-RC-20220430-14.XML', 'libs/ApiFacturacion/cdr/R-20606798939-RC-20220430-14.XML', 1, 'TICKET ENVIADO', 'El Comprobante RC-20220430-14, ha sido aceptado', '202209127476661', '2022-04-30 15:14:19'),
(15, 1, '2022-04-22', '20220430', '15', 'libs/ApiFacturacion/xml/20606798939-RC-20220430-15.XML', 'libs/ApiFacturacion/cdr/R-20606798939-RC-20220430-15.XML', 1, 'TICKET ENVIADO', 'El Comprobante RC-20220430-15, ha sido aceptado', '202209127478093', '2022-04-30 15:14:36'),
(16, 1, '2022-04-23', '20220430', '16', 'libs/ApiFacturacion/xml/20606798939-RC-20220430-16.XML', 'libs/ApiFacturacion/cdr/R-20606798939-RC-20220430-16.XML', 1, 'TICKET ENVIADO', 'El Comprobante RC-20220430-16, ha sido aceptado', '202209127479486', '2022-04-30 15:14:54'),
(17, 1, '2022-04-24', '20220430', '17', 'libs/ApiFacturacion/xml/20606798939-RC-20220430-17.XML', NULL, 1, 'TICKET ENVIADO', NULL, '202209127480792', '2022-04-30 15:15:11'),
(18, 1, '2022-04-26', '20220430', '18', 'libs/ApiFacturacion/xml/20606798939-RC-20220430-18.XML', 'libs/ApiFacturacion/cdr/R-20606798939-RC-20220430-18.XML', 1, 'TICKET ENVIADO', 'El Comprobante RC-20220430-18, ha sido aceptado', '202209127482882', '2022-04-30 15:15:36'),
(19, 1, '2022-04-27', '20220430', '19', 'libs/ApiFacturacion/xml/20606798939-RC-20220430-19.XML', 'libs/ApiFacturacion/cdr/R-20606798939-RC-20220430-19.XML', 1, 'TICKET ENVIADO', 'El Comprobante RC-20220430-19, ha sido aceptado', '202209127483688', '2022-04-30 15:15:50'),
(20, 1, '2022-04-28', '20220430', '20', 'libs/ApiFacturacion/xml/20606798939-RC-20220430-20.XML', 'libs/ApiFacturacion/cdr/R-20606798939-RC-20220430-20.XML', 1, 'TICKET ENVIADO', 'El Comprobante RC-20220430-20, ha sido aceptado', '202209127484899', '2022-04-30 15:16:11'),
(21, 1, '2022-04-29', '20220430', '21', 'libs/ApiFacturacion/xml/20606798939-RC-20220430-21.XML', NULL, 1, 'TICKET ENVIADO', NULL, '202209127486688', '2022-04-30 15:16:31'),
(22, 1, '2022-04-06', '20220503', '1', 'libs/ApiFacturacion/xml/20606798939-RC-20220503-1.XML', 'libs/ApiFacturacion/cdr/R-20606798939-RC-20220503-1.XML', 1, 'TICKET ENVIADO', 'El Comprobante RC-20220503-1, ha sido aceptado', '202209142411242', '2022-05-03 12:04:17'),
(23, 1, '2022-04-07', '20220503', '2', 'libs/ApiFacturacion/xml/20606798939-RC-20220503-2.XML', NULL, 1, 'TICKET ENVIADO', NULL, '202209142412956', '2022-05-03 12:04:32'),
(24, 1, '2022-04-08', '20220503', '3', 'libs/ApiFacturacion/xml/20606798939-RC-20220503-3.XML', 'libs/ApiFacturacion/cdr/R-20606798939-RC-20220503-3.XML', 1, 'TICKET ENVIADO', 'El Comprobante RC-20220503-3, ha sido aceptado', '202209142415581', '2022-05-03 12:04:59'),
(25, 1, '2022-04-30', '20220503', '4', 'libs/ApiFacturacion/xml/20606798939-RC-20220503-4.XML', 'libs/ApiFacturacion/cdr/R-20606798939-RC-20220503-4.XML', 1, 'TICKET ENVIADO', 'El Comprobante RC-20220503-4, ha sido aceptado', '202209142449489', '2022-05-03 12:10:41'),
(26, 1, '2022-05-01', '20220503', '5', 'libs/ApiFacturacion/xml/20606798939-RC-20220503-5.XML', 'libs/ApiFacturacion/cdr/R-20606798939-RC-20220503-5.XML', 1, 'TICKET ENVIADO', 'El Comprobante RC-20220503-5, ha sido aceptado', '202209142451523', '2022-05-03 12:11:03');

-- --------------------------------------------------------

--
-- Table structure for table `envio_resumen_detalle`
--

CREATE TABLE `envio_resumen_detalle` (
  `id_envio_resumen_detalle` int(11) NOT NULL,
  `id_envio_resumen` int(11) NOT NULL,
  `id_venta` int(11) NOT NULL,
  `envio_resumen_detalle_condicion` tinyint(4) NOT NULL COMMENT '1-Creacion, 2-Actualizacion, 3-Baja'
) ENGINE=InnoDB DEFAULT CHARSET=latin1;

--
-- Dumping data for table `envio_resumen_detalle`
--

INSERT INTO `envio_resumen_detalle` (`id_envio_resumen_detalle`, `id_envio_resumen`, `id_venta`, `envio_resumen_detalle_condicion`) VALUES
(1, 1, 1, 1),
(2, 1, 2, 1),
(3, 1, 3, 1),
(4, 1, 4, 1),
(5, 1, 5, 1),
(6, 1, 6, 1),
(7, 1, 7, 1),
(8, 1, 8, 1),
(9, 1, 9, 1),
(10, 1, 10, 1),
(11, 1, 11, 1),
(12, 1, 12, 1),
(13, 1, 13, 1),
(14, 1, 14, 1),
(15, 1, 15, 1),
(16, 1, 16, 1),
(17, 1, 17, 1),
(18, 1, 18, 1),
(19, 2, 19, 1),
(20, 2, 20, 1),
(21, 2, 21, 1),
(22, 2, 22, 1),
(23, 2, 23, 1),
(24, 2, 24, 1),
(25, 2, 25, 1),
(26, 2, 26, 1),
(27, 2, 28, 1),
(28, 2, 29, 1),
(29, 2, 30, 1),
(30, 2, 31, 1),
(31, 2, 33, 1),
(32, 2, 34, 1),
(33, 3, 35, 1),
(34, 3, 36, 1),
(35, 3, 37, 1),
(36, 3, 38, 1),
(37, 3, 39, 1),
(38, 3, 40, 1),
(39, 3, 41, 1),
(40, 3, 42, 1),
(41, 3, 43, 1),
(42, 3, 44, 1),
(43, 3, 45, 1),
(44, 3, 46, 1),
(45, 3, 47, 1),
(46, 3, 48, 1),
(47, 3, 49, 1),
(48, 3, 50, 1),
(49, 4, 51, 1),
(50, 4, 52, 1),
(51, 4, 53, 1),
(52, 4, 54, 1),
(53, 4, 55, 1),
(54, 4, 56, 1),
(55, 4, 57, 1),
(56, 4, 58, 1),
(57, 4, 59, 1),
(58, 4, 60, 1),
(59, 4, 61, 1),
(60, 4, 62, 1),
(61, 4, 63, 1),
(62, 4, 64, 1),
(63, 4, 65, 1),
(64, 4, 66, 1),
(65, 4, 67, 1),
(66, 4, 68, 1),
(67, 4, 69, 1),
(68, 4, 71, 1),
(69, 4, 72, 1),
(70, 4, 73, 1),
(71, 4, 74, 1),
(72, 4, 75, 1),
(73, 4, 76, 1),
(74, 4, 77, 1),
(75, 4, 78, 1),
(76, 4, 79, 1),
(77, 4, 80, 1),
(78, 4, 81, 1),
(79, 4, 82, 1),
(80, 4, 83, 1),
(81, 4, 84, 1),
(82, 5, 85, 1),
(83, 5, 86, 1),
(84, 5, 87, 1),
(85, 5, 88, 1),
(86, 5, 89, 1),
(87, 5, 90, 1),
(88, 5, 91, 1),
(89, 5, 92, 1),
(90, 5, 93, 1),
(91, 5, 94, 1),
(92, 5, 95, 1),
(93, 5, 96, 1),
(94, 5, 97, 1),
(95, 5, 98, 1),
(96, 5, 100, 1),
(97, 5, 101, 1),
(98, 5, 102, 1),
(99, 5, 103, 1),
(100, 5, 104, 1),
(101, 5, 105, 1),
(102, 5, 106, 1),
(103, 5, 107, 1),
(104, 5, 108, 1),
(105, 5, 109, 1),
(106, 5, 110, 1),
(107, 5, 111, 1),
(108, 5, 112, 1),
(109, 5, 113, 1),
(110, 5, 114, 1),
(111, 5, 115, 1),
(112, 5, 116, 1),
(113, 5, 117, 1),
(114, 5, 118, 1),
(115, 5, 119, 1),
(116, 5, 120, 1),
(117, 5, 121, 1),
(118, 5, 122, 1),
(119, 5, 123, 1),
(120, 5, 124, 1),
(121, 5, 125, 1),
(122, 5, 126, 1),
(123, 5, 127, 1),
(124, 5, 128, 1),
(125, 5, 129, 1),
(126, 5, 130, 1),
(127, 5, 131, 1),
(128, 6, 132, 1),
(129, 6, 133, 1),
(130, 6, 134, 1),
(131, 6, 135, 1),
(132, 6, 136, 1),
(133, 6, 137, 1),
(134, 6, 139, 1),
(135, 6, 140, 1),
(136, 6, 141, 1),
(137, 6, 142, 1),
(138, 7, 143, 1),
(139, 7, 144, 1),
(140, 7, 145, 1),
(141, 7, 146, 1),
(142, 7, 147, 1),
(143, 7, 148, 1),
(144, 7, 149, 1),
(145, 7, 150, 1),
(146, 7, 151, 1),
(147, 7, 152, 1),
(148, 7, 153, 1),
(149, 7, 154, 1),
(150, 8, 155, 1),
(151, 8, 156, 1),
(152, 8, 157, 1),
(153, 8, 158, 1),
(154, 8, 159, 1),
(155, 8, 160, 1),
(156, 8, 161, 1),
(157, 8, 162, 1),
(158, 8, 163, 1),
(159, 8, 164, 1),
(160, 8, 165, 1),
(161, 8, 166, 1),
(162, 8, 167, 1),
(163, 8, 168, 1),
(164, 8, 169, 1),
(165, 8, 170, 1),
(166, 8, 171, 1),
(167, 9, 172, 1),
(168, 9, 173, 1),
(169, 9, 174, 1),
(170, 9, 175, 1),
(171, 9, 176, 1),
(172, 9, 177, 1),
(173, 9, 178, 1),
(174, 9, 179, 1),
(175, 9, 180, 1),
(176, 9, 181, 1),
(177, 9, 182, 1),
(178, 9, 183, 1),
(179, 9, 184, 1),
(180, 10, 185, 1),
(181, 10, 186, 1),
(182, 10, 187, 1),
(183, 10, 188, 1),
(184, 10, 189, 1),
(185, 10, 190, 1),
(186, 10, 191, 1),
(187, 10, 192, 1),
(188, 10, 193, 1),
(189, 10, 194, 1),
(190, 10, 195, 1),
(191, 10, 196, 1),
(192, 10, 197, 1),
(193, 10, 198, 1),
(194, 10, 199, 1),
(195, 10, 200, 1),
(196, 10, 201, 1),
(197, 10, 202, 1),
(198, 10, 203, 1),
(199, 10, 204, 1),
(200, 10, 205, 1),
(201, 10, 206, 1),
(202, 10, 207, 1),
(203, 10, 208, 1),
(204, 10, 209, 1),
(205, 10, 210, 1),
(206, 11, 211, 1),
(207, 11, 212, 1),
(208, 11, 213, 1),
(209, 11, 214, 1),
(210, 11, 215, 1),
(211, 11, 216, 1),
(212, 11, 217, 1),
(213, 11, 218, 1),
(214, 11, 219, 1),
(215, 11, 220, 1),
(216, 11, 221, 1),
(217, 11, 222, 1),
(218, 11, 223, 1),
(219, 11, 224, 1),
(220, 11, 225, 1),
(221, 11, 226, 1),
(222, 11, 227, 1),
(223, 11, 228, 1),
(224, 11, 229, 1),
(225, 11, 230, 1),
(226, 11, 231, 1),
(227, 11, 232, 1),
(228, 12, 233, 1),
(229, 12, 234, 1),
(230, 12, 235, 1),
(231, 12, 236, 1),
(232, 12, 237, 1),
(233, 12, 238, 1),
(234, 13, 239, 1),
(235, 13, 240, 1),
(236, 13, 241, 1),
(237, 13, 242, 1),
(238, 13, 243, 1),
(239, 14, 244, 1),
(240, 14, 245, 1),
(241, 14, 246, 1),
(242, 14, 247, 1),
(243, 14, 248, 1),
(244, 14, 249, 1),
(245, 14, 250, 1),
(246, 14, 251, 1),
(247, 14, 252, 1),
(248, 14, 253, 1),
(249, 14, 254, 1),
(250, 14, 255, 1),
(251, 14, 257, 1),
(252, 14, 258, 1),
(253, 14, 259, 1),
(254, 15, 261, 1),
(255, 15, 262, 1),
(256, 15, 263, 1),
(257, 15, 264, 1),
(258, 15, 265, 1),
(259, 15, 266, 1),
(260, 15, 267, 1),
(261, 15, 268, 1),
(262, 15, 269, 1),
(263, 15, 270, 1),
(264, 15, 271, 1),
(265, 15, 272, 1),
(266, 15, 273, 1),
(267, 15, 274, 1),
(268, 15, 275, 1),
(269, 15, 276, 1),
(270, 16, 277, 1),
(271, 16, 278, 1),
(272, 16, 279, 1),
(273, 16, 280, 1),
(274, 16, 281, 1),
(275, 16, 282, 1),
(276, 16, 283, 1),
(277, 16, 284, 1),
(278, 16, 285, 1),
(279, 16, 286, 1),
(280, 16, 287, 1),
(281, 16, 288, 1),
(282, 16, 289, 1),
(283, 16, 290, 1),
(284, 16, 291, 1),
(285, 16, 292, 1),
(286, 16, 293, 1),
(287, 16, 294, 1),
(288, 16, 295, 1),
(289, 16, 296, 1),
(290, 16, 297, 1),
(291, 16, 298, 1),
(292, 16, 299, 1),
(293, 16, 300, 1),
(294, 16, 301, 1),
(295, 16, 302, 1),
(296, 16, 303, 1),
(297, 16, 304, 1),
(298, 16, 305, 1),
(299, 16, 306, 1),
(300, 16, 307, 1),
(301, 16, 308, 1),
(302, 17, 309, 1),
(303, 17, 310, 1),
(304, 17, 311, 1),
(305, 17, 312, 1),
(306, 17, 313, 1),
(307, 17, 314, 1),
(308, 17, 315, 1),
(309, 17, 316, 1),
(310, 17, 317, 1),
(311, 17, 318, 1),
(312, 17, 319, 1),
(313, 17, 320, 1),
(314, 17, 321, 1),
(315, 17, 322, 1),
(316, 17, 323, 1),
(317, 17, 324, 1),
(318, 17, 325, 1),
(319, 17, 326, 1),
(320, 17, 327, 1),
(321, 18, 328, 1),
(322, 18, 329, 1),
(323, 18, 330, 1),
(324, 18, 331, 1),
(325, 18, 332, 1),
(326, 18, 333, 1),
(327, 18, 334, 1),
(328, 18, 335, 1),
(329, 18, 336, 1),
(330, 18, 337, 1),
(331, 18, 338, 1),
(332, 18, 339, 1),
(333, 18, 340, 1),
(334, 18, 341, 1),
(335, 19, 342, 1),
(336, 19, 343, 1),
(337, 19, 344, 1),
(338, 19, 345, 1),
(339, 19, 346, 1),
(340, 19, 347, 1),
(341, 19, 348, 1),
(342, 19, 349, 1),
(343, 19, 350, 1),
(344, 19, 351, 1),
(345, 20, 352, 1),
(346, 20, 353, 1),
(347, 20, 354, 1),
(348, 20, 355, 1),
(349, 20, 356, 1),
(350, 20, 357, 1),
(351, 20, 358, 1),
(352, 20, 359, 1),
(353, 20, 360, 1),
(354, 20, 361, 1),
(355, 20, 362, 1),
(356, 20, 363, 1),
(357, 21, 364, 1),
(358, 21, 365, 1),
(359, 21, 366, 1),
(360, 21, 367, 1),
(361, 21, 368, 1),
(362, 21, 369, 1),
(363, 21, 370, 1),
(364, 21, 371, 1),
(365, 21, 372, 1),
(366, 21, 373, 1),
(367, 21, 374, 1),
(368, 21, 375, 1),
(369, 21, 376, 1),
(370, 21, 377, 1),
(371, 21, 378, 1),
(372, 21, 379, 1),
(373, 21, 380, 1),
(374, 21, 381, 1),
(375, 21, 382, 1),
(376, 21, 383, 1),
(377, 22, 1, 1),
(378, 22, 2, 1),
(379, 22, 3, 1),
(380, 23, 25, 1),
(381, 24, 44, 1),
(382, 25, 384, 1),
(383, 25, 385, 1),
(384, 25, 386, 1),
(385, 25, 387, 1),
(386, 25, 388, 1),
(387, 25, 389, 1),
(388, 25, 390, 1),
(389, 25, 391, 1),
(390, 25, 392, 1),
(391, 25, 393, 1),
(392, 25, 394, 1),
(393, 25, 395, 1),
(394, 25, 396, 1),
(395, 25, 397, 1),
(396, 25, 398, 1),
(397, 25, 399, 1),
(398, 25, 400, 1),
(399, 25, 401, 1),
(400, 25, 402, 1),
(401, 25, 403, 1),
(402, 25, 404, 1),
(403, 25, 405, 1),
(404, 25, 406, 1),
(405, 25, 407, 1),
(406, 25, 408, 1),
(407, 25, 409, 1),
(408, 25, 410, 1),
(409, 25, 411, 1),
(410, 25, 412, 1),
(411, 26, 413, 1),
(412, 26, 414, 1),
(413, 26, 415, 1),
(414, 26, 416, 1),
(415, 26, 417, 1),
(416, 26, 418, 1),
(417, 26, 419, 1),
(418, 26, 420, 1),
(419, 26, 421, 1),
(420, 26, 422, 1),
(421, 26, 423, 1),
(422, 26, 424, 1),
(423, 26, 425, 1),
(424, 26, 426, 1),
(425, 26, 427, 1),
(426, 26, 428, 1),
(427, 26, 429, 1),
(428, 26, 430, 1),
(429, 26, 431, 1),
(430, 26, 432, 1),
(431, 26, 433, 1),
(432, 26, 434, 1),
(433, 26, 435, 1),
(434, 26, 436, 1),
(435, 26, 437, 1),
(436, 26, 438, 1),
(437, 26, 439, 1),
(438, 26, 440, 1),
(439, 26, 441, 1);

-- --------------------------------------------------------

--
-- Table structure for table `feriados`
--

CREATE TABLE `feriados` (
  `id_feriado` int(11) NOT NULL,
  `feriado_dia` date NOT NULL,
  `feriado_motivo` varchar(100) COLLATE utf8_unicode_ci NOT NULL
) ENGINE=InnoDB DEFAULT CHARSET=utf8 COLLATE=utf8_unicode_ci;

--
-- Dumping data for table `feriados`
--

INSERT INTO `feriados` (`id_feriado`, `feriado_dia`, `feriado_motivo`) VALUES
(2, '2020-06-29', 'San Pedro y San Pablo'),
(3, '2020-07-28', 'Fiestas Patrias'),
(5, '2020-08-30', 'Santa Rosa de Lima'),
(7, '2020-11-01', 'Dia de Todos los Santos'),
(8, '2020-12-08', 'Inmaculada Concepción'),
(9, '2020-12-25', 'Navidad'),
(12, '2021-07-28', 'Fiestas Patrias'),
(13, '2021-12-31', 'Año Nuevo'),
(14, '2021-01-01', 'Año Nuevo'),
(15, '2021-04-01', 'Jueves Santo'),
(16, '2021-04-02', 'Viernes Santo'),
(17, '2021-05-01', 'Dia del Trabajo'),
(18, '2021-06-29', 'San Pedro y San Pablo'),
(19, '2021-07-28', 'FIestas Patrias'),
(21, '2021-07-29', 'Fiestas Patrias'),
(22, '2021-08-30', 'Santa Rosa de Lima'),
(23, '2021-10-08', 'Combate de Angamos'),
(24, '2021-11-01', 'Dia de los Santos'),
(25, '2021-12-08', 'Dia de la Inmaculada Concepción'),
(26, '2021-12-25', 'Navidad');

-- --------------------------------------------------------

--
-- Table structure for table `gastos_personal`
--

CREATE TABLE `gastos_personal` (
  `id_gasto_personal` int(11) NOT NULL,
  `id_persona` int(11) NOT NULL,
  `id_usuario` int(11) NOT NULL,
  `id_caja_numero` int(11) NOT NULL,
  `gasto_personal_concepto` varchar(300) NOT NULL,
  `gasto_personal_monto` decimal(10,2) NOT NULL,
  `gasto_personal_fecha` date DEFAULT NULL,
  `gasto_personal_fecha_registro` datetime NOT NULL,
  `gasto_personal_estado` tinyint(2) NOT NULL
) ENGINE=InnoDB DEFAULT CHARSET=latin1;

-- --------------------------------------------------------

--
-- Table structure for table `grupos`
--

CREATE TABLE `grupos` (
  `id_grupo` int(11) NOT NULL,
  `grupo_nombre` varchar(200) COLLATE utf8_unicode_ci NOT NULL,
  `grupo_ticketera` varchar(100) COLLATE utf8_unicode_ci DEFAULT NULL,
  `grupo_fecha_registro` datetime NOT NULL,
  `grupo_estado` int(11) NOT NULL
) ENGINE=InnoDB DEFAULT CHARSET=utf8 COLLATE=utf8_unicode_ci;

--
-- Dumping data for table `grupos`
--

INSERT INTO `grupos` (`id_grupo`, `grupo_nombre`, `grupo_ticketera`, `grupo_fecha_registro`, `grupo_estado`) VALUES
(1, 'CALIENTES', 'Ticketera', '2021-03-15 00:00:00', 1),
(2, 'FRIOS', 'Ticketera', '2021-03-15 00:00:00', 1),
(3, 'CALIENTE FRIO', 'Ticketera', '2021-04-30 21:26:17', 1),
(4, 'BEBIDAS', 'Ticketera', '2021-10-06 09:41:43', 1);

-- --------------------------------------------------------

--
-- Table structure for table `igv`
--

CREATE TABLE `igv` (
  `id_igv` int(11) NOT NULL,
  `igv_codigo` varchar(50) COLLATE utf8_unicode_ci NOT NULL,
  `igv_codigoafectacion` varchar(50) COLLATE utf8_unicode_ci NOT NULL,
  `igv_descripcion` varchar(100) COLLATE utf8_unicode_ci NOT NULL,
  `igv_codigoInternacional` varchar(50) COLLATE utf8_unicode_ci NOT NULL,
  `igv_nombre` varchar(50) COLLATE utf8_unicode_ci NOT NULL,
  `igv_tipodeafectacion` varchar(100) COLLATE utf8_unicode_ci NOT NULL,
  `igv_tipo_json` tinyint(4) NOT NULL,
  `igv_estado` tinyint(4) NOT NULL DEFAULT '1'
) ENGINE=InnoDB DEFAULT CHARSET=utf8 COLLATE=utf8_unicode_ci;

--
-- Dumping data for table `igv`
--

INSERT INTO `igv` (`id_igv`, `igv_codigo`, `igv_codigoafectacion`, `igv_descripcion`, `igv_codigoInternacional`, `igv_nombre`, `igv_tipodeafectacion`, `igv_tipo_json`, `igv_estado`) VALUES
(1, '1000', '10', 'IGV Impuesto General a las Ventas', 'VAT', 'IGV', 'Gravado - Operación Onerosa', 1, 1),
(2, '9998', '30', 'Inafecta', 'FRE', 'INA', 'Inafecto - Operación Onerosa', 9, 1),
(3, '9997', '20', 'Exonerado', 'VAT', 'EXO', 'Exonerado - Operación Onerosa', 8, 1),
(4, '9996', '11', 'Gratuito', 'FRE', 'GRA', '[Gratuita] Gravado - Retiro por premio', 2, 1),
(5, '9996', '12', 'Gratuito', 'FRE', 'GRA', '[Gratuita] Gravado - Retiro por donación', 3, 1),
(6, '9996', '13', 'Gratuito', 'FRE', 'GRA', '[Gratuita] Gravado - Retiro', 4, 1),
(7, '9996', '14', 'Gratuito', 'FRE', 'GRA', '[Gratuita] Gravado - Retiro por publicidad', 5, 1),
(8, '9996', '15', 'Gratuito', 'FRE', 'GRA', '[Gratuita] Gravado - Bonificaciones', 6, 1),
(9, '9996', '16', 'Gratuito', 'FRE', 'GRA', '[Gratuita] Gravado - Retiro por entrega a trabajadores', 7, 1),
(10, '1016', '17', 'Impuesto a la Venta Arroz Pilado', 'VAT', 'IVAP', 'Gravado - IVAP', 17, 1),
(11, '9996', '21', 'Gratuita', 'FRE', 'GRA', '[Gratuita] Exonerado - Transferencia gratuita', 0, 0),
(12, '9996', '31', 'Gratuito', 'FRE', 'GRA', '[Gratuita] Inafecta - Retiro por Bonificación', 10, 1),
(13, '9996', '32', 'Gratuito', 'FRE', 'GRA', '[Gratuita] Inafecto - Retiro', 11, 1),
(14, '9996', '33', 'Gratuito', 'FRE', 'GRA', '[Gratuita] Inafecto - Retiro por Muestras Médicas', 12, 1),
(15, '9996', '34', 'Gratuito', 'FRE', 'GRA', '[Gratuita] Inafecto - Retiro por Convenio Colectivo', 13, 1),
(16, '9996', '35', 'Gratuito', 'FRE', 'GRA', '[Gratuita] Inafecto - Retiro por premio', 14, 1),
(17, '9996', '36', 'Gratuito', 'FRE', 'GRA', '[Gratuita] Inafecto - Retiro por publicidad', 15, 1),
(18, '9996', '37', 'Gratuito', 'FRE', 'GRA', '[Gratuita] Inafecto - Transferencia gratuita', 0, 0),
(19, '9995', '40', 'Exportación', 'FRE', 'EXP', 'Exportación de Bienes o Servicios', 16, 1),
(20, '9996', '17', 'Gratuito', 'FRE', 'GRA', '[Gratuita] Gravado - IVAP', 101, 1);

-- --------------------------------------------------------

--
-- Table structure for table `memorandum`
--

CREATE TABLE `memorandum` (
  `id_memorandum` int(11) NOT NULL,
  `id_persona` int(11) NOT NULL,
  `memorandum_numero` int(11) DEFAULT NULL,
  `memorandum_motivo` varchar(200) COLLATE utf8_unicode_ci NOT NULL,
  `memorandum_otros` varchar(200) COLLATE utf8_unicode_ci DEFAULT NULL,
  `memorandum_fecha` date NOT NULL,
  `memorandum_descripcion` varchar(5000) COLLATE utf8_unicode_ci NOT NULL,
  `id_usuario` int(11) NOT NULL,
  `memorandum_fecha_creacion` datetime NOT NULL,
  `id_user_aprobacion` int(11) DEFAULT NULL,
  `memoradum_fecha_aprobacion` datetime DEFAULT NULL,
  `memorandum_estado` int(11) NOT NULL
) ENGINE=InnoDB DEFAULT CHARSET=utf8 COLLATE=utf8_unicode_ci;

-- --------------------------------------------------------

--
-- Table structure for table `menus`
--

CREATE TABLE `menus` (
  `id_menu` int(11) NOT NULL,
  `menu_nombre` varchar(20) COLLATE utf8_unicode_ci NOT NULL,
  `menu_controlador` varchar(20) COLLATE utf8_unicode_ci NOT NULL,
  `menu_icono` varchar(30) COLLATE utf8_unicode_ci NOT NULL,
  `menu_orden` int(11) NOT NULL,
  `menu_mostrar` tinyint(1) NOT NULL,
  `menu_estado` tinyint(1) NOT NULL
) ENGINE=InnoDB DEFAULT CHARSET=utf8 COLLATE=utf8_unicode_ci;

--
-- Dumping data for table `menus`
--

INSERT INTO `menus` (`id_menu`, `menu_nombre`, `menu_controlador`, `menu_icono`, `menu_orden`, `menu_mostrar`, `menu_estado`) VALUES
(1, 'Login', 'Login', '-', 0, 0, 1),
(2, 'Panel de Inicio', 'Admin', 'fa fa-dashboard', 1, 1, 1),
(3, 'Gestión de Menu', 'Menu', 'fa fa-desktop', 2, 1, 1),
(4, 'Roles de Usuario', 'Rol', 'fa fa-user-secret', 3, 1, 1),
(5, 'Usuarios', 'Usuario', 'fa fa-user', 4, 1, 1),
(6, 'Datos Personales', 'Datos', 'fa fa-', 0, 0, 1),
(7, 'Negocios', 'Negocio', 'fa fa-industry', 10, 1, 1),
(8, 'Recursos', 'Recursos', 'fa fa-cart-plus', 7, 0, 1),
(9, 'Proveedores', 'Proveedor', 'fa fa-car', 9, 1, 1),
(10, 'Orden de Compra', 'Ordencompra', 'fa fa-plus-square', 9, 1, 1),
(11, 'Productos', 'Producto', 'fa fa-tags', 9, 1, 1),
(12, 'Pedidos', 'Pedido', 'fa fa-shopping-cart', 11, 1, 1),
(13, 'Mesas', 'Mesa', 'fa fa-sitemap', 6, 1, 1),
(14, 'Almacen', 'Almacen', 'fa fa-folder-open', 6, 1, 1),
(15, 'Recetas', 'Receta', 'fa fa-file-text-o', 9, 1, 1),
(16, 'Ventas ', 'Ventas', 'fa fa-money', 12, 1, 1),
(17, 'Clientes', 'Cliente', 'fa fa-male', 5, 1, 1),
(18, 'Conversiones', 'Conversiones', 'fa fa-refresh', 8, 1, 1),
(19, 'Movimientos', 'Egreso', 'fa fa-usd', 13, 1, 1),
(20, 'Reportes', 'Reporte', 'fa fa-calendar-minus-o', 14, 1, 1),
(21, 'Insumos', 'Insumos', 'fa fa-apple', 8, 0, 1),
(22, 'Categorias', 'Categorias', 'fa fa-cutlery', 6, 0, 1),
(23, 'Recursos Humanos', 'Rhumanos', 'fa fa-folder-open', 2, 1, 1),
(24, 'Pedido Libre', 'Pedido', 'fa fa-', 0, 0, 1);

-- --------------------------------------------------------

--
-- Table structure for table `mesas`
--

CREATE TABLE `mesas` (
  `id_mesa` int(11) NOT NULL,
  `id_sucursal` int(11) NOT NULL,
  `mesa_nombre` varchar(100) COLLATE utf8mb4_unicode_ci NOT NULL,
  `mesa_capacidad` int(100) NOT NULL,
  `mesa_estado` tinyint(4) NOT NULL,
  `mesa_estado_atencion` int(11) NOT NULL DEFAULT '0'
) ENGINE=InnoDB DEFAULT CHARSET=utf8mb4 COLLATE=utf8mb4_unicode_ci;

--
-- Dumping data for table `mesas`
--

INSERT INTO `mesas` (`id_mesa`, `id_sucursal`, `mesa_nombre`, `mesa_capacidad`, `mesa_estado`, `mesa_estado_atencion`) VALUES
(-28, 5, 'B - 09', 1, 1, 0),
(-27, 5, 'B - 08', 1, 1, 0),
(-26, 5, 'B - 07', 1, 1, 0),
(-25, 5, 'B - 06', 1, 1, 0),
(-24, 5, 'B - 05', 1, 1, 0),
(-23, 5, 'B - 04', 1, 1, 0),
(-22, 5, 'B - 03', 1, 1, 0),
(-21, 5, 'B - 02', 1, 1, 0),
(-20, 5, 'B - 01', 1, 1, 0),
(-6, 5, 'TG - 06', 2, 1, 0),
(-5, 5, 'TG - 05', 2, 1, 0),
(-4, 5, 'TG - 04', 2, 1, 0),
(-3, 5, 'TG - 03', 2, 1, 0),
(-2, 5, 'TG - 02', 2, 1, 0),
(-1, 5, 'TG - 01', 2, 1, 0),
(0, 5, 'DELIVERY', 1, 1, 0),
(6, 5, 'Mesa 01', 3, 1, 0),
(7, 5, 'Mesa 02', 2, 1, 0),
(8, 5, 'Mesa 03', 4, 1, 0),
(9, 5, 'Mesa 04', 6, 1, 0),
(16, 5, 'Mesa 05', 4, 1, 0),
(17, 5, 'Mesa 06', 4, 1, 0),
(18, 5, 'Mesa 07', 4, 1, 0),
(19, 5, 'Mesa 08', 4, 1, 0),
(20, 5, 'Mesa 09', 4, 1, 0),
(21, 5, 'Mesa 10', 4, 1, 0),
(22, 5, 'Mesa 11', 4, 1, 0),
(23, 5, 'Mesa 12', 4, 1, 0),
(24, 5, 'Mesa 13', 4, 1, 0),
(25, 5, 'Mesa 14', 4, 1, 0),
(26, 5, 'Mesa 15', 4, 1, 0),
(27, 5, 'Mesa 16', 4, 1, 0),
(28, 5, 'Mesa 17', 4, 1, 0),
(29, 5, 'Mesa 18', 4, 1, 0),
(30, 5, 'Mesa 19', 4, 1, 0),
(31, 5, 'Mesa 20', 4, 1, 0),
(32, 5, 'Mesa 21', 4, 1, 0),
(33, 5, 'Mesa 22', 4, 1, 0),
(34, 5, 'Mesa 23', 4, 1, 0),
(35, 5, 'Mesa 24', 4, 1, 0),
(36, 5, 'Mesa 25', 4, 1, 0),
(37, 5, 'Mesa 26', 4, 1, 0),
(38, 5, 'Mesa 27', 4, 1, 0),
(39, 5, 'Mesa 28', 4, 1, 0),
(40, 5, 'Mesa 29', 4, 1, 0),
(41, 5, 'Mesa 30', 4, 1, 0),
(42, 5, 'Mesa 31', 4, 1, 0),
(43, 5, 'Mesa 32', 4, 1, 0),
(44, 5, 'Mesa 33', 4, 1, 0),
(45, 5, 'Mesa 34', 4, 1, 0),
(46, 5, 'Mesa 35', 4, 1, 0),
(47, 5, 'Mesa 36', 4, 1, 0),
(48, 5, 'Mesa 37', 4, 1, 0),
(49, 5, 'Mesa 38', 4, 1, 0),
(50, 5, 'Mesa 39', 4, 1, 0),
(51, 5, 'Mesa 40', 4, 1, 0),
(52, 5, 'Mesa 41', 4, 1, 0),
(53, 5, 'Mesa 42', 4, 1, 0),
(54, 5, 'Mesa 43', 4, 1, 0),
(55, 5, 'Mesa 44', 4, 1, 0),
(56, 5, 'Mesa 45', 4, 1, 0),
(57, 5, 'Mesa 46', 4, 1, 0),
(58, 5, 'Mesa 47', 4, 1, 0),
(59, 5, 'Mesa 48', 4, 1, 0),
(60, 5, 'Mesa 49', 4, 1, 0),
(61, 5, 'Mesa 50', 4, 1, 0),
(62, 5, 'Mesa 99', 1, 1, 0);

-- --------------------------------------------------------

--
-- Table structure for table `monedas`
--

CREATE TABLE `monedas` (
  `id_moneda` int(11) NOT NULL,
  `moneda` varchar(50) COLLATE utf8_spanish_ci NOT NULL,
  `abreviado` varchar(10) COLLATE utf8_spanish_ci NOT NULL,
  `abrstandar` varchar(10) COLLATE utf8_spanish_ci NOT NULL,
  `simbolo` varchar(3) COLLATE utf8_spanish_ci NOT NULL,
  `activo` char(1) COLLATE utf8_spanish_ci NOT NULL
) ENGINE=InnoDB DEFAULT CHARSET=utf8 COLLATE=utf8_spanish_ci;

--
-- Dumping data for table `monedas`
--

INSERT INTO `monedas` (`id_moneda`, `moneda`, `abreviado`, `abrstandar`, `simbolo`, `activo`) VALUES
(1, 'SOLES', 'sol', 'PEN', 'S/', '1'),
(2, 'DÓLARES', 'dol', 'USD', '$', '1'),
(3, 'EUROS', 'eur', 'EUR', 'E', '1');

-- --------------------------------------------------------

--
-- Table structure for table `movimientos`
--

CREATE TABLE `movimientos` (
  `id_movimiento` int(11) NOT NULL,
  `id_caja_numero` int(11) NOT NULL,
  `id_usuario` int(11) NOT NULL,
  `id_sucursal` int(11) NOT NULL,
  `movimiento_tipo` tinyint(2) NOT NULL COMMENT '1 es entrada y 2 es salida',
  `egreso_descripcion` varchar(200) COLLATE utf8_unicode_ci NOT NULL,
  `egreso_monto` decimal(10,2) NOT NULL,
  `egreso_fecha_registro` datetime NOT NULL,
  `egreso_estado` tinyint(2) NOT NULL
) ENGINE=InnoDB DEFAULT CHARSET=utf8 COLLATE=utf8_unicode_ci;

-- --------------------------------------------------------

--
-- Table structure for table `negocios`
--

CREATE TABLE `negocios` (
  `id_negocio` int(11) NOT NULL,
  `id_ciudad` int(11) NOT NULL,
  `negocio_nombre` varchar(200) COLLATE utf8_unicode_ci NOT NULL,
  `negocio_direccion` varchar(200) COLLATE utf8_unicode_ci NOT NULL,
  `negocio_ruc` varchar(15) COLLATE utf8_unicode_ci NOT NULL,
  `negocio_foto` varchar(50) COLLATE utf8_unicode_ci DEFAULT NULL,
  `negocio_telefono` varchar(20) COLLATE utf8_unicode_ci NOT NULL,
  `negocio_estado` tinyint(1) NOT NULL,
  `negocio_fecha_registro` datetime NOT NULL DEFAULT CURRENT_TIMESTAMP
) ENGINE=InnoDB DEFAULT CHARSET=utf8 COLLATE=utf8_unicode_ci;

--
-- Dumping data for table `negocios`
--

INSERT INTO `negocios` (`id_negocio`, `id_ciudad`, `negocio_nombre`, `negocio_direccion`, `negocio_ruc`, `negocio_foto`, `negocio_telefono`, `negocio_estado`, `negocio_fecha_registro`) VALUES
(3, 1, 'SIMPSON RESTOBAR', 'CAL.LOS ROSALES NRO. 219C', '20606798939', 'media/negocio/LA ULTIMA CONCHITA_24032021142225.jp', '9999999999', 1, '2021-03-24 14:22:25');

-- --------------------------------------------------------

--
-- Table structure for table `nota_venta`
--

CREATE TABLE `nota_venta` (
  `id_nota_venta` int(11) NOT NULL,
  `id_empresa` int(11) NOT NULL DEFAULT '1',
  `id_usuario` int(11) NOT NULL,
  `id_mesa` int(11) NOT NULL,
  `id_cliente` int(11) NOT NULL,
  `id_tipo_pago` int(11) NOT NULL,
  `id_moneda` int(11) NOT NULL,
  `nota_venta_tipo` varchar(10) NOT NULL COMMENT 'aca siempre 20, porque es nota de venta',
  `nota_venta_serie` varchar(10) NOT NULL,
  `nota_venta_correlativo` varchar(60) NOT NULL,
  `nota_venta_total` decimal(10,2) NOT NULL DEFAULT '0.00',
  `nota_venta_pago_cliente` decimal(10,2) DEFAULT '0.00',
  `nota_venta_vuelto` decimal(10,2) DEFAULT '0.00',
  `nota_venta_fecha` datetime NOT NULL,
  `nota_venta_observacion` varchar(500) DEFAULT NULL,
  `nota_venta_cancelar` tinyint(4) NOT NULL DEFAULT '0' COMMENT 'si esta 1 significa que fue cancelada',
  `nota_venta_estado` tinyint(4) NOT NULL DEFAULT '1'
) ENGINE=InnoDB DEFAULT CHARSET=latin1;

-- --------------------------------------------------------

--
-- Table structure for table `nota_venta_detalle`
--

CREATE TABLE `nota_venta_detalle` (
  `id_nota_venta_detalle` int(11) NOT NULL,
  `id_nota_venta` int(11) NOT NULL,
  `id_comanda_detalle` int(11) NOT NULL,
  `nota_venta_detalle_valor_unitario` decimal(10,2) NOT NULL DEFAULT '0.00',
  `nota_venta_detalle_precio_valor` decimal(10,2) NOT NULL DEFAULT '0.00',
  `nota_venta_detalle_nombre_producto` varchar(200) NOT NULL,
  `nota_venta_detalle_cantidad` double NOT NULL,
  `nota_venta_detalle_total_igv` decimal(10,2) NOT NULL DEFAULT '0.00',
  `nota_venta_detalle_porcentaje_igv` decimal(10,2) NOT NULL DEFAULT '0.00',
  `nota_venta_detalle_total_icbper` decimal(10,2) NOT NULL DEFAULT '0.00',
  `nota_venta_detalle_valor_total` decimal(10,2) NOT NULL DEFAULT '0.00',
  `nota_venta_detalle_importe_total` decimal(10,2) NOT NULL DEFAULT '0.00',
  `id_producto_precio` int(11) DEFAULT NULL
) ENGINE=InnoDB DEFAULT CHARSET=latin1;

-- --------------------------------------------------------

--
-- Table structure for table `obligacion_pagar`
--

CREATE TABLE `obligacion_pagar` (
  `id_obligacion` int(11) NOT NULL,
  `id_empresa` int(11) NOT NULL,
  `id_contrato` int(11) NOT NULL,
  `id_user_creacion` int(11) NOT NULL,
  `id_user_aprobacion` int(11) DEFAULT NULL,
  `obligacion_clase` tinyint(4) NOT NULL,
  `obligacion_codigo` int(11) DEFAULT NULL,
  `obligacion_fecha_creacion` date NOT NULL,
  `obligacion_hora_creacion` time NOT NULL,
  `obligacion_fecha_inicio` date DEFAULT NULL,
  `obligacion_fecha_fin` date NOT NULL,
  `obligacion_estado` tinyint(1) NOT NULL,
  `obligacion_tipo` varchar(100) COLLATE utf8_unicode_ci NOT NULL,
  `obligacion_concepto` varchar(200) COLLATE utf8_unicode_ci DEFAULT NULL,
  `obligacion_activo` tinyint(1) NOT NULL,
  `obligacion_moneda` varchar(50) COLLATE utf8_unicode_ci DEFAULT NULL,
  `obligacion_importe` float(10,2) DEFAULT NULL,
  `obligacion_id_persona` int(11) DEFAULT NULL,
  `obligacion_documentacion` tinyint(4) NOT NULL,
  `obligacion_fecha_aprobacion` date DEFAULT NULL,
  `obligacion_hora_aprobacion` time DEFAULT NULL
) ENGINE=InnoDB DEFAULT CHARSET=utf8 COLLATE=utf8_unicode_ci;

-- --------------------------------------------------------

--
-- Table structure for table `obligacion_personal`
--

CREATE TABLE `obligacion_personal` (
  `id_obligacionper` int(11) NOT NULL,
  `id_obligacion` int(11) NOT NULL,
  `id_persona` int(11) NOT NULL,
  `id_periodo` int(11) NOT NULL,
  `obligacionper_dias_efectivos` float(10,2) NOT NULL,
  `obligacionper_dias_laborales` int(11) NOT NULL,
  `obligacionper_monto_mensual` float(10,2) NOT NULL,
  `obligacionper_total_mensual` float(10,2) NOT NULL,
  `obligacionper_subtotal` float(10,2) NOT NULL,
  `obligacionper_total` float(10,2) NOT NULL,
  `obligacionper_banco` varchar(100) COLLATE utf8_unicode_ci DEFAULT NULL,
  `obligacionper_cuenta` varchar(100) COLLATE utf8_unicode_ci DEFAULT NULL,
  `obligacionper_estadi` tinyint(1) NOT NULL,
  `obligacionper_cts` float(10,2) DEFAULT NULL,
  `obligacionper_grati` float(10,2) DEFAULT NULL,
  `obligacionper_vaca` float(10,2) DEFAULT NULL,
  `obligacionper_reint` float(10,2) DEFAULT NULL,
  `obligacionper_fondo` float(10,2) DEFAULT NULL,
  `obligacionper_desc` decimal(10,2) DEFAULT NULL
) ENGINE=InnoDB DEFAULT CHARSET=utf8 COLLATE=utf8_unicode_ci;

-- --------------------------------------------------------

--
-- Table structure for table `opciones`
--

CREATE TABLE `opciones` (
  `id_opcion` int(11) NOT NULL,
  `id_menu` int(11) NOT NULL,
  `opcion_nombre` varchar(30) COLLATE utf8_unicode_ci NOT NULL,
  `opcion_funcion` varchar(35) COLLATE utf8_unicode_ci NOT NULL,
  `opcion_icono` char(20) COLLATE utf8_unicode_ci DEFAULT NULL,
  `opcion_mostrar` tinyint(1) NOT NULL,
  `opcion_orden` int(11) NOT NULL,
  `opcion_estado` tinyint(1) NOT NULL
) ENGINE=InnoDB DEFAULT CHARSET=utf8 COLLATE=utf8_unicode_ci;

--
-- Dumping data for table `opciones`
--

INSERT INTO `opciones` (`id_opcion`, `id_menu`, `opcion_nombre`, `opcion_funcion`, `opcion_icono`, `opcion_mostrar`, `opcion_orden`, `opcion_estado`) VALUES
(1, 1, 'Inicio de Sesion', 'inicio', '-', 0, 0, 1),
(2, 2, 'Inicio', 'inicio', 'fa fa-play', 1, 1, 1),
(3, 2, 'Cerrar Sesión', 'finalizar_sesion', 'fa fa-sign-out', 0, 1, 1),
(4, 3, 'Gestionar Menús', 'inicio', NULL, 1, 1, 1),
(5, 3, 'Iconos', 'iconos', NULL, 1, 2, 1),
(6, 3, 'Accesos por Rol', 'roles', NULL, 0, 0, 1),
(7, 3, 'Opciones por Menú', 'opciones', NULL, 0, 0, 1),
(8, 3, 'Gestionar Permisos(breve)', 'gestion_permisos', '', 0, 0, 1),
(9, 4, 'Gestionar Roles', 'inicio', '', 1, 1, 1),
(10, 4, 'Accesos por Rol', 'accesos', '', 0, 0, 1),
(11, 3, 'Gestionar Restricciones(breve)', 'gestion_restricciones', '', 0, 0, 1),
(12, 5, 'Gestionar Usuarios', 'inicio', '', 1, 1, 1),
(13, 6, 'Editar Datos', 'editar_datos', '', 0, 0, 1),
(14, 6, 'Editar Usuario', 'editar_usuario', '', 0, 0, 1),
(15, 6, 'Cambiar Contraseña', 'cambiar_contrasenha', '', 0, 0, 1),
(16, 7, 'Gestionar', 'gestionar', '', 1, 1, 1),
(17, 7, 'Asignar Sucursal', 'sucursal', '', 0, 2, 1),
(18, 7, 'Usuarios Sucursal', 'usuarios_sucursal', '', 0, 3, 1),
(19, 7, 'Usuarios Negocios', 'usuarios_negocio', '', 0, 4, 1),
(20, 8, 'Gestionar Categorias', 'categorias', '', 1, 1, 1),
(21, 8, 'Gestionar Recursos', 'recursos', '', 1, 2, 1),
(22, 9, 'Gestionar', 'inicio', '', 1, 1, 1),
(23, 10, 'Registrar Orden de Compra', 'orden_compra', '', 1, 1, 1),
(24, 10, 'Ordenes de Compras Pendientes', 'orden_pendiente', '', 1, 2, 1),
(25, 10, 'Ordenes de Compra Aprobadas', 'orden_aprobada', '', 1, 3, 1),
(26, 10, 'Detalle de la Orden de Compra', 'detalle_orden_compra', '', 0, 4, 1),
(27, 10, 'Editar Orden de Compra', 'orden_editar', '', 0, 5, 1),
(28, 10, 'Recepcion Detalle Compra', 'recepcion_orden', '', 0, 6, 1),
(29, 11, 'Gestionar Productos', 'gestionar', '', 1, 1, 1),
(30, 12, 'Gestionar Pedidos', 'gestionar', '', 1, 1, 1),
(31, 13, 'Gestionar Mesas', 'inicio', '', 1, 1, 1),
(32, 14, 'Gestionar Almacen', 'inicio', '', 1, 1, 1),
(33, 12, 'Asignar Pedido', 'asignar', '', 0, 2, 1),
(34, 12, 'Listar Grupos', 'listar_grupos', '', 1, 5, 1),
(35, 12, 'Listado', 'listado_detalle_grupo', '', 0, 4, 1),
(36, 12, 'Listado Bebidas', 'listado_bebida', '', 0, 5, 1),
(37, 15, 'Gestionar Recetas', 'inicio', '', 1, 1, 1),
(38, 15, 'Gestionar Detalle Recetas', 'detalle_receta', '', 0, 2, 1),
(39, 16, 'Pendientes de Declarar', 'historial_ventas', '', 1, 2, 1),
(40, 12, 'Detalle del Pedido', 'detalle_pedido', '', 0, 6, 1),
(41, 17, 'Gestionar Clientes', 'inicio', '', 1, 1, 1),
(42, 18, 'Gestionar', 'gestionar', '', 1, 1, 1),
(43, 19, 'Gestionar Movimientos', 'gestionar', '', 1, 1, 1),
(44, 20, 'Reporte Ingresos y Egresos', 'ingresos_egresos', '', 1, 1, 1),
(45, 21, 'Gestionar Insumos', 'gestionar', '', 1, 1, 1),
(46, 12, 'Realizar Delivery', 'delivery', '', 1, 2, 1),
(47, 16, 'Ver Detalle Venta', 'ver_detalle_venta', '', 0, 0, 1),
(48, 12, 'Historial de Deliverys', 'historial_delivery', '', 1, 3, 1),
(49, 20, 'Reporte Clientes', 'reporte_clientes', '', 1, 2, 1),
(50, 20, 'Reporte Proveedores', 'reporte_proveedores', '', 0, 3, 1),
(51, 20, 'Reporte Meseros', 'reporte_meseros', '', 1, 4, 1),
(52, 16, 'Historial Ventas Sunat', 'historial_ventas_enviadas', '', 1, 3, 1),
(53, 16, 'Resumen Diario', 'envio_resumenes_diario', '', 1, 4, 1),
(54, 20, 'Reporte Insumos', 'reporte_insumos', '', 0, 6, 1),
(55, 16, 'Historial Resumen Diario', 'historial_resumen_diario', '', 1, 5, 1),
(56, 16, 'Ver Detalle Resumen', 'ver_detalle_resumen', '', 0, 0, 1),
(57, 12, 'ticket_pedido', 'ticket_pedido', '', 0, 0, 1),
(58, 16, 'imprimir_ticket_pdf', 'imprimir_ticket_pdf', '', 0, 0, 1),
(59, 12, 'ticket_venta', 'ticket_venta', '', 0, 0, 1),
(60, 16, 'Excel Ventas', 'excel_ventas_enviadas', '', 0, 0, 1),
(61, 12, 'Detalle Delivery', 'detalle_delivery', '', 0, 2, 1),
(62, 12, 'Historial Deliverys Entregados', 'historial_delivery_entregados', '', 1, 4, 1),
(63, 12, 'Ticket Venta Delivery', 'ticket_venta_delivery', '', 0, 0, 1),
(64, 16, 'Historia Bajas de Facturas', 'historial_bajas_facturas', '', 1, 6, 1),
(65, 16, 'Generar Nota', 'generar_nota', '', 0, 0, 1),
(66, 22, 'Gestionar Categorias', 'gestionar', '', 1, 0, 1),
(67, 23, 'Periodo Laboral', 'periodolaboral', '', 1, 4, 1),
(68, 23, 'Asistencia de Personal', 'asistencia', '', 1, 5, 1),
(69, 23, 'Convocatoria', 'convocatoria', '', 0, 1, 1),
(70, 23, 'Gestión de Personal', 'gestion_personal', '', 1, 2, 1),
(71, 23, 'Memorandum al Personal', 'memorandum', '', 1, 6, 1),
(72, 23, 'Obligación Laboral', 'obligacion_laboral', '', 0, 7, 1),
(73, 23, 'Listado de Memorandum', 'listar_memo', '', 0, 6, 1),
(74, 23, 'PDF MEMO', 'ver_memo', '', 0, 0, 1),
(75, 23, 'Editar Personal', 'editar_personal', '', 0, 0, 1),
(76, 23, 'Detalle Periodo Laboral', 'detalle_periodo_laboral', '', 0, 0, 1),
(77, 23, 'Agregar Periodo', 'agregar_periodo', '', 0, 0, 1),
(78, 23, 'Adjuntar Documentos', 'adjuntar', '', 0, 0, 1),
(79, 23, 'Gestionar Feriados', 'feriados', '', 0, 0, 1),
(80, 23, 'Proyectar Asistencia', 'proyectar_asistencia', '', 0, 0, 1),
(81, 23, 'Opciones', 'opciones', '', 0, 0, 1),
(82, 23, 'Por Persona', 'por_persona', '', 0, 0, 1),
(83, 23, 'Consultar', 'consultar', '', 0, 0, 1),
(84, 23, 'Asitencia Personal', 'asistencia_personal', '', 0, 0, 1),
(85, 23, 'Constancia de Trabajo', 'constancia_trabajo', '', 0, 0, 1),
(86, 23, 'Vacaciones', 'vacaciones', '', 0, 0, 1),
(87, 23, 'Editar Periodo', 'editar', '', 0, 0, 1),
(88, 23, 'Pendientes de Aprobación', 'aprobar', '', 0, 0, 1),
(89, 23, 'Ver Periodo', 'ver_periodo', '', 0, 0, 1),
(90, 23, 'Aprobar Asistencias', 'aprobar_asistencias', '', 0, 0, 1),
(91, 23, 'Renovar Periodo', 'renovar_periodo', '', 0, 0, 1),
(92, 23, 'guardar', 'guardar_departamento', '', 0, 0, 0),
(93, 10, 'Compra Rapida', 'facturas_sin_oc', '', 1, 7, 1),
(94, 23, 'Asignar Turnos', 'asignar_turnos', '', 0, 0, 1),
(95, 10, 'Ver Facturas', 'ver_facturas', '', 1, 8, 1),
(96, 12, 'Historial Pedido', 'historial_pedidos', '', 1, 2, 1),
(97, 12, 'Detalle Pedido Ver', 'detalle_pedido_ver', '', 0, 0, 1),
(98, 20, 'Tiempo de Atención por Pedido', 'tiempo_promedio_atencion', '', 0, 7, 1),
(99, 20, 'Ventas por Tipo de Pago', 'ventas_tipo_pago', '', 0, 8, 1),
(100, 20, 'Reporte Ventas por Productos', 'reporte_ventas_productos', '', 1, 0, 1),
(101, 23, 'Gestionar Turnos', 'gestionar_turnos', '', 0, 0, 1),
(102, 20, 'Reporte Ventas Productos PDF', 'reporte_ventas_productos_pdf', '', 0, 0, 1),
(103, 16, 'Historial Notas Ventas', 'historial_notas_ventas', '', 1, 1, 1),
(104, 16, 'tabla_productos_editar', 'tabla_productos_editar', '', 0, 0, 1),
(105, 16, 'editar_nota_venta', 'editar_nota_venta', '', 0, 0, 1),
(106, 20, 'Reporte General', 'reporte_general', '', 1, 0, 1),
(107, 20, 'Reporte General PDF', 'reporte_general_pdf', '', 0, 0, 1),
(108, 20, 'Reporte por Caja', 'reporte_por_caja', '', 0, 0, 1),
(109, 14, 'Gestionar Recursos', 'recursos', '', 1, 2, 1),
(110, 14, 'Gestionar Categorias', 'categorias', '', 1, 3, 1),
(111, 12, 'Historial Pedidos Gratis', 'historial_pedidos_gratis', '', 1, 2, 1),
(112, 12, 'Pedidos Eliminados', 'pedidos_eliminados', '', 1, 6, 1),
(113, 24, 'ws libres', 'ws', '', 1, 0, 1),
(114, 19, 'Adelanto de Personal', 'gastos_personal', '', 1, 2, 1),
(115, 16, 'Enviar Venta Correo', 'enviar_venta_correo', '', 0, 0, 1);

-- --------------------------------------------------------

--
-- Table structure for table `orden_compra`
--

CREATE TABLE `orden_compra` (
  `id_orden_compra` int(11) NOT NULL,
  `id_caja_numero` int(11) NOT NULL,
  `id_solicitante` int(11) NOT NULL,
  `id_aprobacion` int(11) DEFAULT NULL,
  `id_proveedor` int(11) NOT NULL,
  `id_sucursal` int(11) NOT NULL,
  `id_tipo_pago` int(11) DEFAULT NULL,
  `orden_compra_observacion` varchar(500) COLLATE utf8_unicode_ci DEFAULT NULL,
  `orden_compra_fecha_aprob` datetime DEFAULT NULL,
  `orden_compra_titulo` varchar(200) COLLATE utf8_unicode_ci NOT NULL,
  `orden_compra_activo` int(11) DEFAULT NULL,
  `orden_compra_numero` varchar(30) COLLATE utf8_unicode_ci NOT NULL,
  `orden_compra_estado` varchar(30) COLLATE utf8_unicode_ci NOT NULL,
  `orden_compra_fecha` datetime NOT NULL,
  `orden_compra_tipo_doc` varchar(200) COLLATE utf8_unicode_ci DEFAULT NULL,
  `orden_compra_numero_doc` varchar(50) COLLATE utf8_unicode_ci DEFAULT NULL,
  `orden_compra_doc_adjuntado` varchar(50) COLLATE utf8_unicode_ci DEFAULT NULL,
  `orden_compra_fecha_emision_doc` date DEFAULT NULL,
  `orden_compra_doc_cuotas` varchar(50) COLLATE utf8_unicode_ci DEFAULT NULL,
  `orden_compra_fecha_recibida` datetime DEFAULT NULL,
  `orden_compra_usuario_recibido` int(11) NOT NULL,
  `orden_compra_codigo` varchar(40) COLLATE utf8_unicode_ci NOT NULL
) ENGINE=InnoDB DEFAULT CHARSET=utf8 COLLATE=utf8_unicode_ci;

-- --------------------------------------------------------

--
-- Table structure for table `pedidos_gratis`
--

CREATE TABLE `pedidos_gratis` (
  `id_pedido_gratis` int(11) NOT NULL,
  `id_mesa` int(11) NOT NULL,
  `id_usuario` int(11) NOT NULL,
  `pedido_gratis_numero` varchar(200) DEFAULT NULL,
  `pedido_gratis_nombre` varchar(20) DEFAULT NULL,
  `pedido_gratis_direccion` varchar(500) DEFAULT NULL,
  `pedido_gratis_total` decimal(10,2) NOT NULL DEFAULT '0.00',
  `pedido_gratis_datetime` datetime DEFAULT NULL,
  `pedido_gratis_codigo` varchar(100) DEFAULT NULL,
  `pedido_gratis_estado` tinyint(4) NOT NULL DEFAULT '1'
) ENGINE=InnoDB DEFAULT CHARSET=latin1;

-- --------------------------------------------------------

--
-- Table structure for table `pedidos_gratis_detalles`
--

CREATE TABLE `pedidos_gratis_detalles` (
  `id_pedido_gratis_detalle` int(11) NOT NULL,
  `id_pedido_gratis` int(11) NOT NULL,
  `id_comanda_detalle` int(11) NOT NULL,
  `id_pedido_gratis_detalle_estado` tinyint(4) NOT NULL DEFAULT '1'
) ENGINE=InnoDB DEFAULT CHARSET=latin1;

-- --------------------------------------------------------

--
-- Table structure for table `periodo_laboral`
--

CREATE TABLE `periodo_laboral` (
  `id_periodo` int(11) NOT NULL,
  `id_persona` int(11) NOT NULL,
  `id_contrato` int(11) NOT NULL,
  `id_departamento` int(11) NOT NULL,
  `id_sede` int(11) NOT NULL,
  `id_cargo` int(11) NOT NULL,
  `id_empresa` int(11) NOT NULL,
  `periodo_fechainicio` date NOT NULL,
  `periodo_fechafin` date NOT NULL,
  `periodo_fechafirma` date DEFAULT NULL,
  `periodo_sueldo` decimal(11,2) NOT NULL,
  `periodo_movilidad` decimal(11,2) DEFAULT NULL,
  `periodo_total` decimal(11,2) NOT NULL,
  `periodo_observa` varchar(250) COLLATE utf8_unicode_ci DEFAULT NULL,
  `periodo_estado` varchar(5) COLLATE utf8_unicode_ci NOT NULL,
  `periodo_contrato` tinyint(1) DEFAULT NULL,
  `periodo_nro_contrato` varchar(100) COLLATE utf8_unicode_ci DEFAULT NULL,
  `id_user_creacion` int(11) DEFAULT NULL,
  `id_user_aprobacion` int(11) DEFAULT NULL,
  `periodo_fecha_creacion` date DEFAULT NULL,
  `periodo_hora_creacion` time DEFAULT NULL,
  `periodo_bono` float(10,2) DEFAULT NULL,
  `perioido_ruc_centro_estudio` varchar(20) COLLATE utf8_unicode_ci DEFAULT NULL,
  `periodo_nombre_centro_estudio` varchar(200) COLLATE utf8_unicode_ci DEFAULT NULL,
  `periodo_domicilio_centro_estudio` varchar(200) COLLATE utf8_unicode_ci DEFAULT NULL,
  `periodo_dni_representante` varchar(20) COLLATE utf8_unicode_ci DEFAULT NULL,
  `periodo_nombre_representante` varchar(200) COLLATE utf8_unicode_ci DEFAULT NULL,
  `periodo_ciclo` varchar(20) COLLATE utf8_unicode_ci DEFAULT NULL,
  `periodo_especialidad` varchar(200) COLLATE utf8_unicode_ci DEFAULT NULL
) ENGINE=InnoDB DEFAULT CHARSET=utf8 COLLATE=utf8_unicode_ci;

-- --------------------------------------------------------

--
-- Table structure for table `permisos`
--

CREATE TABLE `permisos` (
  `id_permiso` int(11) NOT NULL,
  `id_opcion` int(11) NOT NULL,
  `permiso_accion` varchar(30) COLLATE utf8_unicode_ci NOT NULL,
  `permiso_estado` tinyint(1) NOT NULL
) ENGINE=InnoDB DEFAULT CHARSET=utf8 COLLATE=utf8_unicode_ci;

--
-- Dumping data for table `permisos`
--

INSERT INTO `permisos` (`id_permiso`, `id_opcion`, `permiso_accion`, `permiso_estado`) VALUES
(1, 1, 'validar_sesion', 1),
(2, 4, 'guardar_menu', 1),
(3, 6, 'configurar_relacion', 1),
(4, 7, 'guardar_opcion', 1),
(5, 7, 'agregar_permiso', 1),
(6, 7, 'eliminar_permiso', 1),
(7, 7, 'configurar_acceso', 1),
(8, 9, 'guardar_rol', 1),
(9, 10, 'gestionar_acceso_rol', 1),
(10, 12, 'guardar_nuevo_usuario', 1),
(11, 12, 'guardar_edicion_usuario', 1),
(12, 12, 'guardar_edicion_persona', 1),
(13, 12, 'restablecer_contrasenha', 1),
(14, 13, 'guardar_datos', 1),
(15, 14, 'guardar_usuario', 1),
(16, 15, 'guardar_contrasenha', 1),
(17, 16, 'guardar_negocio', 1),
(18, 16, 'editar_negocio', 1),
(19, 17, 'guardar_sucursal', 1),
(20, 17, 'editar_sucursal', 1),
(21, 18, 'guardar_usuario_sucursal', 1),
(22, 19, 'guardar_usuario_negocio', 1),
(23, 16, 'cambiar_estado_negocio', 1),
(24, 17, 'cambiar_estado_sucursal', 1),
(25, 19, 'cambiar_estado_usuario_negocio', 1),
(27, 18, 'cambiar_estado_usuariosucursal', 1),
(28, 20, 'guardar_categoria', 1),
(29, 21, 'guardar_recursos', 1),
(30, 21, 'listar_categoria_por_id', 1),
(31, 22, 'guardar_nuevo_proveedor', 1),
(32, 22, 'guardar_edicion_proveedor', 1),
(33, 22, 'eliminar_proveedor', 1),
(34, 23, 'listar_recursos_x_sucursal', 1),
(35, 23, 'guardar_orden', 1),
(36, 27, 'editar_orden', 1),
(37, 26, 'aprobar_orden', 1),
(38, 24, 'eliminar_orden', 1),
(39, 21, 'cambiar_estado_recurso', 1),
(40, 20, 'cambiar_estado_categoria', 1),
(41, 28, 'actualizar_recepcion', 1),
(42, 29, 'guardar_producto', 1),
(43, 29, 'editar_producto', 1),
(44, 29, 'listar_precios', 1),
(45, 29, 'agregar_nuevo_precio', 1),
(46, 29, 'cambiar_estado_producto', 1),
(47, 31, 'guardar_nuevo_mesa', 1),
(48, 31, 'guardar_edicion_mesa', 1),
(49, 31, 'eliminar_mesa', 1),
(50, 31, 'listar_negocio_por_id', 1),
(51, 32, 'guardar_nuevo_almacen', 1),
(52, 32, 'guardar_edicion_almacen', 1),
(53, 32, 'eliminar_almacen', 1),
(54, 32, 'listar_negocio_por_id', 1),
(55, 30, 'listar_precio_producto', 1),
(56, 33, 'guardar_comanda', 1),
(57, 35, 'cambiar_estado_pedido', 1),
(58, 33, 'ver_productos', 1),
(60, 37, 'guardar_edicion_receta', 1),
(61, 37, 'eliminar_receta', 1),
(62, 38, 'guardar_nuevo_detalle_receta', 1),
(63, 38, 'guardar_edicion_detalle_receta', 1),
(64, 38, 'eliminar_detalle_receta', 1),
(65, 37, 'guardar_nuevo_receta', 1),
(67, 41, 'guardar_cliente', 1),
(68, 41, 'guardar_edicion_cliente', 1),
(69, 41, 'eliminar_cliente', 1),
(70, 40, 'guardar_venta', 1),
(71, 38, 'listar_unidad_precio', 1),
(72, 21, 'jalar_categorias', 1),
(73, 40, 'ver_productos_nuevo', 1),
(74, 40, 'guardar_comanda_nuevo', 1),
(75, 40, 'eliminar_comanda_detalle', 1),
(76, 40, 'cambiar_mesa', 1),
(77, 40, 'buscar_cliente', 1),
(78, 31, 'listar_negocio_por_id_editar', 1),
(79, 40, 'cambiar_cantidad_personas', 1),
(80, 42, 'jalar_recursos', 1),
(81, 42, 'guardar_nueva_conversion', 1),
(82, 38, 'jalar_valor_preparacion', 1),
(83, 38, 'guardar_sub_receta', 1),
(84, 43, 'guardar_egresos', 1),
(85, 43, 'eliminar_egreso', 1),
(86, 43, 'editar_egresos', 1),
(87, 45, 'guardar_insumos', 1),
(88, 45, 'editar_insumos', 1),
(89, 30, 'consultar_serie', 1),
(90, 46, 'guardar_delivery', 1),
(91, 39, 'crear_xml_enviar_sunat', 1),
(92, 53, 'crear_enviar_resumen_sunat', 1),
(93, 40, 'ticket_venta', 1),
(94, 40, 'ticket_pedido', 1),
(95, 34, 'agregar_grupo', 1),
(96, 46, 'buscar_cliente_delivery', 1),
(97, 61, 'buscar_cliente_delivery_pagos', 1),
(98, 52, 'comunicacion_baja', 1),
(99, 39, 'anular_boleta_cambiarestado', 1),
(100, 41, 'guardar_cliente_nuevo', 1),
(101, 48, 'eliminar_comanda_delivery', 1),
(102, 65, 'tipo_nota_descripcion', 1),
(103, 65, 'consultar_serie', 1),
(104, 65, 'guardar_nota', 1),
(105, 52, 'consultar_comprobante', 1),
(106, 41, 'obtener_datos_x_dni', 1),
(107, 41, 'obtener_datos_x_ruc', 1),
(108, 66, 'guardar_categoria', 1),
(109, 66, 'editar_categoria', 1),
(110, 66, 'eliminar_categoria', 1),
(111, 21, 'editar_stock_minimo', 1),
(112, 22, 'obtener_datos_x_dni', 1),
(113, 22, 'obtener_datos_x_ruc', 1),
(114, 42, 'eliminar_conversion', 1),
(115, 38, 'eliminar_sub_receta', 1),
(116, 71, 'guardar_memo', 1),
(117, 73, 'editar_memo', 1),
(118, 73, 'aprobar_memo', 1),
(120, 73, 'eliminar_memo', 1),
(121, 70, 'guardar_personal', 1),
(122, 70, 'eliminar_personal', 1),
(123, 77, 'guardar_periodo', 1),
(124, 78, 'guardar_archivo', 1),
(125, 78, 'eliminar_documento', 1),
(126, 79, 'eliminar_feriado', 1),
(127, 79, 'agregar_feriado', 1),
(128, 80, 'guardar_asistencia_proyectada', 1),
(129, 80, 'registrar_asistencia_proyectad', 1),
(130, 76, 'aprobar_periodo', 1),
(131, 84, 'aprobar_asistencia', 1),
(132, 84, 'guardar_asistencia', 1),
(133, 84, 'registrar_asistencia', 1),
(134, 89, 'generar_contrato', 1),
(135, 76, 'eliminar_periodo', 1),
(137, 12, 'guardar_departamento', 1),
(138, 12, 'eliminar_departamento', 1),
(139, 12, 'eliminar_cargo', 1),
(140, 12, 'guardar_cargo', 1),
(141, 94, 'guardar_turno', 1),
(142, 90, 'guardar_horas', 1),
(143, 93, 'guardar_compra_rapida', 1),
(144, 2, 'guardar_apertura_caja', 1),
(145, 29, 'consultar_datos', 1),
(146, 101, 'agregar_turnos', 1),
(147, 101, 'agregar_turnos_editado', 1),
(148, 84, 'registrar_salida', 1),
(149, 30, 'habilitar_mesa', 1),
(150, 105, 'addproduct', 1),
(151, 105, 'eliminar_producto', 1),
(152, 105, 'search_by_barcode', 1),
(153, 105, 'consultar_serie', 1),
(154, 105, 'tipo_nota_descripcion', 1),
(155, 105, 'ticket_electronico', 1),
(156, 105, 'editar_cantidad_tabla', 1),
(157, 105, 'guardar_venta_market', 1),
(158, 40, 'cambiar_comanda_detalle_cantid', 1),
(159, 30, 'guardar_reserva', 1),
(160, 30, 'habilitar_reserva', 1),
(161, 30, 'eliminar_reserva', 1),
(162, 2, 'guardar_cierre_caja', 1),
(163, 29, 'guardar_familia', 1),
(164, 32, 'guardar_salida', 1),
(165, 29, 'eliminar_familia', 1),
(166, 95, 'eliminar_orden_cr', 1),
(167, 109, 'guardar_recursos', 1),
(168, 109, 'listar_categoria_por_id', 1),
(169, 109, 'cambiar_estado_recurso', 1),
(170, 109, 'jalar_categorias', 1),
(171, 109, 'editar_stock_minimo', 1),
(172, 110, 'guardar_categoria', 1),
(173, 110, 'cambiar_estado_categoria', 1),
(174, 93, 'recargar_recursos', 1),
(175, 55, 'consultar_ticket_resumen', 1),
(176, 40, 'ticket_comanda', 1),
(177, 41, 'guardar_puntos', 1),
(178, 113, 'guardar_comanda', 1),
(179, 113, 'guardar_comanda_nuevo', 1),
(180, 113, 'guardar_delivery', 1),
(181, 113, 'guardar_venta', 1),
(182, 113, 'ticket_pedido', 1),
(183, 113, 'ticket_comanda', 1),
(184, 113, 'ticket_venta', 1),
(185, 113, 'ticket_venta_delivery', 1),
(186, 46, 'guardar_delivery_venta', 1),
(187, 46, 'ver_productos_x_delivery', 1),
(188, 62, 'cambiar_estado_comanda_deliver', 1),
(189, 30, 'guardar_cambio', 1),
(190, 30, 'mesa_visible', 1),
(191, 106, 'ticket_reporte', 1),
(192, 1, 'validar_sesion_app', 1),
(193, 31, 'listar_mesas', 1),
(194, 33, 'listar_familias_productos', 1),
(195, 106, 'ticket_productos', 1),
(196, 40, 'transferir_pedido', 1),
(197, 114, 'guardar_gasto_personal', 1),
(198, 114, 'guardar_personal', 1),
(199, 114, 'guardar_gasto_personal_editado', 1),
(200, 114, 'eliminar_gasto_personal', 1),
(201, 39, 'enviar_venta_correo', 1),
(202, 52, 'enviar_venta_correo', 1),
(203, 29, 'sumar_stock_nuevo', 1),
(204, 39, 'cambiarestado_enviado', 1);

-- --------------------------------------------------------

--
-- Table structure for table `personas`
--

CREATE TABLE `personas` (
  `id_persona` int(11) NOT NULL,
  `id_empresa` int(11) NOT NULL,
  `persona_nombre` varchar(100) COLLATE utf8_unicode_ci NOT NULL,
  `persona_apellido_paterno` varchar(30) COLLATE utf8_unicode_ci NOT NULL,
  `persona_apellido_materno` varchar(30) COLLATE utf8_unicode_ci DEFAULT NULL,
  `persona_email` varchar(200) COLLATE utf8_unicode_ci DEFAULT NULL,
  `persona_tipo_documento` varchar(50) COLLATE utf8_unicode_ci DEFAULT NULL,
  `persona_dni` char(15) COLLATE utf8_unicode_ci NOT NULL,
  `persona_nacionalidad` varchar(100) COLLATE utf8_unicode_ci DEFAULT NULL,
  `persona_estado_civil` varchar(60) COLLATE utf8_unicode_ci DEFAULT NULL,
  `persona_direccion` varchar(300) COLLATE utf8_unicode_ci DEFAULT NULL,
  `persona_discapacidad` varchar(50) COLLATE utf8_unicode_ci DEFAULT NULL,
  `persona_job` varchar(200) COLLATE utf8_unicode_ci DEFAULT NULL,
  `persona_nacimiento` date DEFAULT NULL,
  `persona_sexo` char(2) COLLATE utf8_unicode_ci DEFAULT NULL,
  `persona_telefono` char(15) COLLATE utf8_unicode_ci DEFAULT NULL,
  `persona_telefono_2` varchar(50) COLLATE utf8_unicode_ci DEFAULT NULL,
  `persona_foto` varchar(200) COLLATE utf8_unicode_ci DEFAULT NULL,
  `persona_hijos` varchar(50) COLLATE utf8_unicode_ci DEFAULT NULL,
  `persona_departamento` varchar(100) COLLATE utf8_unicode_ci DEFAULT NULL,
  `persona_provincia` varchar(100) COLLATE utf8_unicode_ci DEFAULT NULL,
  `persona_distrito` varchar(100) COLLATE utf8_unicode_ci DEFAULT NULL,
  `persona_adicional` varchar(500) COLLATE utf8_unicode_ci DEFAULT NULL,
  `persona_afp` varchar(50) COLLATE utf8_unicode_ci DEFAULT NULL,
  `persona_cuspp` varchar(50) COLLATE utf8_unicode_ci DEFAULT NULL,
  `persona_afiliac` date DEFAULT NULL,
  `persona_blacklist` varchar(200) COLLATE utf8_unicode_ci DEFAULT NULL,
  `persona_bank` varchar(200) COLLATE utf8_unicode_ci DEFAULT NULL,
  `persona_number_account` varchar(50) COLLATE utf8_unicode_ci DEFAULT NULL,
  `persona_bank_alt` varchar(60) COLLATE utf8_unicode_ci NOT NULL,
  `persona_number_account_alt` varchar(50) COLLATE utf8_unicode_ci DEFAULT NULL,
  `persona_bank_cts` varchar(50) COLLATE utf8_unicode_ci DEFAULT NULL,
  `persona_account_cts` varchar(50) COLLATE utf8_unicode_ci DEFAULT NULL,
  `persona_cv` varchar(300) COLLATE utf8_unicode_ci DEFAULT NULL,
  `persona_empleado` tinyint(1) DEFAULT NULL,
  `persona_creacion` datetime NOT NULL,
  `persona_modificacion` datetime NOT NULL,
  `person_codigo` varchar(40) COLLATE utf8_unicode_ci NOT NULL,
  `persona_estado` tinyint(2) NOT NULL
) ENGINE=InnoDB DEFAULT CHARSET=utf8 COLLATE=utf8_unicode_ci;

--
-- Dumping data for table `personas`
--

INSERT INTO `personas` (`id_persona`, `id_empresa`, `persona_nombre`, `persona_apellido_paterno`, `persona_apellido_materno`, `persona_email`, `persona_tipo_documento`, `persona_dni`, `persona_nacionalidad`, `persona_estado_civil`, `persona_direccion`, `persona_discapacidad`, `persona_job`, `persona_nacimiento`, `persona_sexo`, `persona_telefono`, `persona_telefono_2`, `persona_foto`, `persona_hijos`, `persona_departamento`, `persona_provincia`, `persona_distrito`, `persona_adicional`, `persona_afp`, `persona_cuspp`, `persona_afiliac`, `persona_blacklist`, `persona_bank`, `persona_number_account`, `persona_bank_alt`, `persona_number_account_alt`, `persona_bank_cts`, `persona_account_cts`, `persona_cv`, `persona_empleado`, `persona_creacion`, `persona_modificacion`, `person_codigo`, `persona_estado`) VALUES
(1, 1, 'César José', 'Ruiz', 'Reategui', NULL, NULL, '', NULL, NULL, NULL, NULL, NULL, NULL, NULL, NULL, NULL, NULL, NULL, NULL, NULL, NULL, NULL, NULL, NULL, NULL, NULL, NULL, NULL, '', NULL, '', '', NULL, 0, '2020-09-17 00:00:00', '2020-09-17 00:00:00', '010101010101', 1),
(2, 1, 'SIMPSON', 'Admin', 'Restobar', NULL, NULL, '99999999', NULL, NULL, NULL, NULL, NULL, '1996-06-14', NULL, '965874123', NULL, NULL, NULL, NULL, NULL, NULL, NULL, NULL, NULL, NULL, NULL, NULL, NULL, '', NULL, '', '', NULL, 1, '2020-10-27 18:29:10', '2020-10-27 18:29:10', '1603841350.1786', 1),
(3, 1, 'Cristina', 'Cristina', 'Cristina', 'guardar_persona', 'DNI', '12345678', 'PERUANA', 'SOLTERO', '', '', '', '2022-04-05', 'F', '999999999', '999999999', 'media/persona/default.png', '0', 'Loreto', 'Maynas', 'Iquitos', '', NULL, NULL, NULL, 'NO', '', NULL, '', '', '', '', '', NULL, '2022-04-05 18:32:32', '2022-04-05 18:32:32', '1649201552.7706', 1),
(4, 1, 'supervisor', 'supervisor', 'supervisor', 'supervisor@gmaiol.com', 'DNI', '11111111', 'PERUANA', 'SOLTERO', '', '', '', '2022-04-05', 'F', '', '', 'media/persona/default.png', '0', '', '', '', '', NULL, NULL, NULL, 'NO', '', NULL, '', '', '', '', '', NULL, '2022-04-05 18:34:39', '2022-04-05 18:34:39', '1649201679.6691', 1);

-- --------------------------------------------------------

--
-- Table structure for table `persona_turno`
--

CREATE TABLE `persona_turno` (
  `id_persona_turno` int(11) NOT NULL,
  `id_persona` int(11) NOT NULL,
  `id_turno` int(11) NOT NULL,
  `persona_turno_fecha_registro` datetime NOT NULL,
  `persona_estado_turno` tinyint(2) NOT NULL
) ENGINE=InnoDB DEFAULT CHARSET=utf8 COLLATE=utf8_unicode_ci;

-- --------------------------------------------------------

--
-- Table structure for table `productos`
--

CREATE TABLE `productos` (
  `id_producto` int(11) NOT NULL,
  `id_receta` int(11) NOT NULL,
  `id_grupo` int(11) NOT NULL,
  `id_usuario` int(11) NOT NULL,
  `id_producto_familia` int(11) NOT NULL,
  `producto_nombre` varchar(200) COLLATE utf8_unicode_ci NOT NULL,
  `producto_descripcion` varchar(300) COLLATE utf8_unicode_ci NOT NULL,
  `producto_foto` varchar(200) COLLATE utf8_unicode_ci DEFAULT NULL,
  `producto_estado` tinyint(1) NOT NULL,
  `producto_fecha_registro` datetime NOT NULL,
  `producto_codigo` varchar(100) COLLATE utf8_unicode_ci NOT NULL
) ENGINE=InnoDB DEFAULT CHARSET=utf8 COLLATE=utf8_unicode_ci;

--
-- Dumping data for table `productos`
--

INSERT INTO `productos` (`id_producto`, `id_receta`, `id_grupo`, `id_usuario`, `id_producto_familia`, `producto_nombre`, `producto_descripcion`, `producto_foto`, `producto_estado`, `producto_fecha_registro`, `producto_codigo`) VALUES
(1, 1, 1, 2, 27, 'Cerveza Cristal 337', '', 'media/producto/default.png', 1, '2022-03-02 13:23:38', '1646245418.8761'),
(2, 1, 2, 1, 1, 'LECHE SIMPLE', '', 'media/producto/default.png', 1, '2022-03-04 19:49:06', '1646441346.0513'),
(3, 2, 2, 1, 1, 'LECHE NATURAL', '', 'media/producto/default.png', 1, '2022-03-04 19:49:25', '1646441365.8884'),
(4, 3, 2, 1, 1, 'LECHE MIXTO', '', 'media/producto/default.png', 1, '2022-03-04 19:49:40', '1646441380.2888'),
(5, 4, 2, 1, 1, 'LECHE SIMPSON', '', 'media/producto/default.png', 1, '2022-03-04 19:49:51', '1646441391.72'),
(6, 5, 2, 1, 2, 'CEVICHE SIMPLE', '', 'media/producto/default.png', 1, '2022-03-04 19:50:16', '1646441416.7493'),
(7, 6, 2, 1, 2, 'CEVICHE NATURAL', '', 'media/producto/default.png', 1, '2022-03-04 19:50:31', '1646441431.7758'),
(8, 7, 2, 1, 2, 'CEVICHE MIXTO', '', 'media/producto/default.png', 1, '2022-03-04 19:51:22', '1646441482.8051'),
(9, 8, 2, 1, 2, 'CEVICHE  DE MARISCO', '', 'media/producto/default.png', 1, '2022-03-04 19:51:39', '1646441499.112'),
(10, 9, 2, 1, 3, 'CEVICHE  + CHICHARRON', '', 'media/producto/default.png', 1, '2022-03-04 19:52:07', '1646441527.1559'),
(11, 10, 2, 1, 3, 'ARROZ CHAUFA C/ MARISCO + CEVICHE ', '', 'media/producto/default.png', 1, '2022-03-04 19:52:32', '1646441552.8886'),
(12, 11, 2, 1, 3, 'CEVICHE  + ARROZ CHAUFA C/ MARISCOS + CHICHARRON', '', 'media/producto/default.png', 1, '2022-03-04 19:52:50', '1646441570.4004'),
(13, 12, 2, 1, 4, 'CHICHARRON DE POLLO', '', 'media/producto/default.png', 1, '2022-03-04 19:53:18', '1646441598.2824'),
(14, 13, 2, 1, 4, 'CHICHARRON DE DONCELLA', '', 'media/producto/default.png', 1, '2022-03-04 19:53:33', '1646441613.7823'),
(15, 14, 2, 1, 4, 'CHICHARRON  DE LANGOSTINO', '', 'media/producto/default.png', 1, '2022-03-04 19:53:54', '1646441634.8728'),
(16, 15, 2, 1, 5, 'CHAUFA DE MARISCO', '', 'media/producto/default.png', 1, '2022-03-04 19:54:18', '1646441658.1863'),
(17, 16, 2, 1, 5, 'CHAUFA ESPECIAL', '', 'media/producto/default.png', 1, '2022-03-04 19:54:35', '1646441675.4306'),
(18, 17, 2, 1, 6, 'CHAUFA REGIONAL', '', 'media/producto/default.png', 1, '2022-03-04 19:54:54', '1646441694.9228'),
(19, 18, 2, 1, 6, 'CECINA CON TACACHO', '', 'media/producto/default.png', 1, '2022-03-04 19:55:14', '1646441714.5222'),
(20, 19, 2, 1, 6, 'CHORISO CON TACACHO', '', 'media/producto/default.png', 1, '2022-03-04 19:55:28', '1646441728.7664'),
(21, 20, 2, 1, 7, 'POLLO A LO POBRE', '', 'media/producto/default.png', 1, '2022-03-04 19:55:47', '1646441747.7727'),
(22, 21, 2, 1, 7, 'POLLO A LA PLANCHA', '', 'media/producto/default.png', 1, '2022-03-04 19:56:04', '1646441764.2536'),
(23, 22, 2, 1, 12, 'POLLO BROASTER C/ CHAUFA Y PAPA', '', 'media/producto/default.png', 1, '2022-03-04 19:56:35', '1646441795.1666'),
(24, 23, 2, 1, 8, 'FUENTE REGIONAL', 'CECINA + CHORIZO', 'media/producto/default.png', 1, '2022-03-04 19:56:54', '1646441814.4918'),
(25, 24, 2, 1, 8, 'FUENTE CEVICHE', '', 'media/producto/default.png', 1, '2022-03-04 19:57:12', '1646441832.6416'),
(26, 25, 2, 1, 8, 'FUENTE DE CHICHARRON POLLO', '', 'media/producto/default.png', 1, '2022-03-04 19:57:51', '1646441871.4281'),
(27, 26, 2, 1, 8, 'FUENTE DE CEVICHE MIXTO', '', 'media/producto/default.png', 1, '2022-03-04 19:58:08', '1646441888.7726'),
(28, 27, 2, 1, 9, 'CERVEZA CRISTAL', '', 'media/producto/default.png', 1, '2022-03-04 20:01:27', '1646442087.5986'),
(29, 28, 2, 1, 9, 'CERVEZA PILSEN', '', 'media/producto/default.png', 1, '2022-03-04 20:01:41', '1646442101.3074'),
(30, 29, 2, 1, 9, ' CUSQUEÑA DE TRIGO', '', 'media/producto/default.png', 1, '2022-03-04 20:01:55', '1646442115.8821'),
(31, 30, 2, 1, 9, 'BUDWEISER', '', 'media/producto/default.png', 1, '2022-03-04 20:02:23', '1646442143.1862'),
(32, 31, 2, 1, 9, 'CORONA', '', 'media/producto/default.png', 1, '2022-03-04 20:02:36', '1646442156.7619'),
(33, 32, 2, 1, 9, 'BECKS', '', 'media/producto/default.png', 1, '2022-03-04 20:02:53', '1646442173.6232'),
(34, 33, 2, 1, 9, 'STELLA ARTOIS', '', 'media/producto/default.png', 1, '2022-03-04 20:03:08', '1646442188.8408'),
(35, 34, 4, 1, 9, 'CERVEZA GOLDEN', '', 'media/producto/default.png', 1, '2022-03-04 20:13:43', '1646442823.3222'),
(36, 36, 4, 2, 9, 'JARRA DE REFRESCO', '', 'media/producto/default.png', 1, '2022-04-02 12:05:03', '1648919103.2616'),
(37, 27, 4, 2, 9, 'CERVEZA CRISTAL', '', 'media/producto/default.png', 1, '2022-04-02 12:08:05', '1648919285.6121'),
(38, 31, 4, 2, 9, 'CORONA', '', 'media/producto/default.png', 0, '2022-04-02 12:09:11', '1648919351.6337'),
(39, 37, 2, 2, 2, 'CEVICHE MIXTO', '', 'media/producto/default.png', 1, '2022-04-05 16:53:18', '1649195598.899'),
(40, 37, 2, 2, 2, 'CHORITO A LA CHALACA', '', 'media/producto/default.png', 1, '2022-04-05 16:54:58', '1649195698.6641'),
(41, 37, 1, 2, 10, 'PARIHUELA', '', 'media/producto/default.png', 1, '2022-04-05 16:55:46', '1649195746.0872'),
(42, 37, 1, 2, 10, 'CHUPE DE CAMARONES', '', 'media/producto/default.png', 1, '2022-04-05 16:56:23', '1649195783.2973'),
(43, 37, 1, 2, 10, 'CHUPE DE LANGOSTINOS', '', 'media/producto/default.png', 1, '2022-04-05 16:56:56', '1649195816.0962'),
(44, 37, 1, 2, 4, 'JALEA SIMPLE', '', 'media/producto/default.png', 1, '2022-04-05 16:59:15', '1649195955.1821'),
(45, 37, 1, 2, 4, 'CHICHARRON MIXTO', 'POLLO Y PESCADO', 'media/producto/default.png', 1, '2022-04-05 17:00:49', '1649196049.2385'),
(46, 37, 1, 2, 11, 'ARROZ C/ MARISCOS', '', 'media/producto/default.png', 1, '2022-04-05 17:02:14', '1649196134.1658'),
(47, 37, 1, 2, 11, 'CHAUFA C/ MARISCOS', '', 'media/producto/default.png', 1, '2022-04-05 17:02:49', '1649196169.2614'),
(48, 37, 1, 2, 11, 'PICANTE DE MARISCOS', '', 'media/producto/default.png', 1, '2022-04-05 17:08:44', '1649196524.8525'),
(49, 37, 1, 2, 11, 'ARROZ C/ LANGOSTINOS', '', 'media/producto/default.png', 1, '2022-04-05 17:09:34', '1649196574.8751'),
(50, 37, 1, 2, 11, 'ARROZ CHAUFA ESPECIAL', '', 'media/producto/default.png', 1, '2022-04-05 17:10:06', '1649196606.69'),
(51, 37, 1, 2, 7, 'SALTADO DE POLLO', '', 'media/producto/default.png', 1, '2022-04-05 17:13:24', '1649196804.1548'),
(52, 37, 1, 2, 7, 'BISTECK A LO POBRE', '', 'media/producto/default.png', 1, '2022-04-05 17:14:10', '1649196850.1568'),
(53, 37, 1, 2, 7, 'LOMO SALTADO', '', 'media/producto/default.png', 1, '2022-04-05 17:15:57', '1649196957.3595'),
(54, 37, 1, 2, 7, 'TACUTACU C/ BISTECK', '', 'media/producto/default.png', 1, '2022-04-05 17:16:40', '1649197000.976'),
(55, 37, 1, 2, 7, 'TACUTACU EN SALSA DE MARISCOS', '', 'media/producto/default.png', 1, '2022-04-05 17:17:26', '1649197046.9533'),
(56, 37, 1, 2, 7, 'TACUTACU C/ LOMO SALTADO', '', 'media/producto/default.png', 1, '2022-04-05 17:17:57', '1649197077.1497'),
(57, 37, 1, 2, 12, 'CORVINA FRITA', '', 'media/producto/default.png', 1, '2022-04-05 17:20:20', '1649197220.2062'),
(58, 37, 1, 2, 12, 'GORDONBLUE DE POLLO', '', 'media/producto/default.png', 1, '2022-04-05 17:20:59', '1649197259.0382'),
(59, 37, 1, 2, 12, 'SUDADO DE PESCADO', '', 'media/producto/default.png', 1, '2022-04-05 17:22:17', '1649197337.8319'),
(60, 37, 1, 2, 12, 'ENRROLLADO DE DONCELLA', '', 'media/producto/default.png', 1, '2022-04-05 17:22:57', '1649197377.6394'),
(61, 37, 1, 2, 3, 'CEVICHE  + ARROZ C/ MARISCOS', '', 'media/producto/default.png', 1, '2022-04-05 17:27:15', '1649197635.9078'),
(62, 37, 1, 2, 3, 'ARROZ C/ MARISCOS + CHICHARRON', '', 'media/producto/default.png', 1, '2022-04-05 17:28:27', '1649197707.067'),
(63, 37, 1, 2, 3, 'ARROZ CHAUFA C/ MARISCOS + CHICHARRON', '', 'media/producto/default.png', 1, '2022-04-05 17:29:26', '1649197766.6847'),
(64, 37, 1, 2, 3, 'CEVICHE + ARROZ C/ MARISCOS + CHICHARRON', '', 'media/producto/default.png', 1, '2022-04-05 17:30:35', '1649197835.9073'),
(65, 37, 1, 2, 13, 'TACACHO', '', 'media/producto/default.png', 1, '2022-04-05 17:33:49', '1649198029.7313'),
(66, 37, 1, 2, 13, 'PLATANO FRITO', '', 'media/producto/default.png', 1, '2022-04-05 17:34:32', '1649198072.4488'),
(67, 37, 1, 2, 13, 'MADURO FRITO', '', 'media/producto/default.png', 1, '2022-04-05 17:34:55', '1649198095.6422'),
(68, 37, 1, 2, 13, 'ARROZ BLANCO', '', 'media/producto/default.png', 1, '2022-04-05 17:35:14', '1649198114.5473'),
(69, 37, 1, 2, 13, 'YUCA FRITA', '', 'media/producto/default.png', 1, '2022-04-05 17:35:42', '1649198142.9772'),
(70, 37, 1, 2, 13, 'PATACONES', '', 'media/producto/default.png', 1, '2022-04-05 17:36:05', '1649198165.4389'),
(71, 37, 1, 2, 13, 'PAPA FRITA', '', 'media/producto/default.png', 1, '2022-04-05 17:36:51', '1649198211.4573'),
(72, 37, 1, 2, 13, 'PORCION ARROZ CHAUFA SIMPLE', '', 'media/producto/default.png', 1, '2022-04-05 17:39:42', '1649198382.4663'),
(73, 37, 1, 2, 14, 'ALITAS BBQ', '', 'media/producto/default.png', 1, '2022-04-05 17:41:10', '1649198470.0786'),
(74, 37, 1, 2, 14, 'ALITAS ACEVICHADA', '', 'media/producto/default.png', 1, '2022-04-05 17:43:35', '1649198615.9186'),
(75, 37, 1, 2, 14, 'ALITAS BROASTER', '', 'media/producto/default.png', 1, '2022-04-05 17:44:31', '1649198671.2156'),
(76, 37, 1, 2, 14, 'ALITAS PICANTES', '', 'media/producto/default.png', 1, '2022-04-05 17:45:03', '1649198703.1114'),
(77, 37, 1, 2, 14, 'ALITAS KAY', '', 'media/producto/default.png', 1, '2022-04-05 17:45:47', '1649198747.0138'),
(78, 37, 1, 2, 14, 'DEDOS DE POLLO ', '', 'media/producto/default.png', 1, '2022-04-05 17:46:46', '1649198806.9167'),
(79, 37, 1, 2, 14, 'BROCHETAS', '', 'media/producto/default.png', 1, '2022-04-05 17:47:27', '1649198847.0294'),
(80, 37, 1, 2, 14, 'SALCHIPAPA SIMPLE', '', 'media/producto/default.png', 1, '2022-04-05 17:48:03', '1649198883.8689'),
(81, 37, 1, 2, 14, 'SALCHIPAPA ESPECIAL ', '', 'media/producto/default.png', 1, '2022-04-05 17:48:52', '1649198932.3388'),
(82, 38, 4, 3, 9, 'INCA KOLA 500ML', '', 'media/producto/default.png', 1, '2022-04-06 13:37:26', '1649270246.523'),
(83, 39, 4, 3, 9, 'COCA COLA 500ML', '', 'media/producto/default.png', 1, '2022-04-06 13:50:10', '1649271010.5525'),
(84, 40, 4, 3, 9, 'AGUA CON GAS ', '', 'media/producto/default.png', 1, '2022-04-06 13:52:08', '1649271128.4927'),
(85, 41, 4, 3, 9, 'AGUA SIN GAS', '', 'media/producto/default.png', 1, '2022-04-06 13:52:28', '1649271148.6443'),
(86, 37, 2, 3, 15, 'MAKIS ACEVICHADO', '', 'media/producto/default.png', 1, '2022-04-06 15:33:06', '1649277186.4886'),
(87, 37, 2, 3, 15, 'MAKIS  FURAY', '', 'media/producto/default.png', 1, '2022-04-06 15:33:58', '1649277238.0238'),
(88, 37, 2, 3, 15, 'Comida', '', 'media/producto/default.png', 0, '2022-04-06 15:35:06', '1649277306.1128'),
(89, 37, 2, 3, 15, 'MAKIS BRASA', '', 'media/producto/default.png', 1, '2022-04-06 15:35:51', '1649277351.1243'),
(90, 37, 2, 3, 15, 'MAKIS PARRILLERO', '', 'media/producto/default.png', 1, '2022-04-06 15:36:44', '1649277404.1316'),
(91, 37, 2, 3, 15, 'MAKIS KAY', '', 'media/producto/default.png', 1, '2022-04-06 15:37:28', '1649277448.1405'),
(92, 37, 2, 3, 15, 'MAKIS PARMESANO', '', 'media/producto/default.png', 1, '2022-04-06 15:38:00', '1649277480.7411'),
(93, 37, 2, 3, 15, 'MAKIS  PARRILLERO', '', 'media/producto/default.png', 0, '2022-04-06 15:39:44', '1649277584.8231'),
(94, 37, 2, 3, 15, 'MAKIS OSTION', '', 'media/producto/default.png', 1, '2022-04-06 15:40:21', '1649277621.8342'),
(95, 37, 2, 3, 15, 'MAKIS CALIFORNIA', '', 'media/producto/default.png', 1, '2022-04-06 15:41:06', '1649277666.3043'),
(96, 37, 2, 3, 15, 'MAKIS AVOCADO', '', 'media/producto/default.png', 1, '2022-04-06 15:45:27', '1649277927.4794'),
(97, 37, 2, 3, 21, 'LOMITO', '', 'media/producto/default.png', 1, '2022-04-06 15:48:32', '1649278112.3342'),
(98, 37, 2, 3, 21, 'TARTAR', '', 'media/producto/default.png', 1, '2022-04-06 15:49:11', '1649278151.0798'),
(99, 37, 2, 3, 21, 'REGIONAL', '', 'media/producto/default.png', 1, '2022-04-06 15:49:40', '1649278180.726'),
(100, 37, 2, 3, 21, 'PIQUEOS BAR SIMPSON', '', 'media/producto/default.png', 1, '2022-04-06 15:50:33', '1649278233.9958'),
(101, 42, 3, 3, 20, 'PROMOLA T´/GRANDE', '', 'media/producto/default.png', 1, '2022-04-06 17:37:49', '1649284669.7301'),
(102, 43, 3, 3, 20, 'PROMOLAS T/PEQUEÑO', '', 'media/producto/default.png', 1, '2022-04-06 17:38:15', '1649284695.6652'),
(103, 44, 1, 3, 22, 'CIGARRO LUCKY ', '', 'media/producto/default.png', 1, '2022-04-06 17:44:03', '1649285043.6529'),
(104, 45, 1, 3, 22, 'CIGARRO PALL MALL', '', 'media/producto/default.png', 1, '2022-04-06 17:45:08', '1649285108.8554'),
(105, 46, 2, 3, 15, 'PROMO MAKIS + ALITAS ', '', 'media/producto/default.png', 1, '2022-04-06 18:01:33', '1649286093.5708'),
(106, 47, 2, 3, 15, 'PROMO 2 TABLA D/  MAKIS ', '', 'media/producto/default.png', 1, '2022-04-06 18:04:45', '1649286285.6514'),
(107, 48, 2, 3, 15, 'PROMO 3 TABLA D/  MAKIS ', '', 'media/producto/default.png', 1, '2022-04-06 18:06:22', '1649286382.2555'),
(108, 50, 2, 3, 1, 'PROMO LECHE SIMPSON 3X2', '', 'media/producto/default.png', 1, '2022-04-06 18:22:01', '1649287321.3074'),
(109, 51, 4, 3, 9, '1/2 JARRA DE REFRESCO ', '', 'media/producto/default.png', 1, '2022-04-06 18:24:21', '1649287461.2546'),
(110, 52, 4, 3, 9, '1 VASO C/ REFRESCO ', '', 'media/producto/default.png', 1, '2022-04-06 18:25:13', '1649287513.885'),
(111, 53, 2, 3, 15, 'PORCION D/ CREMA ACEVILLADA ', '', 'media/producto/default.png', 1, '2022-04-06 18:27:54', '1649287674.3324'),
(112, 54, 2, 3, 24, 'CREMAS D/ AJI', '', 'media/producto/default.png', 1, '2022-04-07 12:14:27', '1649351667.0927'),
(113, 33, 4, 3, 9, 'STELLA ARTOIS', '', 'media/producto/default.png', 1, '2022-04-10 13:03:14', '1649613794.6546'),
(114, 37, 2, 3, 9, 'CUSQUEÑA DE TRIGO', '', 'media/producto/default.png', 1, '2022-04-10 16:30:41', '1649626241.7525'),
(115, 37, 4, 3, 9, 'CORONA', '', 'media/producto/default.png', 1, '2022-04-10 17:45:18', '1649630718.2894'),
(116, 56, 4, 3, 9, 'CUSQUEÑA NEGRA 310 ML', '', 'media/producto/default.png', 1, '2022-04-12 12:07:52', '1649783272.3165'),
(117, 37, 1, 3, 6, 'POLLO A LO POBRE', '', 'media/producto/default.png', 1, '2022-04-12 15:47:48', '1649796468.7071'),
(118, 37, 2, 3, 15, 'PROMO MAKIS + ALITAS ', '', 'media/producto/default.png', 1, '2022-04-16 20:24:51', '1650158691.3946'),
(119, 37, 4, 3, 9, 'trigo', '', 'media/producto/default.png', 1, '2022-04-16 20:59:35', '1650160775.2261'),
(120, 37, 4, 3, 9, 'pilsen', '', 'media/producto/default.png', 1, '2022-04-16 21:02:48', '1650160968.7195'),
(121, 37, 2, 3, 12, 'MAKIS LOMITO', '', 'media/producto/default.png', 1, '2022-04-16 22:28:37', '1650166117.4843'),
(122, 37, 1, 3, 13, 'HUEVO', '', 'media/producto/default.png', 1, '2022-04-17 13:59:22', '1650221962.6412'),
(123, 37, 1, 3, 3, 'CEVICHE +ARROZ/MARISCO+CHICHARRON D.', '', 'media/producto/default.png', 1, '2022-04-17 14:03:50', '1650222230.1091'),
(124, 37, 4, 3, 22, 'CIGARRO MARLBORO', '', 'media/producto/default.png', 1, '2022-04-21 18:13:57', '1650582837.24'),
(125, 37, 2, 3, 12, 'PORCION DE YUYO', '', 'media/producto/default.png', 1, '2022-04-22 15:55:22', '1650660922.7439'),
(126, 37, 1, 3, 14, 'BROCHETAS', '', 'media/producto/default.png', 1, '2022-04-27 12:45:09', '1651081509.0666'),
(127, 37, 4, 3, 9, 'GASEOSA GRANDE', '', 'media/producto/default.png', 1, '2022-04-28 15:35:19', '1651178119.8186'),
(128, 37, 1, 3, 4, 'JALEA MIXTO', '', 'media/producto/default.png', 1, '2022-04-28 15:41:09', '1651178469.867'),
(129, 37, 4, 3, 9, 'chicle', '', 'media/producto/default.png', 1, '2022-05-01 13:35:42', '1651430142.8736');

-- --------------------------------------------------------

--
-- Table structure for table `producto_familia`
--

CREATE TABLE `producto_familia` (
  `id_producto_familia` int(11) NOT NULL,
  `producto_familia_nombre` varchar(200) COLLATE utf8_unicode_ci NOT NULL,
  `producto_familia_fecha_registro` datetime NOT NULL,
  `producto_familia_estado` tinyint(2) NOT NULL
) ENGINE=InnoDB DEFAULT CHARSET=utf8 COLLATE=utf8_unicode_ci;

--
-- Dumping data for table `producto_familia`
--

INSERT INTO `producto_familia` (`id_producto_familia`, `producto_familia_nombre`, `producto_familia_fecha_registro`, `producto_familia_estado`) VALUES
(1, 'LECHE DE TIGRE', '2022-03-04 19:47:14', 1),
(2, 'PLATOS FRIOS', '2022-03-04 19:47:21', 1),
(3, 'DUOS Y TRIOS', '2022-03-04 19:47:30', 1),
(4, 'CHICHARRONES', '2022-03-04 19:47:37', 1),
(5, 'CHAUFAS', '2022-03-04 19:47:45', 1),
(6, 'PLATO REGIONAL', '2022-03-04 19:47:52', 1),
(7, 'A LA CARTA', '2022-03-04 19:48:13', 1),
(8, 'FUENTES', '2022-03-04 19:48:20', 1),
(9, 'BEBIDAS', '2022-03-04 19:48:34', 1),
(10, 'SOPAS', '2022-04-05 16:55:20', 1),
(11, 'ARROCES', '2022-04-05 17:01:37', 1),
(12, 'OTROS', '2022-04-05 17:18:29', 1),
(13, 'GUARNICIONES', '2022-04-05 17:32:49', 1),
(14, 'FASTFOOD', '2022-04-05 17:40:32', 1),
(15, 'MAKIS', '2022-04-05 17:40:44', 1),
(16, 'INCA KOLA 500ML', '2022-04-06 13:28:43', 1),
(20, 'PROMOLAS', '2022-04-06 14:41:52', 1),
(21, 'MAKIS ESPECIALES ', '2022-04-06 15:47:48', 1),
(22, 'CIGARROS', '2022-04-06 15:57:14', 1),
(23, 'PROMOS', '2022-04-06 18:17:58', 1),
(24, 'CREMAS D/ AJI', '2022-04-07 12:12:20', 1);

-- --------------------------------------------------------

--
-- Table structure for table `producto_precio`
--

CREATE TABLE `producto_precio` (
  `id_producto_precio` int(11) NOT NULL,
  `id_producto` int(11) NOT NULL,
  `id_unidad_medida` int(11) NOT NULL,
  `producto_precio_codigoafectacion` char(2) COLLATE utf8_unicode_ci NOT NULL DEFAULT '20',
  `producto_precio_venta` decimal(10,2) NOT NULL,
  `producto_precio_fecha_registro` datetime NOT NULL,
  `producto_precio_estado` tinyint(1) NOT NULL
) ENGINE=InnoDB DEFAULT CHARSET=utf8 COLLATE=utf8_unicode_ci;

--
-- Dumping data for table `producto_precio`
--

INSERT INTO `producto_precio` (`id_producto_precio`, `id_producto`, `id_unidad_medida`, `producto_precio_codigoafectacion`, `producto_precio_venta`, `producto_precio_fecha_registro`, `producto_precio_estado`) VALUES
(1, 1, 58, '20', '7.00', '2022-03-02 13:23:38', 1),
(2, 2, 59, '20', '12.00', '2022-03-04 19:49:06', 1),
(3, 3, 59, '20', '15.00', '2022-03-04 19:49:25', 1),
(4, 4, 59, '20', '18.00', '2022-03-04 19:49:40', 1),
(5, 5, 59, '20', '20.00', '2022-03-04 19:49:51', 1),
(6, 6, 59, '20', '25.00', '2022-03-04 19:50:16', 1),
(7, 7, 59, '20', '28.00', '2022-03-04 19:50:31', 1),
(8, 8, 59, '20', '32.00', '2022-03-04 19:51:22', 0),
(9, 9, 59, '20', '35.00', '2022-03-04 19:51:39', 0),
(10, 10, 59, '20', '35.00', '2022-03-04 19:52:07', 1),
(11, 11, 59, '20', '35.00', '2022-03-04 19:52:32', 1),
(12, 12, 59, '20', '40.00', '2022-03-04 19:52:50', 1),
(13, 13, 59, '20', '30.00', '2022-03-04 19:53:18', 1),
(14, 14, 59, '20', '35.00', '2022-03-04 19:53:33', 1),
(15, 15, 59, '20', '45.00', '2022-03-04 19:53:54', 0),
(16, 16, 59, '20', '30.00', '2022-03-04 19:54:18', 1),
(17, 17, 59, '20', '45.00', '2022-03-04 19:54:35', 1),
(18, 18, 59, '20', '45.00', '2022-03-04 19:54:54', 0),
(19, 19, 59, '20', '35.00', '2022-03-04 19:55:14', 1),
(20, 20, 59, '20', '35.00', '2022-03-04 19:55:28', 1),
(21, 21, 59, '20', '30.00', '2022-03-04 19:55:47', 1),
(22, 22, 59, '20', '30.00', '2022-03-04 19:56:04', 1),
(23, 23, 59, '20', '25.00', '2022-03-04 19:56:35', 1),
(24, 24, 59, '20', '90.00', '2022-03-04 19:56:54', 0),
(25, 25, 59, '20', '80.00', '2022-03-04 19:57:12', 1),
(26, 26, 59, '20', '90.00', '2022-03-04 19:57:51', 1),
(27, 27, 59, '20', '120.00', '2022-03-04 19:58:08', 1),
(28, 28, 59, '20', '8.00', '2022-03-04 20:01:27', 1),
(29, 29, 59, '20', '9.00', '2022-03-04 20:01:41', 1),
(30, 30, 59, '20', '10.00', '2022-03-04 20:01:55', 1),
(31, 31, 59, '20', '8.00', '2022-03-04 20:02:23', 1),
(32, 32, 59, '20', '10.00', '2022-03-04 20:02:36', 1),
(33, 33, 59, '20', '10.00', '2022-03-04 20:02:53', 1),
(34, 34, 59, '20', '12.00', '2022-03-04 20:03:08', 1),
(35, 35, 59, '20', '6.00', '2022-03-04 20:13:43', 0),
(36, 36, 59, '20', '15.00', '2022-04-02 12:05:03', 1),
(37, 37, 59, '20', '10.00', '2022-04-02 12:08:05', 1),
(38, 35, 59, '20', '8.00', '2022-04-02 12:08:30', 1),
(39, 38, 59, '20', '10.00', '2022-04-02 12:09:11', 1),
(40, 39, 59, '20', '32.00', '2022-04-05 16:53:18', 0),
(41, 40, 59, '20', '40.00', '2022-04-05 16:54:58', 1),
(42, 41, 59, '20', '38.00', '2022-04-05 16:55:46', 1),
(43, 42, 59, '20', '38.00', '2022-04-05 16:56:23', 1),
(44, 43, 59, '20', '40.00', '2022-04-05 16:56:56', 1),
(45, 15, 59, '20', '40.00', '2022-04-05 16:58:27', 1),
(46, 44, 59, '20', '40.00', '2022-04-05 16:59:15', 1),
(47, 45, 59, '20', '45.00', '2022-04-05 17:00:49', 1),
(48, 46, 59, '20', '30.00', '2022-04-05 17:02:14', 1),
(49, 47, 59, '20', '30.00', '2022-04-05 17:02:49', 1),
(50, 48, 59, '20', '32.00', '2022-04-05 17:08:44', 1),
(51, 49, 59, '20', '35.00', '2022-04-05 17:09:34', 1),
(52, 50, 59, '20', '45.00', '2022-04-05 17:10:06', 1),
(53, 18, 59, '20', '40.00', '2022-04-05 17:11:47', 1),
(54, 51, 59, '20', '30.00', '2022-04-05 17:13:24', 1),
(55, 52, 59, '20', '30.00', '2022-04-05 17:14:10', 1),
(56, 53, 59, '20', '35.00', '2022-04-05 17:15:57', 1),
(57, 54, 59, '20', '40.00', '2022-04-05 17:16:40', 1),
(58, 55, 59, '20', '45.00', '2022-04-05 17:17:26', 1),
(59, 56, 59, '20', '45.00', '2022-04-05 17:17:57', 1),
(60, 57, 59, '20', '30.00', '2022-04-05 17:20:20', 1),
(61, 58, 59, '20', '35.00', '2022-04-05 17:20:59', 1),
(62, 59, 59, '20', '40.00', '2022-04-05 17:22:17', 1),
(63, 60, 59, '20', '45.00', '2022-04-05 17:22:57', 1),
(64, 61, 59, '20', '35.00', '2022-04-05 17:27:15', 1),
(65, 62, 59, '20', '35.00', '2022-04-05 17:28:27', 1),
(66, 63, 59, '20', '35.00', '2022-04-05 17:29:26', 1),
(67, 64, 59, '20', '40.00', '2022-04-05 17:30:35', 1),
(68, 24, 59, '20', '70.00', '2022-04-05 17:31:10', 1),
(69, 65, 59, '20', '5.00', '2022-04-05 17:33:49', 1),
(70, 66, 59, '20', '5.00', '2022-04-05 17:34:32', 1),
(71, 67, 59, '20', '5.00', '2022-04-05 17:34:55', 1),
(72, 68, 59, '20', '5.00', '2022-04-05 17:35:14', 1),
(73, 69, 59, '20', '7.00', '2022-04-05 17:35:42', 1),
(74, 70, 59, '20', '7.00', '2022-04-05 17:36:05', 1),
(75, 71, 59, '20', '7.00', '2022-04-05 17:36:51', 1),
(76, 72, 59, '20', '15.00', '2022-04-05 17:39:42', 1),
(77, 73, 59, '20', '20.00', '2022-04-05 17:41:10', 0),
(78, 74, 59, '20', '20.00', '2022-04-05 17:43:35', 0),
(79, 75, 59, '20', '20.00', '2022-04-05 17:44:31', 0),
(80, 76, 59, '20', '20.00', '2022-04-05 17:45:03', 0),
(81, 77, 59, '20', '20.00', '2022-04-05 17:45:47', 0),
(82, 78, 59, '20', '15.00', '2022-04-05 17:46:46', 1),
(83, 79, 59, '20', '18.00', '2022-04-05 17:47:27', 1),
(84, 80, 59, '20', '15.00', '2022-04-05 17:48:03', 0),
(85, 81, 59, '20', '20.00', '2022-04-05 17:48:52', 0),
(86, 82, 59, '20', '4.00', '2022-04-06 13:37:26', 1),
(87, 83, 59, '20', '4.00', '2022-04-06 13:50:10', 1),
(88, 84, 59, '20', '4.00', '2022-04-06 13:52:08', 1),
(89, 85, 59, '20', '4.00', '2022-04-06 13:52:28', 1),
(90, 86, 59, '20', '20.00', '2022-04-06 15:33:06', 1),
(91, 87, 59, '20', '20.00', '2022-04-06 15:33:58', 1),
(92, 88, 59, '20', '20.00', '2022-04-06 15:35:06', 1),
(93, 89, 59, '20', '20.00', '2022-04-06 15:35:51', 1),
(94, 90, 59, '20', '20.00', '2022-04-06 15:36:44', 1),
(95, 91, 59, '20', '20.00', '2022-04-06 15:37:28', 1),
(96, 92, 59, '20', '20.00', '2022-04-06 15:38:00', 1),
(97, 93, 59, '20', '20.00', '2022-04-06 15:39:44', 1),
(98, 94, 59, '20', '20.00', '2022-04-06 15:40:21', 1),
(99, 95, 59, '20', '20.00', '2022-04-06 15:41:06', 1),
(100, 96, 59, '20', '20.00', '2022-04-06 15:45:27', 1),
(101, 97, 59, '20', '25.00', '2022-04-06 15:48:32', 1),
(102, 98, 59, '20', '25.00', '2022-04-06 15:49:11', 1),
(103, 99, 59, '20', '25.00', '2022-04-06 15:49:40', 1),
(104, 100, 59, '20', '30.00', '2022-04-06 15:50:33', 1),
(105, 101, 59, '20', '2.00', '2022-04-06 17:37:49', 1),
(106, 102, 59, '20', '1.00', '2022-04-06 17:38:15', 1),
(107, 103, 59, '20', '2.00', '2022-04-06 17:44:03', 1),
(108, 104, 59, '20', '2.00', '2022-04-06 17:45:08', 1),
(109, 105, 59, '20', '40.00', '2022-04-06 18:01:33', 1),
(110, 106, 59, '20', '35.00', '2022-04-06 18:04:45', 1),
(111, 107, 59, '20', '50.00', '2022-04-06 18:06:22', 1),
(112, 108, 59, '20', '40.00', '2022-04-06 18:22:01', 1),
(113, 109, 59, '20', '7.00', '2022-04-06 18:24:21', 1),
(114, 110, 59, '20', '3.00', '2022-04-06 18:25:13', 1),
(115, 111, 59, '20', '5.00', '2022-04-06 18:27:54', 1),
(116, 112, 59, '20', '5.00', '2022-04-07 12:14:27', 1),
(117, 73, 59, '20', '23.00', '2022-04-10 12:38:22', 1),
(118, 74, 59, '20', '23.00', '2022-04-10 12:38:33', 1),
(119, 75, 59, '20', '23.00', '2022-04-10 12:40:20', 1),
(120, 76, 59, '20', '23.00', '2022-04-10 12:40:28', 1),
(121, 77, 59, '20', '23.00', '2022-04-10 12:40:36', 1),
(122, 80, 59, '20', '18.00', '2022-04-10 12:42:00', 1),
(123, 81, 59, '20', '25.00', '2022-04-10 12:42:07', 1),
(124, 9, 59, '20', '38.00', '2022-04-10 12:43:05', 1),
(125, 39, 59, '20', '35.00', '2022-04-10 12:43:14', 1),
(126, 113, 59, '20', '15.00', '2022-04-10 13:03:14', 1),
(127, 114, 59, '20', '12.00', '2022-04-10 16:30:41', 0),
(128, 115, 59, '20', '12.00', '2022-04-10 17:45:18', 1),
(129, 116, 59, '20', '8.00', '2022-04-12 12:07:52', 0),
(130, 116, 59, '20', '7.00', '2022-04-12 12:09:08', 1),
(131, 117, 59, '20', '30.00', '2022-04-12 15:47:48', 0),
(132, 117, 59, '20', '35.00', '2022-04-12 16:11:06', 1),
(133, 118, 59, '20', '35.00', '2022-04-16 20:24:51', 1),
(134, 119, 59, '20', '12.00', '2022-04-16 20:59:35', 1),
(135, 120, 59, '20', '10.00', '2022-04-16 21:02:48', 1),
(136, 121, 59, '20', '25.00', '2022-04-16 22:28:37', 1),
(137, 122, 59, '20', '2.50', '2022-04-17 13:59:22', 1),
(138, 123, 59, '20', '45.00', '2022-04-17 14:03:50', 1),
(139, 124, 59, '20', '20.00', '2022-04-21 18:13:57', 1),
(140, 125, 59, '20', '5.00', '2022-04-22 15:55:22', 1),
(141, 126, 59, '20', '20.00', '2022-04-27 12:45:09', 1),
(142, 127, 59, '20', '15.00', '2022-04-28 15:35:19', 1),
(143, 128, 59, '20', '50.00', '2022-04-28 15:41:09', 1),
(144, 129, 59, '20', '1.00', '2022-05-01 13:35:42', 1);

-- --------------------------------------------------------

--
-- Table structure for table `proveedor`
--

CREATE TABLE `proveedor` (
  `id_proveedor` int(11) NOT NULL,
  `id_negocio` int(11) NOT NULL,
  `id_tipodocumento` int(11) NOT NULL,
  `proveedor_nombre` varchar(200) COLLATE utf8mb4_unicode_ci NOT NULL,
  `proveedor_ruc` varchar(11) COLLATE utf8mb4_unicode_ci NOT NULL,
  `proveedor_direccion` varchar(200) COLLATE utf8mb4_unicode_ci NOT NULL,
  `proveedor_nombre_contacto` varchar(200) COLLATE utf8mb4_unicode_ci DEFAULT NULL,
  `proveedor_cargo_persona` varchar(200) COLLATE utf8mb4_unicode_ci DEFAULT NULL,
  `proveedor_numero` varchar(9) COLLATE utf8mb4_unicode_ci NOT NULL,
  `proveedor_estado` int(4) NOT NULL,
  `proveedor_codigo` int(11) NOT NULL
) ENGINE=InnoDB DEFAULT CHARSET=utf8mb4 COLLATE=utf8mb4_unicode_ci;

-- --------------------------------------------------------

--
-- Table structure for table `puntos`
--

CREATE TABLE `puntos` (
  `id_puntos` int(11) NOT NULL,
  `id_usuario` int(11) NOT NULL,
  `puntos_cantidad` decimal(10,2) NOT NULL,
  `puntos_cantidad_soles` decimal(10,2) NOT NULL,
  `puntos_fecha_registro` datetime NOT NULL,
  `puntos_estado` tinyint(2) NOT NULL
) ENGINE=InnoDB DEFAULT CHARSET=utf8 COLLATE=utf8_unicode_ci;

-- --------------------------------------------------------

--
-- Table structure for table `puntos_cliente`
--

CREATE TABLE `puntos_cliente` (
  `id_punto_cliente` int(11) NOT NULL,
  `id_cliente` int(11) NOT NULL,
  `id_puntos` int(11) NOT NULL,
  `puntos_cliente_acumulado` decimal(10,2) NOT NULL,
  `puntos_cliente_fecha_registro` datetime NOT NULL,
  `puntos_cliente_estado` tinyint(2) NOT NULL
) ENGINE=InnoDB DEFAULT CHARSET=utf8 COLLATE=utf8_unicode_ci;

-- --------------------------------------------------------

--
-- Table structure for table `recetas`
--

CREATE TABLE `recetas` (
  `id_receta` int(11) NOT NULL,
  `id_usuario` int(11) NOT NULL,
  `receta_nombre` varchar(200) COLLATE utf8mb4_unicode_ci NOT NULL,
  `receta_fecha` datetime NOT NULL,
  `receta_estado` tinyint(4) NOT NULL
) ENGINE=InnoDB DEFAULT CHARSET=utf8mb4 COLLATE=utf8mb4_unicode_ci;

--
-- Dumping data for table `recetas`
--

INSERT INTO `recetas` (`id_receta`, `id_usuario`, `receta_nombre`, `receta_fecha`, `receta_estado`) VALUES
(1, 1, 'LECHE SIMPLE', '2022-03-04 19:37:11', 1),
(2, 1, 'LECHE NATURAL', '2022-03-04 19:37:30', 1),
(3, 1, 'LECHE MIXTA', '2022-03-04 19:37:40', 1),
(4, 1, 'LECHE SIMPSON', '2022-03-04 19:37:49', 1),
(5, 1, 'CEVICHE SIMPLE', '2022-03-04 19:38:02', 1),
(6, 1, 'CEVICHE NATURAL', '2022-03-04 19:38:17', 1),
(7, 1, 'CEVICHE MIXTO', '2022-03-04 19:38:26', 1),
(8, 1, 'CEVICHE  DE MARISCO', '2022-03-04 19:38:42', 1),
(9, 1, 'CEVICHE  + CHICHARRON', '2022-03-04 19:39:10', 1),
(10, 1, 'CEVICHE  + CHAUFA CON MARISCO', '2022-03-04 19:39:42', 1),
(11, 1, 'CEVICHE  + CHICHARRON + CHAUFA CON MARISCO', '2022-03-04 19:40:03', 1),
(12, 1, 'CHICHARRON DE POLLO', '2022-03-04 19:40:21', 1),
(13, 1, 'CHICHARRON DE PESCADO', '2022-03-04 19:40:39', 1),
(14, 1, 'CHICHARRON  DE LANGOSTINO', '2022-03-04 19:40:52', 1),
(15, 1, 'CHAUFA DE MARISCO', '2022-03-04 19:41:03', 1),
(16, 1, 'CHAUFA ESPECIAL', '2022-03-04 19:41:15', 1),
(17, 1, 'CHAUFA REGIONAL', '2022-03-04 19:41:26', 1),
(18, 1, 'CECINA CON TACACHO', '2022-03-04 19:41:38', 1),
(19, 1, 'CHORISO CON TACACHO', '2022-03-04 19:41:59', 1),
(20, 1, 'POLLO A LO POBRE', '2022-03-04 19:42:17', 1),
(21, 1, 'POLLO A LA PLANCHA', '2022-03-04 19:42:34', 1),
(22, 1, 'POLLO BROASTER', '2022-03-04 19:42:46', 1),
(23, 1, 'FUENTE REGIONAL', '2022-03-04 19:43:04', 1),
(24, 1, 'FUENTE CEVICHE', '2022-03-04 19:43:15', 1),
(25, 1, 'FUENTE DE CHICHARRON', '2022-03-04 19:43:28', 1),
(26, 1, 'FUENTE DE CEVICHE MIXTO', '2022-03-04 19:43:48', 1),
(27, 1, 'CERVEZA CRISTAL', '2022-03-04 19:44:11', 1),
(28, 1, 'CERVEZA PILSEN', '2022-03-04 19:44:23', 1),
(29, 1, 'CERVEZA CUSQUEÑA', '2022-03-04 19:44:31', 1),
(30, 1, 'BUDWEISER', '2022-03-04 19:44:45', 1),
(31, 1, 'CORONA', '2022-03-04 19:44:52', 1),
(32, 1, 'BECKS', '2022-03-04 19:45:04', 1),
(33, 1, 'STELLA ARTOIS', '2022-03-04 19:45:24', 1),
(34, 1, 'CERVEZA GOLDEN', '2022-03-04 19:45:38', 1),
(35, 2, 'DUO MARINO', '2022-03-26 18:24:52', 1),
(36, 2, 'JARRA DE REFRESCO', '2022-04-02 12:03:51', 1),
(37, 2, 'Comida', '2022-04-05 16:45:50', 1),
(38, 3, 'INCA KOLA 500ML', '2022-04-06 13:31:59', 1),
(39, 3, 'COCA COLA 500ML', '2022-04-06 13:32:12', 1),
(40, 3, 'AGUA CON GAS ', '2022-04-06 13:51:26', 1),
(41, 3, 'AGUA SIN GAS', '2022-04-06 13:51:35', 1),
(42, 3, 'PROMOLA T´/GRANDE', '2022-04-06 14:34:24', 1),
(43, 3, 'PROMOLAS T/PEQUEÑO', '2022-04-06 14:35:17', 1),
(44, 3, 'CIGARRO LUCKY', '2022-04-06 17:40:48', 1),
(45, 3, 'CIGARRO PALL MALL', '2022-04-06 17:41:44', 1),
(46, 3, 'PROMO MAKIS + ALITAS ', '2022-04-06 18:00:58', 1),
(47, 3, 'PROMO 2 TABLA D/  MAKIS ', '2022-04-06 18:04:13', 1),
(48, 3, 'PROMO 3 TABLA D/  MAKIS ', '2022-04-06 18:05:16', 1),
(49, 3, 'PROMO LECHE BAR SIMPSON', '2022-04-06 18:09:40', 1),
(50, 3, 'PROMO LECHE SIMPSON 3X2', '2022-04-06 18:21:29', 1),
(51, 3, '1/2 JARRA DE REFRESCO ', '2022-04-06 18:23:49', 1),
(52, 3, '1 VASO C/ REFRESCO ', '2022-04-06 18:24:48', 1),
(53, 3, 'PORCION D/ CREMA ACEVILLADA ', '2022-04-06 18:27:24', 1),
(54, 3, 'CREMAS D/ AJI', '2022-04-07 12:13:13', 1),
(55, 3, 'STELLAS ARTOIS', '2022-04-10 13:02:43', 1),
(56, 3, 'CUSQUEÑA NEGRA 310 ML', '2022-04-12 12:06:42', 1);

-- --------------------------------------------------------

--
-- Table structure for table `recursos`
--

CREATE TABLE `recursos` (
  `id_recurso` int(11) NOT NULL,
  `id_categoria` int(11) NOT NULL,
  `recurso_nombre` varchar(200) COLLATE utf8_unicode_ci NOT NULL,
  `recurso_estado` tinyint(1) NOT NULL
) ENGINE=InnoDB DEFAULT CHARSET=utf8 COLLATE=utf8_unicode_ci;

--
-- Dumping data for table `recursos`
--

INSERT INTO `recursos` (`id_recurso`, `id_categoria`, `recurso_nombre`, `recurso_estado`) VALUES
(4, 15, 'CERVEZA CRISTAL', 1),
(5, 15, 'CERVEZA PILSEN', 1),
(6, 15, 'CERVEZA CUZQUEÑA', 1),
(7, 15, 'BUDWEISER', 1),
(8, 15, 'CORONA', 1),
(9, 15, 'BECKS', 1),
(10, 15, 'STELLA ARTOIS', 1),
(11, 15, 'CERVEZA GOLDEN', 1);

-- --------------------------------------------------------

--
-- Table structure for table `recursos_sede`
--

CREATE TABLE `recursos_sede` (
  `id_recurso_sede` int(11) NOT NULL,
  `id_usuario_creacion` int(11) NOT NULL,
  `id_sucursal` int(11) NOT NULL,
  `id_recurso` int(11) NOT NULL,
  `id_medida` int(11) NOT NULL,
  `recurso_sede_factor_unidad` decimal(10,2) DEFAULT '0.00',
  `recurso_sede_cantidad` decimal(10,2) DEFAULT '0.00',
  `recurso_sede_precio_unit` decimal(10,2) DEFAULT '0.00',
  `recurso_sede_precio_total` decimal(10,2) DEFAULT '0.00',
  `recurso_sede_peso_inicial` decimal(10,2) DEFAULT NULL,
  `recurso_sede_peso_final` decimal(10,2) DEFAULT NULL,
  `recurso_sede_merma` decimal(10,2) DEFAULT NULL,
  `recurso_sede_precio` decimal(10,2) NOT NULL,
  `recurso_sede_stock` decimal(10,2) DEFAULT '0.00',
  `recurso_sede_stock_minimo` decimal(10,2) DEFAULT '0.00',
  `recurso_sede_estado` tinyint(1) NOT NULL,
  `recurso_sede_fecha` datetime NOT NULL
) ENGINE=InnoDB DEFAULT CHARSET=utf8 COLLATE=utf8_unicode_ci;

--
-- Dumping data for table `recursos_sede`
--

INSERT INTO `recursos_sede` (`id_recurso_sede`, `id_usuario_creacion`, `id_sucursal`, `id_recurso`, `id_medida`, `recurso_sede_factor_unidad`, `recurso_sede_cantidad`, `recurso_sede_precio_unit`, `recurso_sede_precio_total`, `recurso_sede_peso_inicial`, `recurso_sede_peso_final`, `recurso_sede_merma`, `recurso_sede_precio`, `recurso_sede_stock`, `recurso_sede_stock_minimo`, `recurso_sede_estado`, `recurso_sede_fecha`) VALUES
(2, 1, 4, 4, 59, '0.00', '0.00', '0.00', '0.00', NULL, NULL, NULL, '0.00', '-174.00', '0.00', 1, '2022-03-05 00:57:23'),
(3, 1, 4, 5, 59, '0.00', '0.00', '0.00', '0.00', NULL, NULL, NULL, '0.00', '-10.00', '0.00', 1, '2022-03-05 00:57:23'),
(4, 1, 4, 6, 59, '0.00', '0.00', '0.00', '0.00', NULL, NULL, NULL, '0.00', '-38.00', '0.00', 1, '2022-03-05 00:57:23'),
(5, 1, 4, 7, 59, '0.00', '0.00', '0.00', '0.00', NULL, NULL, NULL, '0.00', '0.00', '0.00', 1, '2022-03-05 00:57:23'),
(6, 1, 4, 8, 59, '0.00', '0.00', '0.00', '0.00', NULL, NULL, NULL, '0.00', '-5.00', '0.00', 1, '2022-03-05 00:57:23'),
(7, 1, 4, 9, 59, '0.00', '0.00', '0.00', '0.00', NULL, NULL, NULL, '0.00', '0.00', '0.00', 1, '2022-03-05 00:57:23'),
(8, 1, 4, 10, 59, '0.00', '0.00', '0.00', '0.00', NULL, NULL, NULL, '0.00', '-10.00', '0.00', 1, '2022-03-05 00:57:23'),
(9, 1, 4, 11, 59, '0.00', '0.00', '0.00', '0.00', NULL, NULL, NULL, '0.00', '0.00', '0.00', 1, '2022-03-05 00:57:23');

-- --------------------------------------------------------

--
-- Table structure for table `registro_asistencias`
--

CREATE TABLE `registro_asistencias` (
  `id_registro` int(11) NOT NULL,
  `id_persona_turno` int(11) NOT NULL,
  `asistencia_fecha` date NOT NULL,
  `asistencia_valor` int(11) NOT NULL,
  `id_user` int(11) NOT NULL,
  `asistencia_cambio_fecha` date NOT NULL,
  `asistencia_cambio_hora` time NOT NULL,
  `asistencia_comentarios` varchar(200) COLLATE utf8_unicode_ci NOT NULL
) ENGINE=InnoDB DEFAULT CHARSET=utf8 COLLATE=utf8_unicode_ci;

-- --------------------------------------------------------

--
-- Table structure for table `reservas`
--

CREATE TABLE `reservas` (
  `id_reserva` int(11) NOT NULL,
  `id_mesa` int(11) NOT NULL,
  `reserva_nombre` varchar(200) COLLATE utf8_unicode_ci NOT NULL,
  `reserva_cantidad` varchar(100) COLLATE utf8_unicode_ci NOT NULL,
  `reserva_fecha` date NOT NULL,
  `reserva_hora` time NOT NULL,
  `reserva_contacto` varchar(50) COLLATE utf8_unicode_ci DEFAULT NULL,
  `reserva_fecha_registro` datetime NOT NULL,
  `reserva_estado` tinyint(2) NOT NULL
) ENGINE=InnoDB DEFAULT CHARSET=utf8 COLLATE=utf8_unicode_ci;

-- --------------------------------------------------------

--
-- Table structure for table `restricciones`
--

CREATE TABLE `restricciones` (
  `id_restriccion` int(11) NOT NULL,
  `id_rol` int(11) NOT NULL,
  `id_opcion` int(11) NOT NULL
) ENGINE=InnoDB DEFAULT CHARSET=utf8 COLLATE=utf8_unicode_ci;

--
-- Dumping data for table `restricciones`
--

INSERT INTO `restricciones` (`id_restriccion`, `id_rol`, `id_opcion`) VALUES
(1, 5, 80),
(2, 6, 80),
(3, 4, 80),
(4, 4, 70),
(6, 6, 70),
(7, 4, 67),
(9, 6, 67),
(10, 4, 71),
(11, 5, 71),
(12, 6, 71),
(13, 4, 46),
(14, 4, 111),
(15, 4, 48);

-- --------------------------------------------------------

--
-- Table structure for table `roles`
--

CREATE TABLE `roles` (
  `id_rol` int(11) NOT NULL,
  `rol_nombre` char(20) COLLATE utf8_unicode_ci NOT NULL,
  `rol_descripcion` varchar(100) COLLATE utf8_unicode_ci NOT NULL,
  `rol_estado` tinyint(1) NOT NULL
) ENGINE=InnoDB DEFAULT CHARSET=utf8 COLLATE=utf8_unicode_ci;

--
-- Dumping data for table `roles`
--

INSERT INTO `roles` (`id_rol`, `rol_nombre`, `rol_descripcion`, `rol_estado`) VALUES
(1, 'Libre', 'Accesos sin inicio de sesión', 1),
(2, 'SuperAdmin', 'Tiene acceso a la gestión total del sistema', 1),
(3, 'Admin', 'Gestión del sistema', 1),
(4, 'Mesero', 'Atencion al publico', 1),
(5, 'Cajero', 'Encargado de estar en caja', 1),
(6, 'Cocinero', 'Encargado de la preparación del pedido', 1),
(7, 'Supervisor', 'Supervisar todo el negocio', 1);

-- --------------------------------------------------------

--
-- Table structure for table `roles_menus`
--

CREATE TABLE `roles_menus` (
  `id_rol_menu` int(11) NOT NULL,
  `id_rol` int(11) NOT NULL,
  `id_menu` int(11) NOT NULL
) ENGINE=InnoDB DEFAULT CHARSET=utf8 COLLATE=utf8_unicode_ci;

--
-- Dumping data for table `roles_menus`
--

INSERT INTO `roles_menus` (`id_rol_menu`, `id_rol`, `id_menu`) VALUES
(1, 1, 1),
(2, 2, 2),
(3, 2, 3),
(4, 2, 4),
(5, 2, 5),
(6, 3, 2),
(7, 3, 5),
(8, 2, 6),
(9, 3, 6),
(10, 2, 7),
(11, 2, 8),
(12, 2, 9),
(13, 2, 10),
(14, 2, 11),
(15, 2, 12),
(16, 2, 13),
(17, 2, 14),
(18, 2, 15),
(19, 2, 16),
(20, 2, 17),
(21, 2, 18),
(22, 2, 19),
(23, 2, 20),
(24, 2, 21),
(25, 4, 2),
(26, 4, 12),
(28, 4, 17),
(29, 5, 2),
(30, 5, 16),
(31, 5, 12),
(32, 2, 22),
(33, 3, 8),
(34, 3, 9),
(35, 3, 10),
(36, 3, 11),
(37, 3, 12),
(38, 3, 13),
(39, 3, 14),
(40, 3, 15),
(41, 3, 16),
(42, 3, 17),
(43, 3, 18),
(44, 3, 19),
(45, 3, 20),
(46, 3, 21),
(47, 3, 7),
(48, 4, 13),
(50, 5, 13),
(51, 5, 17),
(52, 5, 19),
(53, 5, 20),
(54, 6, 2),
(55, 6, 12),
(56, 6, 13),
(57, 3, 22),
(58, 2, 23),
(59, 3, 23),
(60, 7, 2),
(61, 7, 5),
(62, 7, 7),
(63, 7, 8),
(64, 7, 9),
(66, 7, 11),
(67, 7, 12),
(68, 7, 13),
(69, 7, 17),
(70, 7, 16),
(71, 7, 15),
(72, 7, 18),
(73, 7, 19),
(74, 7, 20),
(75, 7, 21),
(76, 7, 22),
(77, 4, 23),
(78, 1, 24),
(79, 2, 24),
(80, 3, 24),
(81, 4, 24),
(82, 5, 24),
(83, 6, 24),
(84, 7, 24),
(85, 5, 15),
(86, 5, 11),
(87, 5, 5),
(88, 5, 23),
(89, 5, 7);

-- --------------------------------------------------------

--
-- Table structure for table `serie`
--

CREATE TABLE `serie` (
  `id_serie` int(11) NOT NULL,
  `id_caja_numero` int(11) DEFAULT NULL,
  `tipocomp` char(2) DEFAULT NULL,
  `serie` varchar(8) DEFAULT NULL,
  `correlativo` int(11) DEFAULT NULL,
  `estado` tinyint(4) NOT NULL DEFAULT '1'
) ENGINE=MyISAM DEFAULT CHARSET=latin1 ROW_FORMAT=FIXED;

--
-- Dumping data for table `serie`
--

INSERT INTO `serie` (`id_serie`, `id_caja_numero`, `tipocomp`, `serie`, `correlativo`, `estado`) VALUES
(1, 1, '01', 'F001', 7, 1),
(2, 2, '01', 'F002', 0, 1),
(3, 1, '03', 'B001', 434, 1),
(5, 1, '07', 'FN01', 0, 1),
(6, 1, '07', 'BN01', 0, 1),
(7, 1, '08', 'FD01', 0, 1),
(8, 1, '08', 'BD01', 0, 1),
(9, 1, 'RC', '20220503', 5, 1),
(10, 1, 'RA', '20210520', 0, 1),
(4, 2, '03', 'B002', 0, 1),
(13, 1, '20', 'NV01', 0, 1),
(14, 2, '20', 'NV02', 0, 1);

-- --------------------------------------------------------

--
-- Table structure for table `sub_recetas`
--

CREATE TABLE `sub_recetas` (
  `id_sub_receta` int(11) NOT NULL,
  `id_medida` int(11) NOT NULL,
  `id_receta` int(11) NOT NULL,
  `id_receta_2` int(11) NOT NULL,
  `sub_receta_cantidad` decimal(10,2) NOT NULL,
  `sub_receta_total` decimal(10,2) NOT NULL,
  `sub_receta_fecha_registro` datetime NOT NULL,
  `sub_receta_estado` tinyint(2) NOT NULL
) ENGINE=InnoDB DEFAULT CHARSET=utf8 COLLATE=utf8_unicode_ci;

-- --------------------------------------------------------

--
-- Table structure for table `sucursal`
--

CREATE TABLE `sucursal` (
  `id_sucursal` int(11) NOT NULL,
  `id_ciudad` int(11) NOT NULL,
  `id_negocio` int(11) NOT NULL,
  `sucursal_nombre` varchar(200) COLLATE utf8_unicode_ci NOT NULL,
  `sucursal_direccion` varchar(200) COLLATE utf8_unicode_ci NOT NULL,
  `sucursal_ruc` varchar(15) COLLATE utf8_unicode_ci NOT NULL,
  `sucursal_foto` varchar(50) COLLATE utf8_unicode_ci DEFAULT NULL,
  `sucursal_telefono` varchar(20) COLLATE utf8_unicode_ci NOT NULL,
  `sucursal_estado` tinyint(1) NOT NULL,
  `sucursal_fecha_registro` datetime NOT NULL DEFAULT CURRENT_TIMESTAMP
) ENGINE=InnoDB DEFAULT CHARSET=utf8 COLLATE=utf8_unicode_ci;

--
-- Dumping data for table `sucursal`
--

INSERT INTO `sucursal` (`id_sucursal`, `id_ciudad`, `id_negocio`, `sucursal_nombre`, `sucursal_direccion`, `sucursal_ruc`, `sucursal_foto`, `sucursal_telefono`, `sucursal_estado`, `sucursal_fecha_registro`) VALUES
(4, 1, 3, 'SIMPSON RESTOBAR', 'Av. Quiñones 4757', '20606798939', 'media/sucursal/default.png', '987100215', 0, '2021-03-24 14:23:50'),
(5, 1, 3, 'SIMPSON RESTOBAR', 'CAL.LOS ROSALES NRO. 219C', '20606798939', 'media/sucursal/default.png', '999999999', 1, '2021-09-30 09:38:25');

-- --------------------------------------------------------

--
-- Table structure for table `tipoadjuntos`
--

CREATE TABLE `tipoadjuntos` (
  `id_adjunto` int(11) NOT NULL,
  `adjunto_nombre` varchar(150) COLLATE utf8_spanish_ci NOT NULL,
  `adjunto_ext` varchar(10) COLLATE utf8_spanish_ci DEFAULT NULL
) ENGINE=InnoDB DEFAULT CHARSET=utf8 COLLATE=utf8_spanish_ci;

--
-- Dumping data for table `tipoadjuntos`
--

INSERT INTO `tipoadjuntos` (`id_adjunto`, `adjunto_nombre`, `adjunto_ext`) VALUES
(1, 'Boleta de Pago', 'BolPago'),
(2, 'Contrato firmado', 'ContrFirma'),
(3, 'Alta de PDT', 'AltaPDT'),
(4, 'Baja de PDT', 'BajaPDT'),
(5, 'Memorandum - Vacaciones', 'MemoVacac'),
(6, 'Memorandum - Sanciones', 'MemoSanc'),
(7, 'Memorandum - Cambio de Puesto', 'MemoCambP'),
(8, 'Memorandum - Varios', 'MemoVar'),
(9, 'Antecedentes Penales', 'AntPen'),
(10, 'Antecedentes Policiales', 'AntPol'),
(11, 'Otros Documentos y/o Solicitudes', 'Otros'),
(12, 'Renuncia', 'Renun'),
(13, 'Liquidación de Beneficios Sociales', 'LBS'),
(14, 'Carta de No Adeudo', 'CartNAd'),
(15, 'Licencia por Maternidad y/o Paternidad', 'LicMatPat'),
(16, 'Declaración Jurada', 'DeclJur'),
(17, 'Boleta de Pago - Vacaciones', 'BolPagVac'),
(18, 'Examen Medico', 'ExamMed'),
(19, 'Vacunas', 'Vac'),
(20, 'Certificado de Trabajo', 'CerTrab'),
(21, 'Boleta - Gratificación', 'BolGrat');

-- --------------------------------------------------------

--
-- Table structure for table `tipocargo`
--

CREATE TABLE `tipocargo` (
  `id_cargo` int(11) NOT NULL,
  `id_departamento` int(11) NOT NULL,
  `cargo_nombre` varchar(200) COLLATE utf8_unicode_ci NOT NULL
) ENGINE=InnoDB DEFAULT CHARSET=utf8 COLLATE=utf8_unicode_ci;

--
-- Dumping data for table `tipocargo`
--

INSERT INTO `tipocargo` (`id_cargo`, `id_departamento`, `cargo_nombre`) VALUES
(1, 1, 'MESERO'),
(2, 2, 'PERSONAL LIMPIEZA'),
(3, 1, 'COCINERO'),
(4, 3, 'AUXILIAR CONTABLE'),
(5, 1, 'AYUDANTE'),
(6, 0, 'Prueba');

-- --------------------------------------------------------

--
-- Table structure for table `tipocontrato`
--

CREATE TABLE `tipocontrato` (
  `id_contrato` int(11) NOT NULL,
  `contrato_nombre` varchar(100) COLLATE utf8_spanish_ci NOT NULL
) ENGINE=InnoDB DEFAULT CHARSET=utf8 COLLATE=utf8_spanish_ci;

--
-- Dumping data for table `tipocontrato`
--

INSERT INTO `tipocontrato` (`id_contrato`, `contrato_nombre`) VALUES
(0, '--'),
(1, 'INDETERMINADO'),
(2, 'SUJETO A MODALIDAD'),
(3, 'POR OBRA DETERMINADA O SERVICIO ESPECIFICO'),
(7, 'DE PERSONAL EXTRANJERO A PLAZO DETERMINADO'),
(8, 'LOCACION DE SERVICIOS'),
(9, 'A TIEMPO PARCIAL');

-- --------------------------------------------------------

--
-- Table structure for table `tipodepartamento`
--

CREATE TABLE `tipodepartamento` (
  `id_departamento` int(11) NOT NULL,
  `departamento_nombre` varchar(150) COLLATE utf8_spanish_ci NOT NULL
) ENGINE=InnoDB DEFAULT CHARSET=utf8 COLLATE=utf8_spanish_ci;

--
-- Dumping data for table `tipodepartamento`
--

INSERT INTO `tipodepartamento` (`id_departamento`, `departamento_nombre`) VALUES
(0, '--'),
(1, 'COCINA'),
(2, 'LIMPIEZA Y ASEO'),
(3, 'CONTABILIDAD Y FINANZAS');

-- --------------------------------------------------------

--
-- Table structure for table `tiposede`
--

CREATE TABLE `tiposede` (
  `id_sede` int(11) NOT NULL,
  `sede_nombre` varchar(100) COLLATE utf8_unicode_ci NOT NULL
) ENGINE=InnoDB DEFAULT CHARSET=utf8 COLLATE=utf8_unicode_ci;

--
-- Dumping data for table `tiposede`
--

INSERT INTO `tiposede` (`id_sede`, `sede_nombre`) VALUES
(0, '--'),
(1, 'Sede Iquitos'),
(2, 'Sede Punchana');

-- --------------------------------------------------------

--
-- Table structure for table `tipo_afectacion`
--

CREATE TABLE `tipo_afectacion` (
  `id_tipo_afectacion` int(11) NOT NULL,
  `codigo` char(2) NOT NULL,
  `descripcion` varchar(50) DEFAULT NULL,
  `codigo_afectacion` char(4) DEFAULT NULL,
  `nombre_afectacion` char(3) DEFAULT NULL,
  `tipo_afectacion` char(3) DEFAULT NULL
) ENGINE=MyISAM DEFAULT CHARSET=latin1 ROW_FORMAT=DYNAMIC;

--
-- Dumping data for table `tipo_afectacion`
--

INSERT INTO `tipo_afectacion` (`id_tipo_afectacion`, `codigo`, `descripcion`, `codigo_afectacion`, `nombre_afectacion`, `tipo_afectacion`) VALUES
(1, '10', 'OP. GRAVADAS', '1000', 'IGV', 'VAT'),
(2, '20', 'OP. EXONERADAS', '9997', 'EXO', 'VAT'),
(3, '30', 'OP. INAFECTAS', '9998', 'INA', 'FRE'),
(4, '21', 'OP. GRATUITAS', '9996', 'GRA', 'FRE');

-- --------------------------------------------------------

--
-- Table structure for table `tipo_documentos`
--

CREATE TABLE `tipo_documentos` (
  `id_tipodocumento` int(11) NOT NULL,
  `tipodocumento_codigo` varchar(50) COLLATE utf8_spanish_ci NOT NULL,
  `tipodocumento_identidad` varchar(100) COLLATE utf8_spanish_ci NOT NULL,
  `tipodocumento_estado` tinyint(4) NOT NULL DEFAULT '1'
) ENGINE=InnoDB DEFAULT CHARSET=utf8 COLLATE=utf8_spanish_ci;

--
-- Dumping data for table `tipo_documentos`
--

INSERT INTO `tipo_documentos` (`id_tipodocumento`, `tipodocumento_codigo`, `tipodocumento_identidad`, `tipodocumento_estado`) VALUES
(1, '0', 'DOC.TRIB.NO.DOM.SIN.RUC', 0),
(2, '1', 'Documento Nacional de Identidad', 1),
(3, '4', 'Carnet de extranjería', 0),
(4, '6', 'Registro Unico de Contributentes', 1),
(5, '7', 'Pasaporte', 0),
(6, 'A', 'Cédula Diplomática de identidad', 0),
(7, 'B', 'DOC.IDENT.PAIS.RESIDENCIA-NO.D', 0);

-- --------------------------------------------------------

--
-- Table structure for table `tipo_ncreditos`
--

CREATE TABLE `tipo_ncreditos` (
  `id` int(11) NOT NULL,
  `codigo` varchar(50) COLLATE utf8_spanish_ci NOT NULL,
  `tipo_nota_descripcion` varchar(250) COLLATE utf8_spanish_ci NOT NULL,
  `estado` tinyint(4) NOT NULL
) ENGINE=InnoDB DEFAULT CHARSET=utf8 COLLATE=utf8_spanish_ci;

--
-- Dumping data for table `tipo_ncreditos`
--

INSERT INTO `tipo_ncreditos` (`id`, `codigo`, `tipo_nota_descripcion`, `estado`) VALUES
(1, '01', 'Anulación de la operacion', 0),
(2, '02', 'Anulación por error en el RUC', 0),
(3, '03', 'Corrección por error en la descripcion', 0),
(4, '04', 'Descuento Global', 0),
(5, '05', 'Descuento por ítem', 0),
(6, '06', 'Devolución total', 0),
(7, '07', 'Devolución por ítem', 0),
(8, '08', 'Bonificación', 0),
(9, '09', 'Disminición en el valor', 0),
(10, '10', 'Otros conceptos', 0),
(11, '11', 'Ajustes de operaciones de exportacion', 0),
(12, '12', 'Ajustes afectos al IVAP', 0),
(13, '13', 'Corrección del monto neto pendiente de pago y/o la(s) fechas(s) de vencimiento del pago \r\núnico o de las cuotas y/o los montos correspondientes a cada', 1);

-- --------------------------------------------------------

--
-- Table structure for table `tipo_ndebitos`
--

CREATE TABLE `tipo_ndebitos` (
  `id` int(11) NOT NULL,
  `codigo` varchar(20) COLLATE utf8_spanish_ci DEFAULT NULL,
  `tipo_nota_descripcion` varchar(100) COLLATE utf8_spanish_ci DEFAULT NULL,
  `estado` tinyint(4) NOT NULL DEFAULT '0'
) ENGINE=InnoDB DEFAULT CHARSET=utf8 COLLATE=utf8_spanish_ci;

--
-- Dumping data for table `tipo_ndebitos`
--

INSERT INTO `tipo_ndebitos` (`id`, `codigo`, `tipo_nota_descripcion`, `estado`) VALUES
(1, '01', 'Intereses por mora', 0),
(2, '02', 'Aumento en el valor', 0),
(3, '03', 'Penalidades / Otros conceptos', 0),
(4, '10', 'Ajustes de operaciones de exportación', 0),
(5, '11', 'Ajustes afectos al IVAP', 0);

-- --------------------------------------------------------

--
-- Table structure for table `tipo_pago`
--

CREATE TABLE `tipo_pago` (
  `id_tipo_pago` int(11) NOT NULL,
  `tipo_pago_nombre` varchar(200) COLLATE utf8_unicode_ci NOT NULL,
  `tipo_pago_estado` tinyint(2) NOT NULL
) ENGINE=InnoDB DEFAULT CHARSET=utf8 COLLATE=utf8_unicode_ci;

--
-- Dumping data for table `tipo_pago`
--

INSERT INTO `tipo_pago` (`id_tipo_pago`, `tipo_pago_nombre`, `tipo_pago_estado`) VALUES
(1, 'TARJETA', 1),
(2, 'SIN MODALIDAD', 0),
(3, 'EFECTIVO', 1),
(4, 'TRANSFERENCIA YAPE', 1),
(5, 'TRANSFERENCIA PLIN', 1),
(6, 'TRANSFERENCIA OTROS', 1);

-- --------------------------------------------------------

--
-- Table structure for table `turno`
--

CREATE TABLE `turno` (
  `id_turno` int(11) NOT NULL,
  `turno_nombre` varchar(50) COLLATE utf8_unicode_ci NOT NULL,
  `turno_hora_entrada` time NOT NULL,
  `turno_hora_tolerancia` time NOT NULL,
  `turno_hora_salida` time NOT NULL,
  `turno_estado` tinyint(2) NOT NULL,
  `turno_fecha_registro` datetime NOT NULL,
  `turno_usuario_registro` int(11) NOT NULL
) ENGINE=InnoDB DEFAULT CHARSET=utf8 COLLATE=utf8_unicode_ci;

--
-- Dumping data for table `turno`
--

INSERT INTO `turno` (`id_turno`, `turno_nombre`, `turno_hora_entrada`, `turno_hora_tolerancia`, `turno_hora_salida`, `turno_estado`, `turno_fecha_registro`, `turno_usuario_registro`) VALUES
(1, 'Turno 1', '08:00:00', '08:10:00', '16:00:00', 1, '0000-00-00 00:00:00', 1),
(2, 'Turno 2', '13:15:00', '13:25:00', '19:00:00', 1, '0000-00-00 00:00:00', 1),
(3, 'Turno 3', '18:30:00', '18:40:00', '23:35:00', 1, '2021-08-09 22:15:29', 1);

-- --------------------------------------------------------

--
-- Table structure for table `unidad_medida`
--

CREATE TABLE `unidad_medida` (
  `id_medida` int(11) NOT NULL,
  `medida_codigo_unidad` varchar(100) COLLATE utf8_spanish_ci NOT NULL,
  `medida_nombre` varchar(100) COLLATE utf8_spanish_ci DEFAULT NULL,
  `medida_activo` int(11) NOT NULL
) ENGINE=InnoDB DEFAULT CHARSET=utf8 COLLATE=utf8_spanish_ci;

--
-- Dumping data for table `unidad_medida`
--

INSERT INTO `unidad_medida` (`id_medida`, `medida_codigo_unidad`, `medida_nombre`, `medida_activo`) VALUES
(1, '4A', 'BOBINAS                                           ', 0),
(2, 'BJ', 'BALDE                                             ', 1),
(3, 'BLL', 'BARRILES                                          ', 0),
(4, 'BG', 'BOLSA                                             ', 1),
(5, 'BO', 'BOTELLA                                      ', 1),
(6, 'BX', 'CAJA                                              ', 1),
(7, 'CT', 'CARTONES                                          ', 0),
(8, 'CMK', 'CENTIMETRO CUADRADO                               ', 0),
(9, 'CMQ', 'CENTIMETRO CUBICO                                 ', 0),
(10, 'CMT', 'CENTIMETRO LINEAL                                 ', 0),
(11, 'CEN', 'CIENTO DE UNIDADES                                ', 1),
(12, 'CY', 'CILINDRO                                          ', 0),
(13, 'CJ', 'CONOS                                             ', 0),
(14, 'DZN', 'DOCENA                                            ', 1),
(15, 'DZP', 'DOCENA POR 10**6                                  ', 0),
(16, 'BE', 'FARDO                                             ', 0),
(17, 'GLI', 'GALON INGLES (4,545956L)', 1),
(18, 'GRM', 'GRAMO                                             ', 1),
(19, 'GRO', 'GRUESA                                            ', 0),
(20, 'HLT', 'HECTOLITRO                                        ', 0),
(21, 'LEF', 'HOJA                                              ', 0),
(22, 'SET', 'JUEGO                                             ', 0),
(23, 'KGM', 'KILOGRAMO                                         ', 1),
(24, 'KTM', 'KILOMETRO                                         ', 0),
(25, 'KWH', 'KILOVATIO HORA                                    ', 0),
(26, 'KT', 'KIT                                               ', 0),
(27, 'CA', 'LATAS                                             ', 0),
(28, 'LBR', 'LIBRAS                                            ', 0),
(29, 'LTR', 'LITRO                                             ', 1),
(30, 'MWH', 'MEGAWATT HORA                                     ', 0),
(31, 'MTR', 'METRO                                             ', 1),
(32, 'MTK', 'METRO CUADRADO                                    ', 0),
(33, 'MTQ', 'METRO CUBICO                                      ', 0),
(34, 'MGM', 'MILIGRAMOS                                        ', 0),
(35, 'MLT', 'MILILITRO                                         ', 0),
(36, 'MMT', 'MILIMETRO                                         ', 0),
(37, 'MMK', 'MILIMETRO CUADRADO                                ', 0),
(38, 'MMQ', 'MILIMETRO CUBICO                                  ', 0),
(39, 'MLL', 'MILLARES                                          ', 0),
(40, 'UM', 'MILLON DE UNIDADES                                ', 0),
(41, 'ONZ', 'ONZAS                                             ', 0),
(42, 'PF', 'PALETAS                                           ', 0),
(43, 'PK', 'PAQUETE                                           ', 1),
(44, 'PR', 'PAR                                               ', 0),
(45, 'FOT', 'PIES                                              ', 0),
(46, 'FTK', 'PIES CUADRADOS                                    ', 0),
(47, 'FTQ', 'PIES CUBICOS                                      ', 0),
(48, 'C62', 'PIEZAS                                            ', 0),
(49, 'PG', 'PLACAS                                            ', 0),
(50, 'ST', 'PLIEGO                                            ', 0),
(51, 'INH', 'PULGADAS                                          ', 0),
(52, 'RM', 'RESMA                                             ', 0),
(53, 'DR', 'TAMBOR                                            ', 0),
(54, 'STN', 'TONELADA CORTA                                    ', 0),
(55, 'LTN', 'TONELADA LARGA                                    ', 0),
(56, 'TNE', 'TONELADAS                                         ', 0),
(57, 'TU', 'TUBOS                                             ', 0),
(58, 'NIU', 'UNIDAD (BIENES)                                   ', 1),
(59, 'ZZ', 'UNIDAD (SERVICIOS) ', 1),
(60, 'GLL', 'US GALON (3,7843 L)', 0),
(61, 'YRD', 'YARDA                                             ', 0),
(62, 'YDK', 'YARDA CUADRADA                                    ', 0);

-- --------------------------------------------------------

--
-- Table structure for table `usuarios`
--

CREATE TABLE `usuarios` (
  `id_usuario` int(11) NOT NULL,
  `id_persona` int(11) NOT NULL,
  `id_rol` int(11) NOT NULL,
  `usuario_nickname` varchar(16) COLLATE utf8_unicode_ci NOT NULL,
  `usuario_contrasenha` varchar(160) COLLATE utf8_unicode_ci NOT NULL,
  `usuario_email` varchar(60) COLLATE utf8_unicode_ci NOT NULL,
  `usuario_imagen` varchar(40) COLLATE utf8_unicode_ci NOT NULL,
  `usuario_estado` tinyint(1) NOT NULL,
  `usuario_creacion` datetime NOT NULL,
  `usuario_ultimo_login` datetime NOT NULL,
  `usuario_ultima_modificacion` datetime NOT NULL
) ENGINE=InnoDB DEFAULT CHARSET=utf8 COLLATE=utf8_unicode_ci;

--
-- Dumping data for table `usuarios`
--

INSERT INTO `usuarios` (`id_usuario`, `id_persona`, `id_rol`, `usuario_nickname`, `usuario_contrasenha`, `usuario_email`, `usuario_imagen`, `usuario_estado`, `usuario_creacion`, `usuario_ultimo_login`, `usuario_ultima_modificacion`) VALUES
(1, 1, 2, 'superadmin', '$2y$10$oPOOOgTUr4zIh511ATm/q.vzsAmxP.e2.vzyEbRn/1pzyWz2oXj0a', 'cesarjose@bufeotec.com', 'media/usuarios/usuario.jpg', 1, '2020-09-17 00:00:00', '2022-03-25 12:32:26', '2020-09-17 00:00:00'),
(2, 2, 3, 'admin', '$2y$10$SMsrzOaJ/nGY1FSmy9SyG.vdL6xmt9/rKjBYj0z4RYa79d1N5KqAW', 'carlos@gmail.com', 'media/usuarios/usuario.jpg', 1, '2020-10-27 18:29:10', '2022-04-09 13:20:43', '2020-10-27 18:29:10'),
(3, 3, 5, 'cristina', '$2y$10$K9K5S7nFXHLRidoEa0O4UO.TL/CwOmtbf0rXkp527gRLx.id.Eaha', 'guardar_persona', 'media/persona/default.png', 1, '2022-04-05 18:32:32', '2022-05-03 11:35:03', '2022-04-05 18:32:32'),
(4, 4, 7, 'supervisor', '$2y$10$8xqWsljrPOPllr6OsGwX7ui5MC0NAR6qSY1n4lbvxwgIfTleL5Wh2', 'supervisor@gmaiol.com', 'media/persona/default.png', 1, '2022-04-05 18:34:39', '2022-04-05 18:34:39', '2022-04-05 18:34:39');

-- --------------------------------------------------------

--
-- Table structure for table `usuarios_negocio`
--

CREATE TABLE `usuarios_negocio` (
  `id_usuario_negocio` int(11) NOT NULL,
  `id_negocio` int(11) NOT NULL,
  `id_usuario` int(11) NOT NULL,
  `usuario_negocio_fecha` datetime NOT NULL,
  `usuario_negocio_estado` tinyint(1) NOT NULL
) ENGINE=InnoDB DEFAULT CHARSET=utf8 COLLATE=utf8_unicode_ci;

--
-- Dumping data for table `usuarios_negocio`
--

INSERT INTO `usuarios_negocio` (`id_usuario_negocio`, `id_negocio`, `id_usuario`, `usuario_negocio_fecha`, `usuario_negocio_estado`) VALUES
(3, 3, 1, '2021-03-24 14:24:32', 1);

-- --------------------------------------------------------

--
-- Table structure for table `usuarios_sucursal`
--

CREATE TABLE `usuarios_sucursal` (
  `id_usuario_sucursal` int(11) NOT NULL,
  `id_sucursal` int(11) NOT NULL,
  `id_usuario` int(11) NOT NULL,
  `id_rol` int(11) NOT NULL,
  `usuario_sucursal_fecha` datetime NOT NULL,
  `usuario_sucursal_estado` tinyint(1) NOT NULL
) ENGINE=InnoDB DEFAULT CHARSET=utf8 COLLATE=utf8_unicode_ci;

--
-- Dumping data for table `usuarios_sucursal`
--

INSERT INTO `usuarios_sucursal` (`id_usuario_sucursal`, `id_sucursal`, `id_usuario`, `id_rol`, `usuario_sucursal_fecha`, `usuario_sucursal_estado`) VALUES
(3, 5, 1, 2, '2021-03-24 14:24:09', 1);

-- --------------------------------------------------------

--
-- Table structure for table `ventas`
--

CREATE TABLE `ventas` (
  `id_venta` int(11) NOT NULL,
  `id_caja_numero` int(11) NOT NULL,
  `id_empresa` int(11) NOT NULL DEFAULT '1',
  `id_usuario` int(11) NOT NULL,
  `id_mesa` int(11) NOT NULL,
  `id_cliente` int(11) NOT NULL,
  `id_tipo_pago` int(11) NOT NULL DEFAULT '3',
  `id_moneda` int(11) NOT NULL DEFAULT '1',
  `venta_condicion_resumen` tinyint(4) NOT NULL DEFAULT '1' COMMENT '1-Registro, 2-Actualizar, 3-baja',
  `venta_tipo_envio` tinyint(4) NOT NULL DEFAULT '0' COMMENT '1-directo, 2-resumen diario',
  `venta_direccion` varchar(200) COLLATE utf8_unicode_ci DEFAULT NULL,
  `venta_tipo` varchar(10) COLLATE utf8_unicode_ci NOT NULL,
  `venta_serie` varchar(10) COLLATE utf8_unicode_ci DEFAULT NULL,
  `venta_correlativo` varchar(60) COLLATE utf8_unicode_ci NOT NULL,
  `venta_totalgratuita` decimal(10,2) NOT NULL DEFAULT '0.00',
  `venta_totalexonerada` decimal(10,2) NOT NULL DEFAULT '0.00',
  `venta_totalinafecta` decimal(10,2) NOT NULL DEFAULT '0.00',
  `venta_totalgravada` decimal(10,2) NOT NULL DEFAULT '0.00',
  `venta_totaligv` decimal(10,2) NOT NULL DEFAULT '0.00',
  `venta_incluye_igv` tinyint(2) NOT NULL DEFAULT '1',
  `venta_totaldescuento` decimal(10,2) NOT NULL DEFAULT '0.00',
  `venta_icbper` decimal(10,2) NOT NULL DEFAULT '0.00',
  `venta_total` decimal(10,2) NOT NULL DEFAULT '0.00',
  `venta_pago_cliente` decimal(10,2) DEFAULT NULL,
  `venta_vuelto` decimal(10,2) DEFAULT NULL,
  `venta_fecha` datetime NOT NULL,
  `venta_observacion` varchar(500) COLLATE utf8_unicode_ci DEFAULT NULL,
  `tipo_documento_modificar` varchar(10) COLLATE utf8_unicode_ci DEFAULT NULL,
  `serie_modificar` varchar(20) COLLATE utf8_unicode_ci DEFAULT NULL,
  `correlativo_modificar` varchar(50) COLLATE utf8_unicode_ci DEFAULT NULL,
  `venta_codigo_motivo_nota` varchar(10) COLLATE utf8_unicode_ci DEFAULT NULL,
  `venta_estado_sunat` tinyint(4) NOT NULL DEFAULT '0',
  `venta_fecha_envio` datetime DEFAULT NULL,
  `venta_rutaXML` varchar(200) COLLATE utf8_unicode_ci DEFAULT NULL,
  `venta_rutaCDR` varchar(200) COLLATE utf8_unicode_ci DEFAULT NULL,
  `venta_respuesta_sunat` varchar(2000) COLLATE utf8_unicode_ci DEFAULT NULL,
  `venta_fecha_de_baja` date DEFAULT NULL,
  `anulado_sunat` tinyint(4) NOT NULL DEFAULT '0',
  `venta_cancelar` tinyint(1) NOT NULL DEFAULT '1',
  `venta_seriecorrelativo_notaventa` varchar(100) COLLATE utf8_unicode_ci DEFAULT NULL COMMENT '	Aqui se llena cuando se edita una nota de venta'
) ENGINE=InnoDB DEFAULT CHARSET=utf8 COLLATE=utf8_unicode_ci;

--
-- Dumping data for table `ventas`
--

INSERT INTO `ventas` (`id_venta`, `id_caja_numero`, `id_empresa`, `id_usuario`, `id_mesa`, `id_cliente`, `id_tipo_pago`, `id_moneda`, `venta_condicion_resumen`, `venta_tipo_envio`, `venta_direccion`, `venta_tipo`, `venta_serie`, `venta_correlativo`, `venta_totalgratuita`, `venta_totalexonerada`, `venta_totalinafecta`, `venta_totalgravada`, `venta_totaligv`, `venta_incluye_igv`, `venta_totaldescuento`, `venta_icbper`, `venta_total`, `venta_pago_cliente`, `venta_vuelto`, `venta_fecha`, `venta_observacion`, `tipo_documento_modificar`, `serie_modificar`, `correlativo_modificar`, `venta_codigo_motivo_nota`, `venta_estado_sunat`, `venta_fecha_envio`, `venta_rutaXML`, `venta_rutaCDR`, `venta_respuesta_sunat`, `venta_fecha_de_baja`, `anulado_sunat`, `venta_cancelar`, `venta_seriecorrelativo_notaventa`) VALUES
(1, 1, 1, 3, 6, 3, 3, 1, 3, 2, NULL, '03', 'B001', '1', '0.00', '35.00', '0.00', '0.00', '0.00', 1, '0.00', '0.00', '35.00', '0.00', '0.00', '2022-04-06 11:06:00', NULL, '', NULL, '', '0', 1, '2022-05-03 12:04:17', NULL, NULL, NULL, NULL, 1, 0, NULL),
(2, 1, 1, 3, 6, 3, 3, 1, 3, 2, NULL, '03', 'B001', '2', '0.00', '15.00', '0.00', '0.00', '0.00', 1, '0.00', '0.00', '15.00', '0.00', '0.00', '2022-04-06 11:08:21', NULL, '', NULL, '', '0', 1, '2022-05-03 12:04:17', NULL, NULL, NULL, NULL, 1, 0, NULL),
(3, 1, 1, 3, 6, 3, 3, 1, 3, 2, NULL, '03', 'B001', '3', '0.00', '47.00', '0.00', '0.00', '0.00', 1, '0.00', '0.00', '47.00', '0.00', '0.00', '2022-04-06 11:11:08', NULL, '', NULL, '', '0', 1, '2022-05-03 12:04:17', NULL, NULL, NULL, NULL, 1, 0, NULL),
(4, 1, 1, 3, 6, 3, 3, 1, 1, 2, NULL, '03', 'B001', '4', '0.00', '140.00', '0.00', '0.00', '0.00', 1, '0.00', '0.00', '140.00', '0.00', '0.00', '2022-04-06 13:41:39', NULL, '', NULL, '', '0', 1, '2022-04-30 15:07:04', NULL, NULL, NULL, NULL, 0, 1, NULL),
(5, 1, 1, 3, 7, 3, 1, 1, 1, 2, NULL, '03', 'B001', '5', '0.00', '61.00', '0.00', '0.00', '0.00', 1, '0.00', '0.00', '61.00', '0.00', '0.00', '2022-04-06 14:17:06', NULL, '', NULL, '', '0', 1, '2022-04-30 15:07:04', NULL, NULL, NULL, NULL, 0, 1, NULL),
(6, 1, 1, 3, 8, 3, 1, 1, 1, 2, NULL, '03', 'B001', '6', '0.00', '90.00', '0.00', '0.00', '0.00', 1, '0.00', '0.00', '90.00', '0.00', '0.00', '2022-04-06 14:30:58', NULL, '', NULL, '', '0', 1, '2022-04-30 15:07:04', NULL, NULL, NULL, NULL, 0, 1, NULL),
(7, 1, 1, 3, 19, 3, 3, 1, 1, 2, NULL, '03', 'B001', '7', '0.00', '8.00', '0.00', '0.00', '0.00', 1, '0.00', '0.00', '8.00', '20.00', '12.00', '2022-04-06 14:38:54', NULL, '', NULL, '', '0', 1, '2022-04-30 15:07:04', NULL, NULL, NULL, NULL, 0, 1, NULL),
(8, 1, 1, 3, 6, 3, 3, 1, 1, 2, NULL, '03', 'B001', '8', '0.00', '4.00', '0.00', '0.00', '0.00', 1, '0.00', '0.00', '4.00', '0.00', '0.00', '2022-04-06 14:47:27', NULL, '', NULL, '', '0', 1, '2022-04-30 15:07:04', NULL, NULL, NULL, NULL, 0, 1, NULL),
(9, 1, 1, 3, 6, 3, 3, 1, 1, 2, NULL, '03', 'B001', '9', '0.00', '19.00', '0.00', '0.00', '0.00', 1, '0.00', '0.00', '19.00', '20.00', '1.00', '2022-04-06 15:56:07', NULL, '', NULL, '', '0', 1, '2022-04-30 15:07:04', NULL, NULL, NULL, NULL, 0, 1, NULL),
(10, 1, 1, 3, 6, 3, 1, 1, 1, 2, NULL, '03', 'B001', '10', '0.00', '1.50', '0.00', '0.00', '0.00', 1, '0.00', '0.00', '1.50', '0.00', '0.00', '2022-04-06 17:47:22', NULL, '', NULL, '', '0', 1, '2022-04-30 15:07:04', NULL, NULL, NULL, NULL, 0, 1, NULL),
(11, 1, 1, 3, 6, 3, 1, 1, 1, 2, NULL, '03', 'B001', '11', '0.00', '26.00', '0.00', '0.00', '0.00', 1, '0.00', '0.00', '26.00', '0.00', '0.00', '2022-04-06 19:33:30', NULL, '', NULL, '', '0', 1, '2022-04-30 15:07:04', NULL, NULL, NULL, NULL, 0, 1, NULL),
(12, 1, 1, 3, 16, 3, 3, 1, 1, 2, NULL, '03', 'B001', '12', '0.00', '30.00', '0.00', '0.00', '0.00', 1, '0.00', '0.00', '30.00', '0.00', '0.00', '2022-04-06 20:15:38', NULL, '', NULL, '', '0', 1, '2022-04-30 15:07:04', NULL, NULL, NULL, NULL, 0, 1, NULL),
(13, 1, 1, 3, 6, 3, 3, 1, 1, 2, NULL, '03', 'B001', '13', '0.00', '24.00', '0.00', '0.00', '0.00', 1, '0.00', '0.00', '24.00', '100.00', '76.00', '2022-04-06 20:35:18', NULL, '', NULL, '', '0', 1, '2022-04-30 15:07:04', NULL, NULL, NULL, NULL, 0, 1, NULL),
(14, 1, 1, 3, 6, 3, 3, 1, 1, 2, NULL, '03', 'B001', '14', '0.00', '8.00', '0.00', '0.00', '0.00', 1, '0.00', '0.00', '8.00', '0.00', '0.00', '2022-04-06 21:08:05', NULL, '', NULL, '', '0', 1, '2022-04-30 15:07:04', NULL, NULL, NULL, NULL, 0, 1, NULL),
(15, 1, 1, 3, 8, 3, 3, 1, 1, 2, NULL, '03', 'B001', '15', '0.00', '34.00', '0.00', '0.00', '0.00', 1, '0.00', '0.00', '34.00', '100.00', '66.00', '2022-04-06 21:45:18', NULL, '', NULL, '', '0', 1, '2022-04-30 15:07:04', NULL, NULL, NULL, NULL, 0, 1, NULL),
(16, 1, 1, 3, 7, 3, 1, 1, 1, 2, NULL, '03', 'B001', '16', '0.00', '56.00', '0.00', '0.00', '0.00', 1, '0.00', '0.00', '56.00', '0.00', '0.00', '2022-04-06 22:16:03', NULL, '', NULL, '', '0', 1, '2022-04-30 15:07:04', NULL, NULL, NULL, NULL, 0, 1, NULL),
(17, 1, 1, 3, 6, 3, 3, 1, 1, 2, NULL, '03', 'B001', '17', '0.00', '32.00', '0.00', '0.00', '0.00', 1, '0.00', '0.00', '32.00', '0.00', '0.00', '2022-04-06 22:25:32', NULL, '', NULL, '', '0', 1, '2022-04-30 15:07:04', NULL, NULL, NULL, NULL, 0, 1, NULL),
(18, 1, 1, 3, 8, 3, 3, 1, 1, 2, NULL, '03', 'B001', '18', '0.00', '48.00', '0.00', '0.00', '0.00', 1, '0.00', '0.00', '48.00', '0.00', '0.00', '2022-04-06 22:34:05', NULL, '', NULL, '', '0', 1, '2022-04-30 15:07:04', NULL, NULL, NULL, NULL, 0, 1, NULL),
(19, 1, 1, 3, 6, 3, 3, 1, 1, 2, NULL, '03', 'B001', '19', '0.00', '77.00', '0.00', '0.00', '0.00', 1, '0.00', '0.00', '77.00', '100.00', '23.00', '2022-04-07 12:18:38', NULL, '', NULL, '', '0', 1, '2022-04-30 15:07:26', NULL, NULL, NULL, NULL, 0, 1, NULL),
(20, 1, 1, 3, 7, 3, 3, 1, 1, 2, NULL, '03', 'B001', '20', '0.00', '51.00', '0.00', '0.00', '0.00', 1, '0.00', '0.00', '51.00', '100.00', '49.00', '2022-04-07 14:23:35', NULL, '', NULL, '', '0', 1, '2022-04-30 15:07:26', NULL, NULL, NULL, NULL, 0, 1, NULL),
(21, 1, 1, 3, 6, 3, 1, 1, 1, 2, NULL, '03', 'B001', '21', '0.00', '139.00', '0.00', '0.00', '0.00', 1, '0.00', '0.00', '139.00', '0.00', '0.00', '2022-04-07 15:20:07', NULL, '', NULL, '', '0', 1, '2022-04-30 15:07:26', NULL, NULL, NULL, NULL, 0, 1, NULL),
(22, 1, 1, 3, 18, 3, 1, 1, 1, 2, NULL, '03', 'B001', '22', '0.00', '32.00', '0.00', '0.00', '0.00', 1, '0.00', '0.00', '32.00', '0.00', '0.00', '2022-04-07 15:35:22', NULL, '', NULL, '', '0', 1, '2022-04-30 15:07:26', NULL, NULL, NULL, NULL, 0, 1, NULL),
(23, 1, 1, 3, 7, 3, 3, 1, 1, 2, NULL, '03', 'B001', '23', '0.00', '32.00', '0.00', '0.00', '0.00', 1, '0.00', '0.00', '32.00', '0.00', '0.00', '2022-04-07 17:04:57', NULL, '', NULL, '', '0', 1, '2022-04-30 15:07:26', NULL, NULL, NULL, NULL, 0, 1, NULL),
(24, 1, 1, 3, 8, 3, 3, 1, 1, 2, NULL, '03', 'B001', '24', '0.00', '44.00', '0.00', '0.00', '0.00', 1, '0.00', '0.00', '44.00', '0.00', '0.00', '2022-04-07 18:40:58', NULL, '', NULL, '', '0', 1, '2022-04-30 15:07:26', NULL, NULL, NULL, NULL, 0, 1, NULL),
(25, 1, 1, 3, 8, 3, 3, 1, 3, 2, NULL, '03', 'B001', '25', '0.00', '30.00', '0.00', '0.00', '0.00', 1, '0.00', '0.00', '30.00', '0.00', '0.00', '2022-04-07 19:21:11', NULL, '', NULL, '', '0', 1, '2022-05-03 12:04:32', NULL, NULL, NULL, NULL, 1, 0, NULL),
(26, 1, 1, 3, 8, 3, 3, 1, 1, 2, NULL, '03', 'B001', '26', '0.00', '20.00', '0.00', '0.00', '0.00', 1, '0.00', '0.00', '20.00', '0.00', '0.00', '2022-04-07 20:12:19', NULL, '', NULL, '', '0', 1, '2022-04-30 15:07:26', NULL, NULL, NULL, NULL, 0, 1, NULL),
(27, 1, 1, 3, 17, 4, 3, 1, 1, 1, NULL, '01', 'F001', '1', '0.00', '24.00', '0.00', '0.00', '0.00', 1, '0.00', '0.00', '24.00', '50.00', '26.00', '2022-04-07 20:45:10', NULL, '', NULL, '', '0', 1, NULL, 'libs/ApiFacturacion/xml/20606798939-01-F001-1.XML', 'libs/ApiFacturacion/cdr/R-20606798939-01-F001-1.XML', 'El comprobante ya esta informado y se encuentra con estado anulado o rechazado', NULL, 1, 0, NULL),
(28, 1, 1, 3, 17, 3, 1, 1, 1, 2, NULL, '03', 'B001', '27', '0.00', '24.00', '0.00', '0.00', '0.00', 1, '0.00', '0.00', '24.00', '0.00', '0.00', '2022-04-07 20:46:21', NULL, '', NULL, '', '0', 1, '2022-04-30 15:07:26', NULL, NULL, NULL, NULL, 0, 1, NULL),
(29, 1, 1, 3, 8, 3, 3, 1, 1, 2, NULL, '03', 'B001', '28', '0.00', '20.00', '0.00', '0.00', '0.00', 1, '0.00', '0.00', '20.00', '0.00', '0.00', '2022-04-07 21:06:06', NULL, '', NULL, '', '0', 1, '2022-04-30 15:07:26', NULL, NULL, NULL, NULL, 0, 1, NULL),
(30, 1, 1, 3, 8, 3, 3, 1, 1, 2, NULL, '03', 'B001', '29', '0.00', '14.00', '0.00', '0.00', '0.00', 1, '0.00', '0.00', '14.00', '0.00', '0.00', '2022-04-07 21:11:39', NULL, '', NULL, '', '0', 1, '2022-04-30 15:07:26', NULL, NULL, NULL, NULL, 0, 1, NULL),
(31, 1, 1, 3, 20, 3, 1, 1, 1, 2, NULL, '03', 'B001', '30', '0.00', '172.00', '0.00', '0.00', '0.00', 1, '0.00', '0.00', '172.00', '0.00', '0.00', '2022-04-07 21:39:22', NULL, '', NULL, '', '0', 1, '2022-04-30 15:07:26', NULL, NULL, NULL, NULL, 0, 1, NULL),
(32, 1, 1, 3, 20, 5, 1, 1, 1, 1, NULL, '01', 'F001', '2', '0.00', '30.00', '0.00', '0.00', '0.00', 1, '0.00', '0.00', '30.00', '0.00', '0.00', '2022-04-07 21:43:01', NULL, '', NULL, '', '0', 1, NULL, 'libs/ApiFacturacion/xml/20606798939-01-F001-2.XML', 'libs/ApiFacturacion/cdr/R-20606798939-01-F001-2.XML', 'El comprobante ya esta informado y se encuentra con estado anulado o rechazado', NULL, 1, 0, NULL),
(33, 1, 1, 3, 9, 3, 3, 1, 1, 2, NULL, '03', 'B001', '31', '0.00', '58.00', '0.00', '0.00', '0.00', 1, '0.00', '0.00', '58.00', '0.00', '0.00', '2022-04-07 21:46:34', NULL, '', NULL, '', '0', 1, '2022-04-30 15:07:26', NULL, NULL, NULL, NULL, 0, 1, NULL),
(34, 1, 1, 3, 19, 3, 3, 1, 1, 2, NULL, '03', 'B001', '32', '0.00', '85.00', '0.00', '0.00', '0.00', 1, '0.00', '0.00', '85.00', '0.00', '0.00', '2022-04-07 22:01:54', NULL, '', NULL, '', '0', 1, '2022-04-30 15:07:26', NULL, NULL, NULL, NULL, 0, 1, NULL),
(35, 1, 1, 3, 6, 3, 3, 1, 1, 2, NULL, '03', 'B001', '33', '0.00', '22.00', '0.00', '0.00', '0.00', 1, '0.00', '0.00', '22.00', '50.00', '28.00', '2022-04-08 12:52:14', NULL, '', NULL, '', '0', 1, '2022-04-30 15:08:04', NULL, NULL, NULL, NULL, 0, 1, NULL),
(36, 1, 1, 3, 6, 3, 3, 1, 1, 2, NULL, '03', 'B001', '34', '0.00', '31.00', '0.00', '0.00', '0.00', 1, '0.00', '0.00', '31.00', '0.00', '0.00', '2022-04-08 13:21:53', NULL, '', NULL, '', '0', 1, '2022-04-30 15:08:04', NULL, NULL, NULL, NULL, 0, 1, NULL),
(37, 1, 1, 3, 8, 3, 3, 1, 1, 2, NULL, '03', 'B001', '35', '0.00', '4.00', '0.00', '0.00', '0.00', 1, '0.00', '0.00', '4.00', '0.00', '0.00', '2022-04-08 13:23:15', NULL, '', NULL, '', '0', 1, '2022-04-30 15:08:04', NULL, NULL, NULL, NULL, 0, 1, NULL),
(38, 1, 1, 3, 17, 3, 3, 1, 1, 2, NULL, '03', 'B001', '36', '0.00', '27.00', '0.00', '0.00', '0.00', 1, '0.00', '0.00', '27.00', '0.00', '0.00', '2022-04-08 13:37:38', NULL, '', NULL, '', '0', 1, '2022-04-30 15:08:04', NULL, NULL, NULL, NULL, 0, 1, NULL),
(39, 1, 1, 3, 16, 3, 3, 1, 1, 2, NULL, '03', 'B001', '37', '0.00', '72.00', '0.00', '0.00', '0.00', 1, '0.00', '0.00', '72.00', '0.00', '0.00', '2022-04-08 14:03:44', NULL, '', NULL, '', '0', 1, '2022-04-30 15:08:04', NULL, NULL, NULL, NULL, 0, 1, NULL),
(40, 1, 1, 3, 7, 3, 5, 1, 1, 2, NULL, '03', 'B001', '38', '0.00', '158.00', '0.00', '0.00', '0.00', 1, '0.00', '0.00', '158.00', '0.00', '0.00', '2022-04-08 15:58:43', NULL, '', NULL, '', '0', 1, '2022-04-30 15:08:04', NULL, NULL, NULL, NULL, 0, 1, NULL),
(41, 1, 1, 3, 19, 3, 3, 1, 1, 2, NULL, '03', 'B001', '39', '0.00', '16.00', '0.00', '0.00', '0.00', 1, '0.00', '0.00', '16.00', '20.00', '4.00', '2022-04-08 16:34:39', NULL, '', NULL, '', '0', 1, '2022-04-30 15:08:04', NULL, NULL, NULL, NULL, 0, 1, NULL),
(42, 1, 1, 3, 6, 3, 3, 1, 1, 2, NULL, '03', 'B001', '40', '0.00', '4.00', '0.00', '0.00', '0.00', 1, '0.00', '0.00', '4.00', '5.00', '1.00', '2022-04-08 17:23:13', NULL, '', NULL, '', '0', 1, '2022-04-30 15:08:04', NULL, NULL, NULL, NULL, 0, 1, NULL),
(43, 1, 1, 3, 6, 3, 3, 1, 1, 2, NULL, '03', 'B001', '41', '0.00', '44.00', '0.00', '0.00', '0.00', 1, '0.00', '0.00', '44.00', '100.00', '56.00', '2022-04-08 18:49:49', NULL, '', NULL, '', '0', 1, '2022-04-30 15:08:05', NULL, NULL, NULL, NULL, 0, 1, NULL),
(44, 1, 1, 3, 18, 3, 3, 1, 3, 2, NULL, '03', 'B001', '42', '0.00', '96.00', '0.00', '0.00', '0.00', 1, '0.00', '0.00', '96.00', '100.00', '4.00', '2022-04-08 20:36:49', NULL, '', NULL, '', '0', 1, '2022-05-03 12:04:59', NULL, NULL, NULL, NULL, 1, 0, NULL),
(45, 1, 1, 3, 6, 6, 3, 1, 1, 2, NULL, '03', 'B001', '43', '0.00', '96.00', '0.00', '0.00', '0.00', 1, '0.00', '0.00', '96.00', '100.00', '4.00', '2022-04-08 20:45:01', NULL, '', NULL, '', '0', 1, '2022-04-30 15:08:05', NULL, NULL, NULL, NULL, 0, 1, NULL),
(46, 1, 1, 3, 18, 3, 1, 1, 1, 2, NULL, '03', 'B001', '44', '0.00', '52.00', '0.00', '0.00', '0.00', 1, '0.00', '0.00', '52.00', '0.00', '0.00', '2022-04-08 20:49:33', NULL, '', NULL, '', '0', 1, '2022-04-30 15:08:05', NULL, NULL, NULL, NULL, 0, 1, NULL),
(47, 1, 1, 3, 18, 3, 3, 1, 1, 2, NULL, '03', 'B001', '45', '0.00', '20.00', '0.00', '0.00', '0.00', 1, '0.00', '0.00', '20.00', '0.00', '0.00', '2022-04-08 20:56:21', NULL, '', NULL, '', '0', 1, '2022-04-30 15:08:05', NULL, NULL, NULL, NULL, 0, 1, NULL),
(48, 1, 1, 3, 21, 3, 3, 1, 1, 2, NULL, '03', 'B001', '46', '0.00', '204.00', '0.00', '0.00', '0.00', 1, '0.00', '0.00', '204.00', '0.00', '0.00', '2022-04-08 21:31:07', NULL, '', NULL, '', '0', 1, '2022-04-30 15:08:05', NULL, NULL, NULL, NULL, 0, 1, NULL),
(49, 1, 1, 3, 6, 3, 3, 1, 1, 2, NULL, '03', 'B001', '47', '0.00', '16.00', '0.00', '0.00', '0.00', 1, '0.00', '0.00', '16.00', '20.00', '4.00', '2022-04-08 21:58:30', NULL, '', NULL, '', '0', 1, '2022-04-30 15:08:05', NULL, NULL, NULL, NULL, 0, 1, NULL),
(50, 1, 1, 3, 7, 3, 3, 1, 1, 2, NULL, '03', 'B001', '48', '0.00', '16.00', '0.00', '0.00', '0.00', 1, '0.00', '0.00', '16.00', '0.00', '0.00', '2022-04-08 22:22:24', NULL, '', NULL, '', '0', 1, '2022-04-30 15:08:05', NULL, NULL, NULL, NULL, 0, 1, NULL),
(51, 1, 1, 2, 6, 3, 3, 1, 1, 2, NULL, '03', 'B001', '49', '0.00', '27.00', '0.00', '0.00', '0.00', 1, '0.00', '0.00', '27.00', '0.00', '0.00', '2022-04-09 13:29:04', NULL, '', NULL, '', '0', 1, '2022-04-30 15:09:49', NULL, NULL, NULL, NULL, 0, 1, NULL),
(52, 1, 1, 2, 21, 3, 3, 1, 1, 2, NULL, '03', 'B001', '50', '0.00', '28.00', '0.00', '0.00', '0.00', 1, '0.00', '0.00', '28.00', '30.00', '2.00', '2022-04-09 13:59:42', NULL, '', NULL, '', '0', 1, '2022-04-30 15:09:49', NULL, NULL, NULL, NULL, 0, 1, NULL),
(53, 1, 1, 2, 19, 3, 3, 1, 1, 2, NULL, '03', 'B001', '51', '0.00', '105.00', '0.00', '0.00', '0.00', 1, '0.00', '0.00', '105.00', '0.00', '0.00', '2022-04-09 14:12:28', NULL, '', NULL, '', '0', 1, '2022-04-30 15:09:49', NULL, NULL, NULL, NULL, 0, 1, NULL),
(54, 1, 1, 2, 6, 3, 3, 1, 1, 2, NULL, '03', 'B001', '52', '0.00', '4.00', '0.00', '0.00', '0.00', 1, '0.00', '0.00', '4.00', '5.00', '1.00', '2022-04-09 14:48:54', NULL, '', NULL, '', '0', 1, '2022-04-30 15:09:49', NULL, NULL, NULL, NULL, 0, 1, NULL),
(55, 1, 1, 2, 6, 3, 3, 1, 1, 2, NULL, '03', 'B001', '53', '0.00', '4.00', '0.00', '0.00', '0.00', 1, '0.00', '0.00', '4.00', '5.00', '1.00', '2022-04-09 14:55:30', NULL, '', NULL, '', '0', 1, '2022-04-30 15:09:49', NULL, NULL, NULL, NULL, 0, 1, NULL),
(56, 1, 1, 2, 6, 3, 3, 1, 1, 2, NULL, '03', 'B001', '54', '0.00', '13.00', '0.00', '0.00', '0.00', 1, '0.00', '0.00', '13.00', '20.00', '7.00', '2022-04-09 15:50:42', NULL, '', NULL, '', '0', 1, '2022-04-30 15:09:49', NULL, NULL, NULL, NULL, 0, 1, NULL),
(57, 1, 1, 2, 18, 3, 3, 1, 1, 2, NULL, '03', 'B001', '55', '0.00', '48.00', '0.00', '0.00', '0.00', 1, '0.00', '0.00', '48.00', '0.00', '0.00', '2022-04-09 15:57:40', NULL, '', NULL, '', '0', 1, '2022-04-30 15:09:49', NULL, NULL, NULL, NULL, 0, 1, NULL),
(58, 1, 1, 2, 17, 3, 1, 1, 1, 2, NULL, '03', 'B001', '56', '0.00', '215.00', '0.00', '0.00', '0.00', 1, '0.00', '0.00', '215.00', '0.00', '0.00', '2022-04-09 16:41:04', NULL, '', NULL, '', '0', 1, '2022-04-30 15:09:49', NULL, NULL, NULL, NULL, 0, 1, NULL),
(59, 1, 1, 2, 6, 3, 1, 1, 1, 2, NULL, '03', 'B001', '57', '0.00', '15.00', '0.00', '0.00', '0.00', 1, '0.00', '0.00', '15.00', '0.00', '0.00', '2022-04-09 16:42:12', NULL, '', NULL, '', '0', 1, '2022-04-30 15:09:49', NULL, NULL, NULL, NULL, 0, 1, NULL),
(60, 1, 1, 2, 23, 3, 3, 1, 1, 2, NULL, '03', 'B001', '58', '0.00', '12.00', '0.00', '0.00', '0.00', 1, '0.00', '0.00', '12.00', '20.00', '8.00', '2022-04-09 16:57:47', NULL, '', NULL, '', '0', 1, '2022-04-30 15:09:49', NULL, NULL, NULL, NULL, 0, 1, NULL),
(61, 1, 1, 2, 22, 3, 3, 1, 1, 2, NULL, '03', 'B001', '59', '0.00', '16.00', '0.00', '0.00', '0.00', 1, '0.00', '0.00', '16.00', '50.00', '34.00', '2022-04-09 18:06:05', NULL, '', NULL, '', '0', 1, '2022-04-30 15:09:49', NULL, NULL, NULL, NULL, 0, 1, NULL),
(62, 1, 1, 2, 22, 3, 3, 1, 1, 2, NULL, '03', 'B001', '60', '0.00', '24.00', '0.00', '0.00', '0.00', 1, '0.00', '0.00', '24.00', '50.00', '26.00', '2022-04-09 18:24:13', NULL, '', NULL, '', '0', 1, '2022-04-30 15:09:49', NULL, NULL, NULL, NULL, 0, 1, NULL),
(63, 1, 1, 2, 21, 3, 3, 1, 1, 2, NULL, '03', 'B001', '61', '0.00', '104.00', '0.00', '0.00', '0.00', 1, '0.00', '0.00', '104.00', '0.00', '0.00', '2022-04-09 18:38:20', NULL, '', NULL, '', '0', 1, '2022-04-30 15:09:49', NULL, NULL, NULL, NULL, 0, 1, NULL),
(64, 1, 1, 2, 21, 3, 1, 1, 1, 2, NULL, '03', 'B001', '62', '0.00', '56.00', '0.00', '0.00', '0.00', 1, '0.00', '0.00', '56.00', '0.00', '0.00', '2022-04-09 18:41:08', NULL, '', NULL, '', '0', 1, '2022-04-30 15:09:49', NULL, NULL, NULL, NULL, 0, 1, NULL),
(65, 1, 1, 2, 22, 3, 3, 1, 1, 2, NULL, '03', 'B001', '63', '0.00', '26.00', '0.00', '0.00', '0.00', 1, '0.00', '0.00', '26.00', '0.00', '0.00', '2022-04-09 18:45:22', NULL, '', NULL, '', '0', 1, '2022-04-30 15:09:49', NULL, NULL, NULL, NULL, 0, 1, NULL),
(66, 1, 1, 2, 6, 3, 3, 1, 1, 2, NULL, '03', 'B001', '64', '0.00', '4.00', '0.00', '0.00', '0.00', 1, '0.00', '0.00', '4.00', '5.00', '1.00', '2022-04-09 18:55:00', NULL, '', NULL, '', '0', 1, '2022-04-30 15:09:49', NULL, NULL, NULL, NULL, 0, 1, NULL),
(67, 1, 1, 2, 20, 3, 3, 1, 1, 2, NULL, '03', 'B001', '65', '0.00', '142.00', '0.00', '0.00', '0.00', 1, '0.00', '0.00', '142.00', '0.00', '0.00', '2022-04-09 19:06:33', NULL, '', NULL, '', '0', 1, '2022-04-30 15:09:50', NULL, NULL, NULL, NULL, 0, 1, NULL),
(68, 1, 1, 3, 22, 3, 3, 1, 1, 2, NULL, '03', 'B001', '66', '0.00', '10.00', '0.00', '0.00', '0.00', 1, '0.00', '0.00', '10.00', '20.00', '10.00', '2022-04-09 19:35:58', NULL, '', NULL, '', '0', 1, '2022-04-30 15:09:50', NULL, NULL, NULL, NULL, 0, 1, NULL),
(69, 1, 1, 3, 22, 3, 3, 1, 1, 2, NULL, '03', 'B001', '67', '0.00', '10.00', '0.00', '0.00', '0.00', 1, '0.00', '0.00', '10.00', '10.00', '0.00', '2022-04-09 19:53:49', NULL, '', NULL, '', '0', 1, '2022-04-30 15:09:50', NULL, NULL, NULL, NULL, 0, 1, NULL),
(70, 1, 1, 3, 6, 4, 3, 1, 1, 1, NULL, '01', 'F001', '3', '0.00', '22.00', '0.00', '0.00', '0.00', 1, '0.00', '0.00', '22.00', '0.00', '0.00', '2022-04-09 20:17:50', NULL, '', NULL, '', '0', 1, '2022-04-13 12:44:48', 'libs/ApiFacturacion/xml/20606798939-01-F001-3.XML', 'libs/ApiFacturacion/cdr/R-20606798939-01-F001-3.XML', 'La Factura numero F001-3, ha sido aceptada', NULL, 0, 1, NULL),
(71, 1, 1, 3, 21, 3, 3, 1, 1, 2, NULL, '03', 'B001', '68', '0.00', '4.00', '0.00', '0.00', '0.00', 1, '0.00', '0.00', '4.00', '20.00', '16.00', '2022-04-09 21:02:47', NULL, '', NULL, '', '0', 1, '2022-04-30 15:09:50', NULL, NULL, NULL, NULL, 0, 1, NULL),
(72, 1, 1, 3, 19, 7, 3, 1, 1, 2, NULL, '03', 'B001', '69', '0.00', '73.00', '0.00', '0.00', '0.00', 1, '0.00', '0.00', '73.00', '0.00', '0.00', '2022-04-09 21:13:51', NULL, '', NULL, '', '0', 1, '2022-04-30 15:09:50', NULL, NULL, NULL, NULL, 0, 1, NULL),
(73, 1, 1, 3, 22, 3, 3, 1, 1, 2, NULL, '03', 'B001', '70', '0.00', '4.00', '0.00', '0.00', '0.00', 1, '0.00', '0.00', '4.00', '5.00', '1.00', '2022-04-09 21:23:14', NULL, '', NULL, '', '0', 1, '2022-04-30 15:09:50', NULL, NULL, NULL, NULL, 0, 1, NULL),
(74, 1, 1, 3, 18, 3, 3, 1, 1, 2, NULL, '03', 'B001', '71', '0.00', '64.00', '0.00', '0.00', '0.00', 1, '0.00', '0.00', '64.00', '0.00', '0.00', '2022-04-09 21:25:56', NULL, '', NULL, '', '0', 1, '2022-04-30 15:09:50', NULL, NULL, NULL, NULL, 0, 1, NULL),
(75, 1, 1, 3, 22, 3, 3, 1, 1, 2, NULL, '03', 'B001', '72', '0.00', '8.00', '0.00', '0.00', '0.00', 1, '0.00', '0.00', '8.00', '10.00', '2.00', '2022-04-09 21:41:04', NULL, '', NULL, '', '0', 1, '2022-04-30 15:09:50', NULL, NULL, NULL, NULL, 0, 1, NULL),
(76, 1, 1, 3, 7, 3, 3, 1, 1, 2, NULL, '03', 'B001', '73', '0.00', '32.00', '0.00', '0.00', '0.00', 1, '0.00', '0.00', '32.00', '50.00', '18.00', '2022-04-09 22:14:07', NULL, '', NULL, '', '0', 1, '2022-04-30 15:09:50', NULL, NULL, NULL, NULL, 0, 1, NULL),
(77, 1, 1, 3, 20, 3, 3, 1, 1, 2, NULL, '03', 'B001', '74', '0.00', '32.00', '0.00', '0.00', '0.00', 1, '0.00', '0.00', '32.00', '0.00', '0.00', '2022-04-09 22:18:25', NULL, '', NULL, '', '0', 1, '2022-04-30 15:09:50', NULL, NULL, NULL, NULL, 0, 1, NULL),
(78, 1, 1, 3, 21, 3, 3, 1, 1, 2, NULL, '03', 'B001', '75', '0.00', '56.00', '0.00', '0.00', '0.00', 1, '0.00', '0.00', '56.00', '0.00', '0.00', '2022-04-09 22:24:14', NULL, '', NULL, '', '0', 1, '2022-04-30 15:09:50', NULL, NULL, NULL, NULL, 0, 1, NULL),
(79, 1, 1, 3, 22, 3, 3, 1, 1, 2, NULL, '03', 'B001', '76', '0.00', '16.00', '0.00', '0.00', '0.00', 1, '0.00', '0.00', '16.00', '0.00', '0.00', '2022-04-09 22:37:42', NULL, '', NULL, '', '0', 1, '2022-04-30 15:09:50', NULL, NULL, NULL, NULL, 0, 1, NULL),
(80, 1, 1, 3, 18, 3, 3, 1, 1, 2, NULL, '03', 'B001', '77', '0.00', '26.00', '0.00', '0.00', '0.00', 1, '0.00', '0.00', '26.00', '0.00', '0.00', '2022-04-09 22:52:40', NULL, '', NULL, '', '0', 1, '2022-04-30 15:09:50', NULL, NULL, NULL, NULL, 0, 1, NULL),
(81, 1, 1, 3, 17, 3, 1, 1, 1, 2, NULL, '03', 'B001', '78', '0.00', '78.00', '0.00', '0.00', '0.00', 1, '0.00', '0.00', '78.00', '0.00', '0.00', '2022-04-09 23:00:16', NULL, '', NULL, '', '0', 1, '2022-04-30 15:09:50', NULL, NULL, NULL, NULL, 0, 1, NULL),
(82, 1, 1, 3, 7, 3, 3, 1, 1, 2, NULL, '03', 'B001', '79', '0.00', '38.00', '0.00', '0.00', '0.00', 1, '0.00', '0.00', '38.00', '0.00', '0.00', '2022-04-09 23:40:04', NULL, '', NULL, '', '0', 1, '2022-04-30 15:09:50', NULL, NULL, NULL, NULL, 0, 1, NULL),
(83, 1, 1, 3, 25, 3, 3, 1, 1, 2, NULL, '03', 'B001', '80', '0.00', '72.00', '0.00', '0.00', '0.00', 1, '0.00', '0.00', '72.00', '0.00', '0.00', '2022-04-09 23:47:48', NULL, '', NULL, '', '0', 1, '2022-04-30 15:09:50', NULL, NULL, NULL, NULL, 0, 1, NULL),
(84, 1, 1, 3, 20, 3, 3, 1, 1, 2, NULL, '03', 'B001', '81', '0.00', '6.00', '0.00', '0.00', '0.00', 1, '0.00', '0.00', '6.00', '0.00', '0.00', '2022-04-09 23:49:54', NULL, '', NULL, '', '0', 1, '2022-04-30 15:09:50', NULL, NULL, NULL, NULL, 0, 1, NULL),
(85, 1, 1, 3, 7, 3, 3, 1, 1, 2, NULL, '03', 'B001', '82', '0.00', '16.00', '0.00', '0.00', '0.00', 1, '0.00', '0.00', '16.00', '20.00', '4.00', '2022-04-10 00:31:58', NULL, '', NULL, '', '0', 1, '2022-04-30 15:10:22', NULL, NULL, NULL, NULL, 0, 1, NULL),
(86, 1, 1, 3, 19, 3, 3, 1, 1, 2, NULL, '03', 'B001', '83', '0.00', '10.00', '0.00', '0.00', '0.00', 1, '0.00', '0.00', '10.00', '0.00', '0.00', '2022-04-10 00:46:42', NULL, '', NULL, '', '0', 1, '2022-04-30 15:10:22', NULL, NULL, NULL, NULL, 0, 1, NULL),
(87, 1, 1, 3, 8, 3, 3, 1, 1, 2, NULL, '03', 'B001', '84', '0.00', '64.00', '0.00', '0.00', '0.00', 1, '0.00', '0.00', '64.00', '0.00', '0.00', '2022-04-10 01:04:21', NULL, '', NULL, '', '0', 1, '2022-04-30 15:10:22', NULL, NULL, NULL, NULL, 0, 1, NULL),
(88, 1, 1, 3, 18, 3, 3, 1, 1, 2, NULL, '03', 'B001', '85', '0.00', '24.00', '0.00', '0.00', '0.00', 1, '0.00', '0.00', '24.00', '0.00', '0.00', '2022-04-10 01:09:32', NULL, '', NULL, '', '0', 1, '2022-04-30 15:10:22', NULL, NULL, NULL, NULL, 0, 1, NULL),
(89, 1, 1, 3, 9, 3, 3, 1, 1, 2, NULL, '03', 'B001', '86', '0.00', '81.00', '0.00', '0.00', '0.00', 1, '0.00', '0.00', '81.00', '0.00', '0.00', '2022-04-10 01:21:07', NULL, '', NULL, '', '0', 1, '2022-04-30 15:10:22', NULL, NULL, NULL, NULL, 0, 1, NULL),
(90, 1, 1, 3, 6, 3, 3, 1, 1, 2, NULL, '03', 'B001', '87', '0.00', '10.00', '0.00', '0.00', '0.00', 1, '0.00', '0.00', '10.00', '0.00', '0.00', '2022-04-10 01:39:18', NULL, '', NULL, '', '0', 1, '2022-04-30 15:10:22', NULL, NULL, NULL, NULL, 0, 1, NULL),
(91, 1, 1, 3, 7, 3, 3, 1, 1, 2, NULL, '03', 'B001', '88', '0.00', '16.00', '0.00', '0.00', '0.00', 1, '0.00', '0.00', '16.00', '0.00', '0.00', '2022-04-10 01:48:30', NULL, '', NULL, '', '0', 1, '2022-04-30 15:10:22', NULL, NULL, NULL, NULL, 0, 1, NULL),
(92, 1, 1, 3, 6, 3, 3, 1, 1, 2, NULL, '03', 'B001', '89', '0.00', '8.00', '0.00', '0.00', '0.00', 1, '0.00', '0.00', '8.00', '0.00', '0.00', '2022-04-10 02:04:33', NULL, '', NULL, '', '0', 1, '2022-04-30 15:10:22', NULL, NULL, NULL, NULL, 0, 1, NULL),
(93, 1, 1, 3, 6, 3, 3, 1, 1, 2, NULL, '03', 'B001', '90', '0.00', '32.00', '0.00', '0.00', '0.00', 1, '0.00', '0.00', '32.00', '0.00', '0.00', '2022-04-10 12:13:40', NULL, '', NULL, '', '0', 1, '2022-04-30 15:10:22', NULL, NULL, NULL, NULL, 0, 1, NULL),
(94, 1, 1, 3, 6, 3, 3, 1, 1, 2, NULL, '03', 'B001', '91', '0.00', '29.00', '0.00', '0.00', '0.00', 1, '0.00', '0.00', '29.00', '50.00', '21.00', '2022-04-10 12:19:41', NULL, '', NULL, '', '0', 1, '2022-04-30 15:10:22', NULL, NULL, NULL, NULL, 0, 1, NULL),
(95, 1, 1, 3, 19, 3, 3, 1, 1, 2, NULL, '03', 'B001', '92', '0.00', '54.00', '0.00', '0.00', '0.00', 1, '0.00', '0.00', '54.00', '0.00', '0.00', '2022-04-10 13:38:38', NULL, '', NULL, '', '0', 1, '2022-04-30 15:10:22', NULL, NULL, NULL, NULL, 0, 1, NULL),
(96, 1, 1, 3, 8, 3, 3, 1, 1, 2, NULL, '03', 'B001', '93', '0.00', '12.00', '0.00', '0.00', '0.00', 1, '0.00', '0.00', '12.00', '0.00', '0.00', '2022-04-10 13:57:24', NULL, '', NULL, '', '0', 1, '2022-04-30 15:10:22', NULL, NULL, NULL, NULL, 0, 1, NULL),
(97, 1, 1, 3, 21, 3, 3, 1, 1, 2, NULL, '03', 'B001', '94', '0.00', '70.00', '0.00', '0.00', '0.00', 1, '0.00', '0.00', '70.00', '0.00', '0.00', '2022-04-10 14:20:50', NULL, '', NULL, '', '0', 1, '2022-04-30 15:10:22', NULL, NULL, NULL, NULL, 0, 1, NULL),
(98, 1, 1, 3, 17, 3, 3, 1, 1, 2, NULL, '03', 'B001', '95', '0.00', '20.00', '0.00', '0.00', '0.00', 1, '0.00', '0.00', '20.00', '20.00', '0.00', '2022-04-10 14:26:11', NULL, '', NULL, '', '0', 1, '2022-04-30 15:10:22', NULL, NULL, NULL, NULL, 0, 1, NULL),
(99, 1, 1, 3, 18, 8, 3, 1, 1, 1, NULL, '01', 'F001', '4', '0.00', '63.00', '0.00', '0.00', '0.00', 1, '0.00', '0.00', '63.00', '0.00', '0.00', '2022-04-10 14:29:51', NULL, '', NULL, '', '0', 1, '2022-04-13 12:44:41', 'libs/ApiFacturacion/xml/20606798939-01-F001-4.XML', 'libs/ApiFacturacion/cdr/R-20606798939-01-F001-4.XML', 'La Factura numero F001-4, ha sido aceptada', NULL, 0, 1, NULL),
(100, 1, 1, 3, 19, 3, 3, 1, 1, 2, NULL, '03', 'B001', '96', '0.00', '34.00', '0.00', '0.00', '0.00', 1, '0.00', '0.00', '34.00', '100.00', '66.00', '2022-04-10 14:34:44', NULL, '', NULL, '', '0', 1, '2022-04-30 15:10:22', NULL, NULL, NULL, NULL, 0, 1, NULL),
(101, 1, 1, 3, 20, 3, 3, 1, 1, 2, NULL, '03', 'B001', '97', '0.00', '30.00', '0.00', '0.00', '0.00', 1, '0.00', '0.00', '30.00', '0.00', '0.00', '2022-04-10 14:38:10', NULL, '', NULL, '', '0', 1, '2022-04-30 15:10:22', NULL, NULL, NULL, NULL, 0, 1, NULL),
(102, 1, 1, 3, 17, 3, 3, 1, 1, 2, NULL, '03', 'B001', '98', '0.00', '10.00', '0.00', '0.00', '0.00', 1, '0.00', '0.00', '10.00', '50.00', '40.00', '2022-04-10 14:40:24', NULL, '', NULL, '', '0', 1, '2022-04-30 15:10:22', NULL, NULL, NULL, NULL, 0, 1, NULL),
(103, 1, 1, 3, 16, 3, 3, 1, 1, 2, NULL, '03', 'B001', '99', '0.00', '73.00', '0.00', '0.00', '0.00', 1, '0.00', '0.00', '73.00', '100.00', '27.00', '2022-04-10 15:01:22', NULL, '', NULL, '', '0', 1, '2022-04-30 15:10:23', NULL, NULL, NULL, NULL, 0, 1, NULL),
(104, 1, 1, 3, 22, 3, 3, 1, 1, 2, NULL, '03', 'B001', '100', '0.00', '112.00', '0.00', '0.00', '0.00', 1, '0.00', '0.00', '112.00', '0.00', '0.00', '2022-04-10 15:06:17', NULL, '', NULL, '', '0', 1, '2022-04-30 15:10:23', NULL, NULL, NULL, NULL, 0, 1, NULL),
(105, 1, 1, 3, 6, 3, 3, 1, 1, 2, NULL, '03', 'B001', '101', '0.00', '354.00', '0.00', '0.00', '0.00', 1, '0.00', '0.00', '354.00', '0.00', '0.00', '2022-04-10 15:55:38', NULL, '', NULL, '', '0', 1, '2022-04-30 15:10:23', NULL, NULL, NULL, NULL, 0, 1, NULL),
(106, 1, 1, 3, 24, 3, 3, 1, 1, 2, NULL, '03', 'B001', '102', '0.00', '4.00', '0.00', '0.00', '0.00', 1, '0.00', '0.00', '4.00', '50.00', '46.00', '2022-04-10 16:05:40', NULL, '', NULL, '', '0', 1, '2022-04-30 15:10:23', NULL, NULL, NULL, NULL, 0, 1, NULL),
(107, 1, 1, 3, 24, 3, 3, 1, 1, 2, NULL, '03', 'B001', '103', '0.00', '10.00', '0.00', '0.00', '0.00', 1, '0.00', '0.00', '10.00', '20.00', '10.00', '2022-04-10 16:07:12', NULL, '', NULL, '', '0', 1, '2022-04-30 15:10:23', NULL, NULL, NULL, NULL, 0, 1, NULL),
(108, 1, 1, 3, 16, 3, 3, 1, 1, 2, NULL, '03', 'B001', '104', '0.00', '39.00', '0.00', '0.00', '0.00', 1, '0.00', '0.00', '39.00', '0.00', '0.00', '2022-04-10 16:27:00', NULL, '', NULL, '', '0', 1, '2022-04-30 15:10:23', NULL, NULL, NULL, NULL, 0, 1, NULL),
(109, 1, 1, 3, 6, 3, 3, 1, 1, 2, NULL, '03', 'B001', '105', '0.00', '199.00', '0.00', '0.00', '0.00', 1, '0.00', '0.00', '199.00', '0.00', '0.00', '2022-04-10 16:39:08', NULL, '', NULL, '', '0', 1, '2022-04-30 15:10:23', NULL, NULL, NULL, NULL, 0, 1, NULL),
(110, 1, 1, 3, 23, 3, 3, 1, 1, 2, NULL, '03', 'B001', '106', '0.00', '61.00', '0.00', '0.00', '0.00', 1, '0.00', '0.00', '61.00', '0.00', '0.00', '2022-04-10 16:49:50', NULL, '', NULL, '', '0', 1, '2022-04-30 15:10:23', NULL, NULL, NULL, NULL, 0, 1, NULL),
(111, 1, 1, 3, 20, 3, 3, 1, 1, 2, NULL, '03', 'B001', '107', '0.00', '36.00', '0.00', '0.00', '0.00', 1, '0.00', '0.00', '36.00', '0.00', '0.00', '2022-04-10 16:52:21', NULL, '', NULL, '', '0', 1, '2022-04-30 15:10:23', NULL, NULL, NULL, NULL, 0, 1, NULL),
(112, 1, 1, 3, 17, 3, 3, 1, 1, 2, NULL, '03', 'B001', '108', '0.00', '84.00', '0.00', '0.00', '0.00', 1, '0.00', '0.00', '84.00', '0.00', '0.00', '2022-04-10 16:57:31', NULL, '', NULL, '', '0', 1, '2022-04-30 15:10:23', NULL, NULL, NULL, NULL, 0, 1, NULL),
(113, 1, 1, 3, 22, 3, 3, 1, 1, 2, NULL, '03', 'B001', '109', '0.00', '43.00', '0.00', '0.00', '0.00', 1, '0.00', '0.00', '43.00', '0.00', '0.00', '2022-04-10 16:59:06', NULL, '', NULL, '', '0', 1, '2022-04-30 15:10:23', NULL, NULL, NULL, NULL, 0, 1, NULL),
(114, 1, 1, 3, 20, 3, 3, 1, 1, 2, NULL, '03', 'B001', '110', '0.00', '9.00', '0.00', '0.00', '0.00', 1, '0.00', '0.00', '9.00', '10.00', '1.00', '2022-04-10 17:36:49', NULL, '', NULL, '', '0', 1, '2022-04-30 15:10:23', NULL, NULL, NULL, NULL, 0, 1, NULL),
(115, 1, 1, 3, 17, 3, 3, 1, 1, 2, NULL, '03', 'B001', '111', '0.00', '10.00', '0.00', '0.00', '0.00', 1, '0.00', '0.00', '10.00', '0.00', '0.00', '2022-04-10 17:43:31', NULL, '', NULL, '', '0', 1, '2022-04-30 15:10:23', NULL, NULL, NULL, NULL, 0, 1, NULL),
(116, 1, 1, 3, 8, 3, 1, 1, 1, 2, NULL, '03', 'B001', '112', '0.00', '48.00', '0.00', '0.00', '0.00', 1, '0.00', '0.00', '48.00', '0.00', '0.00', '2022-04-10 18:02:33', NULL, '', NULL, '', '0', 1, '2022-04-30 15:10:23', NULL, NULL, NULL, NULL, 0, 1, NULL),
(117, 1, 1, 3, 22, 3, 3, 1, 1, 2, NULL, '03', 'B001', '113', '0.00', '76.00', '0.00', '0.00', '0.00', 1, '0.00', '0.00', '76.00', '0.00', '0.00', '2022-04-10 18:16:06', NULL, '', NULL, '', '0', 1, '2022-04-30 15:10:23', NULL, NULL, NULL, NULL, 0, 1, NULL),
(118, 1, 1, 3, 18, 3, 1, 1, 1, 2, NULL, '03', 'B001', '114', '0.00', '63.00', '0.00', '0.00', '0.00', 1, '0.00', '0.00', '63.00', '0.00', '0.00', '2022-04-10 18:30:26', NULL, '', NULL, '', '0', 1, '2022-04-30 15:10:23', NULL, NULL, NULL, NULL, 0, 1, NULL),
(119, 1, 1, 3, 18, 3, 3, 1, 1, 2, NULL, '03', 'B001', '115', '0.00', '5.00', '0.00', '0.00', '0.00', 1, '0.00', '0.00', '5.00', '0.00', '0.00', '2022-04-10 18:31:16', NULL, '', NULL, '', '0', 1, '2022-04-30 15:10:23', NULL, NULL, NULL, NULL, 0, 1, NULL),
(120, 1, 1, 3, 18, 3, 3, 1, 1, 2, NULL, '03', 'B001', '116', '0.00', '30.00', '0.00', '0.00', '0.00', 1, '0.00', '0.00', '30.00', '50.00', '20.00', '2022-04-10 18:32:20', NULL, '', NULL, '', '0', 1, '2022-04-30 15:10:23', NULL, NULL, NULL, NULL, 0, 1, NULL),
(121, 1, 1, 3, 18, 3, 1, 1, 1, 2, NULL, '03', 'B001', '117', '0.00', '20.00', '0.00', '0.00', '0.00', 1, '0.00', '0.00', '20.00', '0.00', '0.00', '2022-04-10 18:33:14', NULL, '', NULL, '', '0', 1, '2022-04-30 15:10:23', NULL, NULL, NULL, NULL, 0, 1, NULL),
(122, 1, 1, 3, 18, 3, 3, 1, 1, 2, NULL, '03', 'B001', '118', '0.00', '38.00', '0.00', '0.00', '0.00', 1, '0.00', '0.00', '38.00', '50.00', '12.00', '2022-04-10 18:35:19', NULL, '', NULL, '', '0', 1, '2022-04-30 15:10:23', NULL, NULL, NULL, NULL, 0, 1, NULL),
(123, 1, 1, 3, 18, 3, 1, 1, 1, 2, NULL, '03', 'B001', '119', '0.00', '160.00', '0.00', '0.00', '0.00', 1, '0.00', '0.00', '160.00', '0.00', '0.00', '2022-04-10 18:36:49', NULL, '', NULL, '', '0', 1, '2022-04-30 15:10:23', NULL, NULL, NULL, NULL, 0, 1, NULL),
(124, 1, 1, 3, 22, 3, 3, 1, 1, 2, NULL, '03', 'B001', '120', '0.00', '2.00', '0.00', '0.00', '0.00', 1, '0.00', '0.00', '2.00', '0.00', '0.00', '2022-04-10 18:46:06', NULL, '', NULL, '', '0', 1, '2022-04-30 15:10:23', NULL, NULL, NULL, NULL, 0, 1, NULL),
(125, 1, 1, 3, 17, 3, 3, 1, 1, 2, NULL, '03', 'B001', '121', '0.00', '30.00', '0.00', '0.00', '0.00', 1, '0.00', '0.00', '30.00', '0.00', '0.00', '2022-04-10 18:47:36', NULL, '', NULL, '', '0', 1, '2022-04-30 15:10:23', NULL, NULL, NULL, NULL, 0, 1, NULL),
(126, 1, 1, 3, 7, 3, 3, 1, 1, 2, NULL, '03', 'B001', '122', '0.00', '22.00', '0.00', '0.00', '0.00', 1, '0.00', '0.00', '22.00', '0.00', '0.00', '2022-04-10 19:01:54', NULL, '', NULL, '', '0', 1, '2022-04-30 15:10:23', NULL, NULL, NULL, NULL, 0, 1, NULL),
(127, 1, 1, 3, 6, 3, 3, 1, 1, 2, NULL, '03', 'B001', '123', '0.00', '4.00', '0.00', '0.00', '0.00', 1, '0.00', '0.00', '4.00', '0.00', '0.00', '2022-04-10 19:02:24', NULL, '', NULL, '', '0', 1, '2022-04-30 15:10:23', NULL, NULL, NULL, NULL, 0, 1, NULL),
(128, 1, 1, 3, 19, 3, 3, 1, 1, 2, NULL, '03', 'B001', '124', '0.00', '280.00', '0.00', '0.00', '0.00', 1, '0.00', '0.00', '280.00', '0.00', '0.00', '2022-04-10 19:32:24', NULL, '', NULL, '', '0', 1, '2022-04-30 15:10:23', NULL, NULL, NULL, NULL, 0, 1, NULL),
(129, 1, 1, 3, 6, 3, 3, 1, 1, 2, NULL, '03', 'B001', '125', '0.00', '32.00', '0.00', '0.00', '0.00', 1, '0.00', '0.00', '32.00', '0.00', '0.00', '2022-04-10 20:43:44', NULL, '', NULL, '', '0', 1, '2022-04-30 15:10:23', NULL, NULL, NULL, NULL, 0, 1, NULL),
(130, 1, 1, 3, 21, 3, 3, 1, 1, 2, NULL, '03', 'B001', '126', '0.00', '156.00', '0.00', '0.00', '0.00', 1, '0.00', '0.00', '156.00', '0.00', '0.00', '2022-04-10 21:29:11', NULL, '', NULL, '', '0', 1, '2022-04-30 15:10:23', NULL, NULL, NULL, NULL, 0, 1, NULL),
(131, 1, 1, 3, 6, 3, 3, 1, 1, 2, NULL, '03', 'B001', '127', '0.00', '4.00', '0.00', '0.00', '0.00', 1, '0.00', '0.00', '4.00', '0.00', '0.00', '2022-04-10 21:31:26', NULL, '', NULL, '', '0', 1, '2022-04-30 15:10:23', NULL, NULL, NULL, NULL, 0, 1, NULL),
(132, 1, 1, 3, 6, 3, 3, 1, 1, 2, NULL, '03', 'B001', '128', '0.00', '40.00', '0.00', '0.00', '0.00', 1, '0.00', '0.00', '40.00', '0.00', '0.00', '2022-04-12 12:25:11', NULL, '', NULL, '', '0', 1, '2022-04-30 15:11:15', NULL, NULL, NULL, NULL, 0, 1, NULL),
(133, 1, 1, 3, 7, 3, 3, 1, 1, 2, NULL, '03', 'B001', '129', '0.00', '42.00', '0.00', '0.00', '0.00', 1, '0.00', '0.00', '42.00', '0.00', '0.00', '2022-04-12 12:38:23', NULL, '', NULL, '', '0', 1, '2022-04-30 15:11:15', NULL, NULL, NULL, NULL, 0, 1, NULL),
(134, 1, 1, 3, 8, 3, 3, 1, 1, 2, NULL, '03', 'B001', '130', '0.00', '84.00', '0.00', '0.00', '0.00', 1, '0.00', '0.00', '84.00', '0.00', '0.00', '2022-04-12 14:25:10', NULL, '', NULL, '', '0', 1, '2022-04-30 15:11:15', NULL, NULL, NULL, NULL, 0, 1, NULL),
(135, 1, 1, 3, 20, 3, 3, 1, 1, 2, NULL, '03', 'B001', '131', '0.00', '104.00', '0.00', '0.00', '0.00', 1, '0.00', '0.00', '104.00', '0.00', '0.00', '2022-04-12 16:28:04', NULL, '', NULL, '', '0', 1, '2022-04-30 15:11:15', NULL, NULL, NULL, NULL, 0, 1, NULL),
(136, 1, 1, 3, 6, 3, 3, 1, 1, 2, NULL, '03', 'B001', '132', '0.00', '325.00', '0.00', '0.00', '0.00', 1, '0.00', '0.00', '325.00', '350.00', '25.00', '2022-04-12 16:42:24', NULL, '', NULL, '', '0', 1, '2022-04-30 15:11:15', NULL, NULL, NULL, NULL, 0, 1, NULL),
(137, 1, 1, 3, 6, 3, 3, 1, 1, 2, NULL, '03', 'B001', '133', '0.00', '22.00', '0.00', '0.00', '0.00', 1, '0.00', '0.00', '22.00', '0.00', '0.00', '2022-04-12 17:18:05', NULL, '', NULL, '', '0', 1, '2022-04-30 15:11:15', NULL, NULL, NULL, NULL, 0, 1, NULL),
(138, 1, 1, 3, 7, 4, 3, 1, 1, 1, NULL, '01', 'F001', '5', '0.00', '27.00', '0.00', '0.00', '0.00', 1, '0.00', '0.00', '27.00', '24.00', '-3.00', '2022-04-12 19:08:14', NULL, '', NULL, '', '0', 1, '2022-04-13 12:44:33', 'libs/ApiFacturacion/xml/20606798939-01-F001-5.XML', 'libs/ApiFacturacion/cdr/R-20606798939-01-F001-5.XML', 'La Factura numero F001-5, ha sido aceptada', NULL, 0, 1, NULL),
(139, 1, 1, 3, 6, 3, 3, 1, 1, 2, NULL, '03', 'B001', '134', '0.00', '40.00', '0.00', '0.00', '0.00', 1, '0.00', '0.00', '40.00', '0.00', '0.00', '2022-04-12 21:33:20', NULL, '', NULL, '', '0', 1, '2022-04-30 15:11:15', NULL, NULL, NULL, NULL, 0, 1, NULL),
(140, 1, 1, 3, 8, 3, 3, 1, 1, 2, NULL, '03', 'B001', '135', '0.00', '2.00', '0.00', '0.00', '0.00', 1, '0.00', '0.00', '2.00', '10.00', '8.00', '2022-04-12 22:00:21', NULL, '', NULL, '', '0', 1, '2022-04-30 15:11:15', NULL, NULL, NULL, NULL, 0, 1, NULL),
(141, 1, 1, 3, 7, 3, 3, 1, 1, 2, NULL, '03', 'B001', '136', '0.00', '87.00', '0.00', '0.00', '0.00', 1, '0.00', '0.00', '87.00', '0.00', '0.00', '2022-04-12 22:20:14', NULL, '', NULL, '', '0', 1, '2022-04-30 15:11:15', NULL, NULL, NULL, NULL, 0, 1, NULL),
(142, 1, 1, 3, 6, 3, 3, 1, 1, 2, NULL, '03', 'B001', '137', '0.00', '21.00', '0.00', '0.00', '0.00', 1, '0.00', '0.00', '21.00', '0.00', '0.00', '2022-04-12 22:44:47', NULL, '', NULL, '', '0', 1, '2022-04-30 15:11:15', NULL, NULL, NULL, NULL, 0, 1, NULL),
(143, 1, 1, 3, 6, 3, 3, 1, 1, 2, NULL, '03', 'B001', '138', '0.00', '78.00', '0.00', '0.00', '0.00', 1, '0.00', '0.00', '78.00', '0.00', '0.00', '2022-04-13 12:19:35', NULL, '', NULL, '', '0', 1, '2022-04-30 15:11:33', NULL, NULL, NULL, NULL, 0, 1, NULL),
(144, 1, 1, 3, 6, 3, 3, 1, 1, 2, NULL, '03', 'B001', '139', '0.00', '20.00', '0.00', '0.00', '0.00', 1, '0.00', '0.00', '20.00', '100.00', '80.00', '2022-04-13 12:26:54', NULL, '', NULL, '', '0', 1, '2022-04-30 15:11:33', NULL, NULL, NULL, NULL, 0, 1, NULL),
(145, 1, 1, 3, 6, 3, 3, 1, 1, 2, NULL, '03', 'B001', '140', '0.00', '35.00', '0.00', '0.00', '0.00', 1, '0.00', '0.00', '35.00', '0.00', '0.00', '2022-04-13 13:09:07', NULL, '', NULL, '', '0', 1, '2022-04-30 15:11:33', NULL, NULL, NULL, NULL, 0, 1, NULL),
(146, 1, 1, 3, 6, 3, 3, 1, 1, 2, NULL, '03', 'B001', '141', '0.00', '4.00', '0.00', '0.00', '0.00', 1, '0.00', '0.00', '4.00', '0.00', '0.00', '2022-04-13 14:02:10', NULL, '', NULL, '', '0', 1, '2022-04-30 15:11:33', NULL, NULL, NULL, NULL, 0, 1, NULL),
(147, 1, 1, 3, 6, 3, 3, 1, 1, 2, NULL, '03', 'B001', '142', '0.00', '8.00', '0.00', '0.00', '0.00', 1, '0.00', '0.00', '8.00', '0.00', '0.00', '2022-04-13 14:04:35', NULL, '', NULL, '', '0', 1, '2022-04-30 15:11:33', NULL, NULL, NULL, NULL, 0, 1, NULL),
(148, 1, 1, 3, 6, 3, 3, 1, 1, 2, NULL, '03', 'B001', '143', '0.00', '4.00', '0.00', '0.00', '0.00', 1, '0.00', '0.00', '4.00', '0.00', '0.00', '2022-04-13 20:35:35', NULL, '', NULL, '', '0', 1, '2022-04-30 15:11:33', NULL, NULL, NULL, NULL, 0, 1, NULL),
(149, 1, 1, 3, 8, 3, 3, 1, 1, 2, NULL, '03', 'B001', '144', '0.00', '46.00', '0.00', '0.00', '0.00', 1, '0.00', '0.00', '46.00', '50.00', '4.00', '2022-04-13 21:54:28', NULL, '', NULL, '', '0', 1, '2022-04-30 15:11:33', NULL, NULL, NULL, NULL, 0, 1, NULL),
(150, 1, 1, 3, 8, 3, 3, 1, 1, 2, NULL, '03', 'B001', '145', '0.00', '50.00', '0.00', '0.00', '0.00', 1, '0.00', '0.00', '50.00', '0.00', '0.00', '2022-04-13 21:57:17', NULL, '', NULL, '', '0', 1, '2022-04-30 15:11:33', NULL, NULL, NULL, NULL, 0, 1, NULL),
(151, 1, 1, 3, 7, 3, 1, 1, 1, 2, NULL, '03', 'B001', '146', '0.00', '54.00', '0.00', '0.00', '0.00', 1, '0.00', '0.00', '54.00', '0.00', '0.00', '2022-04-13 22:08:09', NULL, '', NULL, '', '0', 1, '2022-04-30 15:11:33', NULL, NULL, NULL, NULL, 0, 1, NULL),
(152, 1, 1, 3, 8, 3, 3, 1, 1, 2, NULL, '03', 'B001', '147', '0.00', '4.00', '0.00', '0.00', '0.00', 1, '0.00', '0.00', '4.00', '0.00', '0.00', '2022-04-13 22:24:11', NULL, '', NULL, '', '0', 1, '2022-04-30 15:11:33', NULL, NULL, NULL, NULL, 0, 1, NULL),
(153, 1, 1, 3, 6, 3, 3, 1, 1, 2, NULL, '03', 'B001', '148', '0.00', '40.00', '0.00', '0.00', '0.00', 1, '0.00', '0.00', '40.00', '0.00', '0.00', '2022-04-13 22:57:47', NULL, '', NULL, '', '0', 1, '2022-04-30 15:11:33', NULL, NULL, NULL, NULL, 0, 1, NULL),
(154, 1, 1, 3, 7, 3, 3, 1, 1, 2, NULL, '03', 'B001', '149', '0.00', '30.00', '0.00', '0.00', '0.00', 1, '0.00', '0.00', '30.00', '0.00', '0.00', '2022-04-13 23:30:29', NULL, '', NULL, '', '0', 1, '2022-04-30 15:11:33', NULL, NULL, NULL, NULL, 0, 1, NULL),
(155, 1, 1, 3, 7, 3, 1, 1, 1, 2, NULL, '03', 'B001', '150', '0.00', '79.00', '0.00', '0.00', '0.00', 1, '0.00', '0.00', '79.00', '0.00', '0.00', '2022-04-14 14:14:12', NULL, '', NULL, '', '0', 1, '2022-04-30 15:11:46', NULL, NULL, NULL, NULL, 0, 1, NULL),
(156, 1, 1, 3, 6, 9, 1, 1, 1, 2, NULL, '03', 'B001', '151', '0.00', '84.00', '0.00', '0.00', '0.00', 1, '0.00', '0.00', '84.00', '0.00', '0.00', '2022-04-14 14:28:57', NULL, '', NULL, '', '0', 1, '2022-04-30 15:11:46', NULL, NULL, NULL, NULL, 0, 1, NULL),
(157, 1, 1, 3, 6, 3, 3, 1, 1, 2, NULL, '03', 'B001', '152', '0.00', '80.00', '0.00', '0.00', '0.00', 1, '0.00', '0.00', '80.00', '100.00', '20.00', '2022-04-14 14:36:27', NULL, '', NULL, '', '0', 1, '2022-04-30 15:11:46', NULL, NULL, NULL, NULL, 0, 1, NULL),
(158, 1, 1, 3, 8, 3, 1, 1, 1, 2, NULL, '03', 'B001', '153', '0.00', '67.00', '0.00', '0.00', '0.00', 1, '0.00', '0.00', '67.00', '0.00', '0.00', '2022-04-14 14:57:27', NULL, '', NULL, '', '0', 1, '2022-04-30 15:11:46', NULL, NULL, NULL, NULL, 0, 1, NULL),
(159, 1, 1, 3, 6, 3, 3, 1, 1, 2, NULL, '03', 'B001', '154', '0.00', '24.00', '0.00', '0.00', '0.00', 1, '0.00', '0.00', '24.00', '50.00', '26.00', '2022-04-14 15:11:08', NULL, '', NULL, '', '0', 1, '2022-04-30 15:11:46', NULL, NULL, NULL, NULL, 0, 1, NULL),
(160, 1, 1, 3, 8, 3, 3, 1, 1, 2, NULL, '03', 'B001', '155', '0.00', '47.00', '0.00', '0.00', '0.00', 1, '0.00', '0.00', '47.00', '0.00', '0.00', '2022-04-14 15:42:32', NULL, '', NULL, '', '0', 1, '2022-04-30 15:11:46', NULL, NULL, NULL, NULL, 0, 1, NULL),
(161, 1, 1, 3, 7, 3, 3, 1, 1, 2, NULL, '03', 'B001', '156', '0.00', '24.00', '0.00', '0.00', '0.00', 1, '0.00', '0.00', '24.00', '0.00', '0.00', '2022-04-14 15:49:24', NULL, '', NULL, '', '0', 1, '2022-04-30 15:11:46', NULL, NULL, NULL, NULL, 0, 1, NULL),
(162, 1, 1, 3, 6, 3, 1, 1, 1, 2, NULL, '03', 'B001', '157', '0.00', '71.00', '0.00', '0.00', '0.00', 1, '0.00', '0.00', '71.00', '0.00', '0.00', '2022-04-14 16:28:26', NULL, '', NULL, '', '0', 1, '2022-04-30 15:11:46', NULL, NULL, NULL, NULL, 0, 1, NULL),
(163, 1, 1, 3, 8, 3, 3, 1, 1, 2, NULL, '03', 'B001', '158', '0.00', '63.00', '0.00', '0.00', '0.00', 1, '0.00', '0.00', '63.00', '0.00', '0.00', '2022-04-14 16:45:53', NULL, '', NULL, '', '0', 1, '2022-04-30 15:11:46', NULL, NULL, NULL, NULL, 0, 1, NULL),
(164, 1, 1, 3, 7, 3, 3, 1, 1, 2, NULL, '03', 'B001', '159', '0.00', '14.00', '0.00', '0.00', '0.00', 1, '0.00', '0.00', '14.00', '0.00', '0.00', '2022-04-14 16:54:41', NULL, '', NULL, '', '0', 1, '2022-04-30 15:11:46', NULL, NULL, NULL, NULL, 0, 1, NULL),
(165, 1, 1, 3, 7, 3, 3, 1, 1, 2, NULL, '03', 'B001', '160', '0.00', '32.00', '0.00', '0.00', '0.00', 1, '0.00', '0.00', '32.00', '0.00', '0.00', '2022-04-14 18:48:47', NULL, '', NULL, '', '0', 1, '2022-04-30 15:11:46', NULL, NULL, NULL, NULL, 0, 1, NULL),
(166, 1, 1, 3, 6, 3, 3, 1, 1, 2, NULL, '03', 'B001', '161', '0.00', '148.00', '0.00', '0.00', '0.00', 1, '0.00', '0.00', '148.00', '200.00', '52.00', '2022-04-14 18:49:55', NULL, '', NULL, '', '0', 1, '2022-04-30 15:11:46', NULL, NULL, NULL, NULL, 0, 1, NULL),
(167, 1, 1, 3, 6, 3, 3, 1, 1, 2, NULL, '03', 'B001', '162', '0.00', '13.00', '0.00', '0.00', '0.00', 1, '0.00', '0.00', '13.00', '20.00', '7.00', '2022-04-14 19:54:07', NULL, '', NULL, '', '0', 1, '2022-04-30 15:11:46', NULL, NULL, NULL, NULL, 0, 1, NULL),
(168, 1, 1, 3, 7, 3, 3, 1, 1, 2, NULL, '03', 'B001', '163', '0.00', '26.00', '0.00', '0.00', '0.00', 1, '0.00', '0.00', '26.00', '0.00', '0.00', '2022-04-14 21:19:00', NULL, '', NULL, '', '0', 1, '2022-04-30 15:11:46', NULL, NULL, NULL, NULL, 0, 1, NULL),
(169, 1, 1, 3, 8, 3, 3, 1, 1, 2, NULL, '03', 'B001', '164', '0.00', '28.00', '0.00', '0.00', '0.00', 1, '0.00', '0.00', '28.00', '0.00', '0.00', '2022-04-14 21:37:18', NULL, '', NULL, '', '0', 1, '2022-04-30 15:11:47', NULL, NULL, NULL, NULL, 0, 1, NULL),
(170, 1, 1, 3, 7, 3, 3, 1, 1, 2, NULL, '03', 'B001', '165', '0.00', '23.00', '0.00', '0.00', '0.00', 1, '0.00', '0.00', '23.00', '0.00', '0.00', '2022-04-14 21:42:06', NULL, '', NULL, '', '0', 1, '2022-04-30 15:11:47', NULL, NULL, NULL, NULL, 0, 1, NULL),
(171, 1, 1, 3, 9, 3, 1, 1, 1, 2, NULL, '03', 'B001', '166', '0.00', '75.00', '0.00', '0.00', '0.00', 1, '0.00', '0.00', '75.00', '0.00', '0.00', '2022-04-14 23:03:31', NULL, '', NULL, '', '0', 1, '2022-04-30 15:11:47', NULL, NULL, NULL, NULL, 0, 1, NULL),
(172, 1, 1, 3, 6, 3, 3, 1, 1, 2, NULL, '03', 'B001', '167', '0.00', '27.00', '0.00', '0.00', '0.00', 1, '0.00', '0.00', '27.00', '0.00', '0.00', '2022-04-15 01:17:15', NULL, '', NULL, '', '0', 1, '2022-04-30 15:12:02', NULL, NULL, NULL, NULL, 0, 1, NULL),
(173, 1, 1, 3, 6, 3, 3, 1, 1, 2, NULL, '03', 'B001', '168', '0.00', '16.00', '0.00', '0.00', '0.00', 1, '0.00', '0.00', '16.00', '0.00', '0.00', '2022-04-15 12:05:35', NULL, '', NULL, '', '0', 1, '2022-04-30 15:12:02', NULL, NULL, NULL, NULL, 0, 1, NULL),
(174, 1, 1, 3, 6, 3, 3, 1, 1, 2, NULL, '03', 'B001', '169', '0.00', '38.00', '0.00', '0.00', '0.00', 1, '0.00', '0.00', '38.00', '0.00', '0.00', '2022-04-15 12:53:11', NULL, '', NULL, '', '0', 1, '2022-04-30 15:12:02', NULL, NULL, NULL, NULL, 0, 1, NULL),
(175, 1, 1, 3, 6, 3, 3, 1, 1, 2, NULL, '03', 'B001', '170', '0.00', '81.00', '0.00', '0.00', '0.00', 1, '0.00', '0.00', '81.00', '0.00', '0.00', '2022-04-15 13:26:58', NULL, '', NULL, '', '0', 1, '2022-04-30 15:12:02', NULL, NULL, NULL, NULL, 0, 1, NULL),
(176, 1, 1, 3, 6, 3, 3, 1, 1, 2, NULL, '03', 'B001', '171', '0.00', '29.00', '0.00', '0.00', '0.00', 1, '0.00', '0.00', '29.00', '0.00', '0.00', '2022-04-15 14:33:16', NULL, '', NULL, '', '0', 1, '2022-04-30 15:12:02', NULL, NULL, NULL, NULL, 0, 1, NULL),
(177, 1, 1, 3, 8, 3, 1, 1, 1, 2, NULL, '03', 'B001', '172', '0.00', '105.00', '0.00', '0.00', '0.00', 1, '0.00', '0.00', '105.00', '0.00', '0.00', '2022-04-15 14:50:30', NULL, '', NULL, '', '0', 1, '2022-04-30 15:12:02', NULL, NULL, NULL, NULL, 0, 1, NULL),
(178, 1, 1, 3, 6, 3, 3, 1, 1, 2, NULL, '03', 'B001', '173', '0.00', '4.00', '0.00', '0.00', '0.00', 1, '0.00', '0.00', '4.00', '0.00', '0.00', '2022-04-15 14:53:21', NULL, '', NULL, '', '0', 1, '2022-04-30 15:12:02', NULL, NULL, NULL, NULL, 0, 1, NULL),
(179, 1, 1, 3, 7, 3, 1, 1, 1, 2, NULL, '03', 'B001', '174', '0.00', '48.00', '0.00', '0.00', '0.00', 1, '0.00', '0.00', '48.00', '0.00', '0.00', '2022-04-15 15:02:02', NULL, '', NULL, '', '0', 1, '2022-04-30 15:12:02', NULL, NULL, NULL, NULL, 0, 1, NULL),
(180, 1, 1, 3, 6, 3, 1, 1, 1, 2, NULL, '03', 'B001', '175', '0.00', '84.00', '0.00', '0.00', '0.00', 1, '0.00', '0.00', '84.00', '0.00', '0.00', '2022-04-15 15:42:19', NULL, '', NULL, '', '0', 1, '2022-04-30 15:12:02', NULL, NULL, NULL, NULL, 0, 1, NULL),
(181, 1, 1, 3, 6, 3, 3, 1, 1, 2, NULL, '03', 'B001', '176', '0.00', '13.00', '0.00', '0.00', '0.00', 1, '0.00', '0.00', '13.00', '0.00', '0.00', '2022-04-15 16:05:15', NULL, '', NULL, '', '0', 1, '2022-04-30 15:12:02', NULL, NULL, NULL, NULL, 0, 1, NULL),
(182, 1, 1, 3, 6, 3, 3, 1, 1, 2, NULL, '03', 'B001', '177', '0.00', '13.00', '0.00', '0.00', '0.00', 1, '0.00', '0.00', '13.00', '50.00', '37.00', '2022-04-15 16:32:53', NULL, '', NULL, '', '0', 1, '2022-04-30 15:12:02', NULL, NULL, NULL, NULL, 0, 1, NULL),
(183, 1, 1, 3, 6, 3, 3, 1, 1, 2, NULL, '03', 'B001', '178', '0.00', '8.00', '0.00', '0.00', '0.00', 1, '0.00', '0.00', '8.00', '50.00', '42.00', '2022-04-15 17:22:33', NULL, '', NULL, '', '0', 1, '2022-04-30 15:12:02', NULL, NULL, NULL, NULL, 0, 1, NULL),
(184, 1, 1, 3, 7, 3, 3, 1, 1, 2, NULL, '03', 'B001', '179', '0.00', '51.00', '0.00', '0.00', '0.00', 1, '0.00', '0.00', '51.00', '0.00', '0.00', '2022-04-15 17:29:26', NULL, '', NULL, '', '0', 1, '2022-04-30 15:12:02', NULL, NULL, NULL, NULL, 0, 1, NULL),
(185, 1, 1, 3, 6, 3, 3, 1, 1, 2, NULL, '03', 'B001', '180', '0.00', '39.00', '0.00', '0.00', '0.00', 1, '0.00', '0.00', '39.00', '100.00', '61.00', '2022-04-16 14:15:52', NULL, '', NULL, '', '0', 1, '2022-04-30 15:12:17', NULL, NULL, NULL, NULL, 0, 1, NULL),
(186, 1, 1, 3, 22, 3, 3, 1, 1, 2, NULL, '03', 'B001', '181', '0.00', '4.00', '0.00', '0.00', '0.00', 1, '0.00', '0.00', '4.00', '5.00', '1.00', '2022-04-16 15:32:34', NULL, '', NULL, '', '0', 1, '2022-04-30 15:12:17', NULL, NULL, NULL, NULL, 0, 1, NULL),
(187, 1, 1, 3, 20, 3, 3, 1, 1, 2, NULL, '03', 'B001', '182', '0.00', '24.00', '0.00', '0.00', '0.00', 1, '0.00', '0.00', '24.00', '50.00', '26.00', '2022-04-16 15:37:59', NULL, '', NULL, '', '0', 1, '2022-04-30 15:12:17', NULL, NULL, NULL, NULL, 0, 1, NULL),
(188, 1, 1, 3, 18, 3, 3, 1, 1, 2, NULL, '03', 'B001', '183', '0.00', '34.00', '0.00', '0.00', '0.00', 1, '0.00', '0.00', '34.00', '100.00', '66.00', '2022-04-16 15:52:36', NULL, '', NULL, '', '0', 1, '2022-04-30 15:12:17', NULL, NULL, NULL, NULL, 0, 1, NULL),
(189, 1, 1, 3, 21, 3, 3, 1, 1, 2, NULL, '03', 'B001', '184', '0.00', '24.00', '0.00', '0.00', '0.00', 1, '0.00', '0.00', '24.00', '50.00', '26.00', '2022-04-16 16:40:19', NULL, '', NULL, '', '0', 1, '2022-04-30 15:12:17', NULL, NULL, NULL, NULL, 0, 1, NULL),
(190, 1, 1, 3, 6, 3, 1, 1, 1, 2, NULL, '03', 'B001', '185', '0.00', '39.00', '0.00', '0.00', '0.00', 1, '0.00', '0.00', '39.00', '0.00', '0.00', '2022-04-16 20:25:45', NULL, '', NULL, '', '0', 1, '2022-04-30 15:12:17', NULL, NULL, NULL, NULL, 0, 1, NULL),
(191, 1, 1, 3, 7, 3, 3, 1, 1, 2, NULL, '03', 'B001', '186', '0.00', '81.00', '0.00', '0.00', '0.00', 1, '0.00', '0.00', '81.00', '101.00', '20.00', '2022-04-16 21:23:17', NULL, '', NULL, '', '0', 1, '2022-04-30 15:12:17', NULL, NULL, NULL, NULL, 0, 1, NULL);
INSERT INTO `ventas` (`id_venta`, `id_caja_numero`, `id_empresa`, `id_usuario`, `id_mesa`, `id_cliente`, `id_tipo_pago`, `id_moneda`, `venta_condicion_resumen`, `venta_tipo_envio`, `venta_direccion`, `venta_tipo`, `venta_serie`, `venta_correlativo`, `venta_totalgratuita`, `venta_totalexonerada`, `venta_totalinafecta`, `venta_totalgravada`, `venta_totaligv`, `venta_incluye_igv`, `venta_totaldescuento`, `venta_icbper`, `venta_total`, `venta_pago_cliente`, `venta_vuelto`, `venta_fecha`, `venta_observacion`, `tipo_documento_modificar`, `serie_modificar`, `correlativo_modificar`, `venta_codigo_motivo_nota`, `venta_estado_sunat`, `venta_fecha_envio`, `venta_rutaXML`, `venta_rutaCDR`, `venta_respuesta_sunat`, `venta_fecha_de_baja`, `anulado_sunat`, `venta_cancelar`, `venta_seriecorrelativo_notaventa`) VALUES
(192, 1, 1, 3, 6, 3, 3, 1, 1, 2, NULL, '03', 'B001', '187', '0.00', '2.00', '0.00', '0.00', '0.00', 1, '0.00', '0.00', '2.00', '0.00', '0.00', '2022-04-16 21:25:18', NULL, '', NULL, '', '0', 1, '2022-04-30 15:12:17', NULL, NULL, NULL, NULL, 0, 1, NULL),
(193, 1, 1, 3, 6, 3, 3, 1, 1, 2, NULL, '03', 'B001', '188', '0.00', '12.00', '0.00', '0.00', '0.00', 1, '0.00', '0.00', '12.00', '0.00', '0.00', '2022-04-16 21:28:55', NULL, '', NULL, '', '0', 1, '2022-04-30 15:12:17', NULL, NULL, NULL, NULL, 0, 1, NULL),
(194, 1, 1, 3, 6, 3, 3, 1, 1, 2, NULL, '03', 'B001', '189', '0.00', '10.00', '0.00', '0.00', '0.00', 1, '0.00', '0.00', '10.00', '0.00', '0.00', '2022-04-16 21:43:14', NULL, '', NULL, '', '0', 1, '2022-04-30 15:12:17', NULL, NULL, NULL, NULL, 0, 1, NULL),
(195, 1, 1, 3, 20, 3, 3, 1, 1, 2, NULL, '03', 'B001', '190', '0.00', '20.00', '0.00', '0.00', '0.00', 1, '0.00', '0.00', '20.00', '200.00', '180.00', '2022-04-16 21:50:49', NULL, '', NULL, '', '0', 1, '2022-04-30 15:12:17', NULL, NULL, NULL, NULL, 0, 1, NULL),
(196, 1, 1, 3, 6, 3, 3, 1, 1, 2, NULL, '03', 'B001', '191', '0.00', '20.00', '0.00', '0.00', '0.00', 1, '0.00', '0.00', '20.00', '0.00', '0.00', '2022-04-16 21:57:34', NULL, '', NULL, '', '0', 1, '2022-04-30 15:12:18', NULL, NULL, NULL, NULL, 0, 1, NULL),
(197, 1, 1, 3, 9, 3, 3, 1, 1, 2, NULL, '03', 'B001', '192', '0.00', '276.00', '0.00', '0.00', '0.00', 1, '0.00', '0.00', '276.00', '300.00', '24.00', '2022-04-16 22:23:21', NULL, '', NULL, '', '0', 1, '2022-04-30 15:12:18', NULL, NULL, NULL, NULL, 0, 1, NULL),
(198, 1, 1, 3, 22, 3, 3, 1, 1, 2, NULL, '03', 'B001', '193', '0.00', '10.00', '0.00', '0.00', '0.00', 1, '0.00', '0.00', '10.00', '0.00', '0.00', '2022-04-16 22:32:07', NULL, '', NULL, '', '0', 1, '2022-04-30 15:12:18', NULL, NULL, NULL, NULL, 0, 1, NULL),
(199, 1, 1, 3, 22, 3, 3, 1, 1, 2, NULL, '03', 'B001', '194', '0.00', '10.00', '0.00', '0.00', '0.00', 1, '0.00', '0.00', '10.00', '0.00', '0.00', '2022-04-16 22:43:00', NULL, '', NULL, '', '0', 1, '2022-04-30 15:12:18', NULL, NULL, NULL, NULL, 0, 1, NULL),
(200, 1, 1, 3, 22, 3, 3, 1, 1, 2, NULL, '03', 'B001', '195', '0.00', '2.00', '0.00', '0.00', '0.00', 1, '0.00', '0.00', '2.00', '0.00', '0.00', '2022-04-16 22:55:34', NULL, '', NULL, '', '0', 1, '2022-04-30 15:12:18', NULL, NULL, NULL, NULL, 0, 1, NULL),
(201, 1, 1, 3, 22, 3, 3, 1, 1, 2, NULL, '03', 'B001', '196', '0.00', '8.00', '0.00', '0.00', '0.00', 1, '0.00', '0.00', '8.00', '50.00', '42.00', '2022-04-16 22:59:11', NULL, '', NULL, '', '0', 1, '2022-04-30 15:12:18', NULL, NULL, NULL, NULL, 0, 1, NULL),
(202, 1, 1, 3, 6, 3, 1, 1, 1, 2, NULL, '03', 'B001', '197', '0.00', '34.00', '0.00', '0.00', '0.00', 1, '0.00', '0.00', '34.00', '0.00', '0.00', '2022-04-16 23:02:44', NULL, '', NULL, '', '0', 1, '2022-04-30 15:12:18', NULL, NULL, NULL, NULL, 0, 1, NULL),
(203, 1, 1, 3, 9, 3, 3, 1, 1, 2, NULL, '03', 'B001', '198', '0.00', '20.00', '0.00', '0.00', '0.00', 1, '0.00', '0.00', '20.00', '0.00', '0.00', '2022-04-16 23:07:03', NULL, '', NULL, '', '0', 1, '2022-04-30 15:12:18', NULL, NULL, NULL, NULL, 0, 1, NULL),
(204, 1, 1, 3, 22, 3, 3, 1, 1, 2, NULL, '03', 'B001', '199', '0.00', '6.00', '0.00', '0.00', '0.00', 1, '0.00', '0.00', '6.00', '0.00', '0.00', '2022-04-16 23:12:17', NULL, '', NULL, '', '0', 1, '2022-04-30 15:12:18', NULL, NULL, NULL, NULL, 0, 1, NULL),
(205, 1, 1, 3, 8, 3, 3, 1, 1, 2, NULL, '03', 'B001', '200', '0.00', '62.00', '0.00', '0.00', '0.00', 1, '0.00', '0.00', '62.00', '0.00', '0.00', '2022-04-16 23:22:22', NULL, '', NULL, '', '0', 1, '2022-04-30 15:12:18', NULL, NULL, NULL, NULL, 0, 1, NULL),
(206, 1, 1, 3, 16, 3, 3, 1, 1, 2, NULL, '03', 'B001', '201', '0.00', '51.00', '0.00', '0.00', '0.00', 1, '0.00', '0.00', '51.00', '0.00', '0.00', '2022-04-16 23:23:51', NULL, '', NULL, '', '0', 1, '2022-04-30 15:12:18', NULL, NULL, NULL, NULL, 0, 1, NULL),
(207, 1, 1, 3, 20, 3, 3, 1, 1, 2, NULL, '03', 'B001', '202', '0.00', '30.00', '0.00', '0.00', '0.00', 1, '0.00', '0.00', '30.00', '0.00', '0.00', '2022-04-16 23:29:47', NULL, '', NULL, '', '0', 1, '2022-04-30 15:12:18', NULL, NULL, NULL, NULL, 0, 1, NULL),
(208, 1, 1, 3, 16, 3, 3, 1, 1, 2, NULL, '03', 'B001', '203', '0.00', '14.00', '0.00', '0.00', '0.00', 1, '0.00', '0.00', '14.00', '20.00', '6.00', '2022-04-16 23:31:26', NULL, '', NULL, '', '0', 1, '2022-04-30 15:12:18', NULL, NULL, NULL, NULL, 0, 1, NULL),
(209, 1, 1, 3, 18, 3, 3, 1, 1, 2, NULL, '03', 'B001', '204', '0.00', '37.00', '0.00', '0.00', '0.00', 1, '0.00', '0.00', '37.00', '100.00', '63.00', '2022-04-16 23:34:44', NULL, '', NULL, '', '0', 1, '2022-04-30 15:12:18', NULL, NULL, NULL, NULL, 0, 1, NULL),
(210, 1, 1, 3, 20, 3, 3, 1, 1, 2, NULL, '03', 'B001', '205', '0.00', '2.00', '0.00', '0.00', '0.00', 1, '0.00', '0.00', '2.00', '0.00', '0.00', '2022-04-16 23:43:05', NULL, '', NULL, '', '0', 1, '2022-04-30 15:12:18', NULL, NULL, NULL, NULL, 0, 1, NULL),
(211, 1, 1, 3, 19, 3, 3, 1, 1, 2, NULL, '03', 'B001', '206', '0.00', '2.00', '0.00', '0.00', '0.00', 1, '0.00', '0.00', '2.00', '0.00', '0.00', '2022-04-17 00:05:15', NULL, '', NULL, '', '0', 1, '2022-04-30 15:13:02', NULL, NULL, NULL, NULL, 0, 1, NULL),
(212, 1, 1, 3, 17, 3, 3, 1, 1, 2, NULL, '03', 'B001', '207', '0.00', '82.00', '0.00', '0.00', '0.00', 1, '0.00', '0.00', '82.00', '0.00', '0.00', '2022-04-17 00:08:51', NULL, '', NULL, '', '0', 1, '2022-04-30 15:13:02', NULL, NULL, NULL, NULL, 0, 1, NULL),
(213, 1, 1, 3, 22, 3, 3, 1, 1, 2, NULL, '03', 'B001', '208', '0.00', '70.00', '0.00', '0.00', '0.00', 1, '0.00', '0.00', '70.00', '0.00', '0.00', '2022-04-17 00:09:08', NULL, '', NULL, '', '0', 1, '2022-04-30 15:13:02', NULL, NULL, NULL, NULL, 0, 1, NULL),
(214, 1, 1, 3, 19, 3, 3, 1, 1, 2, NULL, '03', 'B001', '209', '0.00', '16.00', '0.00', '0.00', '0.00', 1, '0.00', '0.00', '16.00', '0.00', '0.00', '2022-04-17 00:09:27', NULL, '', NULL, '', '0', 1, '2022-04-30 15:13:02', NULL, NULL, NULL, NULL, 0, 1, NULL),
(215, 1, 1, 3, 21, 3, 1, 1, 1, 2, NULL, '03', 'B001', '210', '0.00', '108.00', '0.00', '0.00', '0.00', 1, '0.00', '0.00', '108.00', '0.00', '0.00', '2022-04-17 00:10:29', NULL, '', NULL, '', '0', 1, '2022-04-30 15:13:02', NULL, NULL, NULL, NULL, 0, 1, NULL),
(216, 1, 1, 3, 6, 3, 1, 1, 1, 2, NULL, '03', 'B001', '211', '0.00', '20.00', '0.00', '0.00', '0.00', 1, '0.00', '0.00', '20.00', '0.00', '0.00', '2022-04-17 00:12:55', NULL, '', NULL, '', '0', 1, '2022-04-30 15:13:02', NULL, NULL, NULL, NULL, 0, 1, NULL),
(217, 1, 1, 3, 19, 3, 3, 1, 1, 2, NULL, '03', 'B001', '212', '0.00', '2.00', '0.00', '0.00', '0.00', 1, '0.00', '0.00', '2.00', '0.00', '0.00', '2022-04-17 00:22:34', NULL, '', NULL, '', '0', 1, '2022-04-30 15:13:03', NULL, NULL, NULL, NULL, 0, 1, NULL),
(218, 1, 1, 3, 7, 3, 3, 1, 1, 2, NULL, '03', 'B001', '213', '0.00', '54.00', '0.00', '0.00', '0.00', 1, '0.00', '0.00', '54.00', '100.00', '46.00', '2022-04-17 00:24:27', NULL, '', NULL, '', '0', 1, '2022-04-30 15:13:03', NULL, NULL, NULL, NULL, 0, 1, NULL),
(219, 1, 1, 3, 9, 3, 3, 1, 1, 2, NULL, '03', 'B001', '214', '0.00', '8.00', '0.00', '0.00', '0.00', 1, '0.00', '0.00', '8.00', '0.00', '0.00', '2022-04-17 00:30:44', NULL, '', NULL, '', '0', 1, '2022-04-30 15:13:03', NULL, NULL, NULL, NULL, 0, 1, NULL),
(220, 1, 1, 3, 9, 3, 3, 1, 1, 2, NULL, '03', 'B001', '215', '0.00', '2.00', '0.00', '0.00', '0.00', 1, '0.00', '0.00', '2.00', '0.00', '0.00', '2022-04-17 00:31:18', NULL, '', NULL, '', '0', 1, '2022-04-30 15:13:03', NULL, NULL, NULL, NULL, 0, 1, NULL),
(221, 1, 1, 3, 8, 3, 3, 1, 1, 2, NULL, '03', 'B001', '216', '0.00', '24.00', '0.00', '0.00', '0.00', 1, '0.00', '0.00', '24.00', '0.00', '0.00', '2022-04-17 00:31:59', NULL, '', NULL, '', '0', 1, '2022-04-30 15:13:03', NULL, NULL, NULL, NULL, 0, 1, NULL),
(222, 1, 1, 3, 6, 3, 3, 1, 1, 2, NULL, '03', 'B001', '217', '0.00', '10.00', '0.00', '0.00', '0.00', 1, '0.00', '0.00', '10.00', '0.00', '0.00', '2022-04-17 00:45:52', NULL, '', NULL, '', '0', 1, '2022-04-30 15:13:03', NULL, NULL, NULL, NULL, 0, 1, NULL),
(223, 1, 1, 3, 6, 3, 3, 1, 1, 2, NULL, '03', 'B001', '218', '0.00', '32.00', '0.00', '0.00', '0.00', 1, '0.00', '0.00', '32.00', '0.00', '0.00', '2022-04-17 12:21:51', NULL, '', NULL, '', '0', 1, '2022-04-30 15:13:03', NULL, NULL, NULL, NULL, 0, 1, NULL),
(224, 1, 1, 3, 7, 3, 1, 1, 1, 2, NULL, '03', 'B001', '219', '0.00', '84.00', '0.00', '0.00', '0.00', 1, '0.00', '0.00', '84.00', '0.00', '0.00', '2022-04-17 12:50:38', NULL, '', NULL, '', '0', 1, '2022-04-30 15:13:03', NULL, NULL, NULL, NULL, 0, 1, NULL),
(225, 1, 1, 3, 19, 3, 3, 1, 1, 2, NULL, '03', 'B001', '220', '0.00', '73.00', '0.00', '0.00', '0.00', 1, '0.00', '0.00', '73.00', '0.00', '0.00', '2022-04-17 14:22:31', NULL, '', NULL, '', '0', 1, '2022-04-30 15:13:03', NULL, NULL, NULL, NULL, 0, 1, NULL),
(226, 1, 1, 3, 17, 3, 3, 1, 1, 2, NULL, '03', 'B001', '221', '0.00', '89.00', '0.00', '0.00', '0.00', 1, '0.00', '0.00', '89.00', '0.00', '0.00', '2022-04-17 14:36:04', NULL, '', NULL, '', '0', 1, '2022-04-30 15:13:03', NULL, NULL, NULL, NULL, 0, 1, NULL),
(227, 1, 1, 3, 21, 3, 3, 1, 1, 2, NULL, '03', 'B001', '222', '0.00', '159.00', '0.00', '0.00', '0.00', 1, '0.00', '0.00', '159.00', '200.00', '41.00', '2022-04-17 15:07:59', NULL, '', NULL, '', '0', 1, '2022-04-30 15:13:03', NULL, NULL, NULL, NULL, 0, 1, NULL),
(228, 1, 1, 3, 8, 3, 3, 1, 1, 2, NULL, '03', 'B001', '223', '0.00', '135.00', '0.00', '0.00', '0.00', 1, '0.00', '0.00', '135.00', '0.00', '0.00', '2022-04-17 15:36:29', NULL, '', NULL, '', '0', 1, '2022-04-30 15:13:03', NULL, NULL, NULL, NULL, 0, 1, NULL),
(229, 1, 1, 3, 20, 3, 1, 1, 1, 2, NULL, '03', 'B001', '224', '0.00', '102.00', '0.00', '0.00', '0.00', 1, '0.00', '0.00', '102.00', '0.00', '0.00', '2022-04-17 15:42:18', NULL, '', NULL, '', '0', 1, '2022-04-30 15:13:03', NULL, NULL, NULL, NULL, 0, 1, NULL),
(230, 1, 1, 3, 22, 3, 1, 1, 1, 2, NULL, '03', 'B001', '225', '0.00', '24.00', '0.00', '0.00', '0.00', 1, '0.00', '0.00', '24.00', '0.00', '0.00', '2022-04-17 15:52:42', NULL, '', NULL, '', '0', 1, '2022-04-30 15:13:03', NULL, NULL, NULL, NULL, 0, 1, NULL),
(231, 1, 1, 3, 17, 3, 3, 1, 1, 2, NULL, '03', 'B001', '226', '0.00', '60.00', '0.00', '0.00', '0.00', 1, '0.00', '0.00', '60.00', '0.00', '0.00', '2022-04-17 17:07:59', NULL, '', NULL, '', '0', 1, '2022-04-30 15:13:03', NULL, NULL, NULL, NULL, 0, 1, NULL),
(232, 1, 1, 3, 6, 3, 3, 1, 1, 2, NULL, '03', 'B001', '227', '0.00', '20.00', '0.00', '0.00', '0.00', 1, '0.00', '0.00', '20.00', '0.00', '0.00', '2022-04-17 17:42:44', NULL, '', NULL, '', '0', 1, '2022-04-30 15:13:03', NULL, NULL, NULL, NULL, 0, 1, NULL),
(233, 1, 1, 3, 6, 3, 3, 1, 1, 2, NULL, '03', 'B001', '228', '0.00', '49.00', '0.00', '0.00', '0.00', 1, '0.00', '0.00', '49.00', '0.00', '0.00', '2022-04-19 12:41:38', NULL, '', NULL, '', '0', 1, '2022-04-30 15:13:33', NULL, NULL, NULL, NULL, 0, 1, NULL),
(234, 1, 1, 3, 6, 3, 3, 1, 1, 2, NULL, '03', 'B001', '229', '0.00', '4.00', '0.00', '0.00', '0.00', 1, '0.00', '0.00', '4.00', '0.00', '0.00', '2022-04-19 12:55:34', NULL, '', NULL, '', '0', 1, '2022-04-30 15:13:33', NULL, NULL, NULL, NULL, 0, 1, NULL),
(235, 1, 1, 3, 6, 3, 3, 1, 1, 2, NULL, '03', 'B001', '230', '0.00', '4.00', '0.00', '0.00', '0.00', 1, '0.00', '0.00', '4.00', '0.00', '0.00', '2022-04-19 12:57:27', NULL, '', NULL, '', '0', 1, '2022-04-30 15:13:33', NULL, NULL, NULL, NULL, 0, 1, NULL),
(236, 1, 1, 3, 8, 3, 3, 1, 1, 2, NULL, '03', 'B001', '231', '0.00', '79.00', '0.00', '0.00', '0.00', 1, '0.00', '0.00', '79.00', '0.00', '0.00', '2022-04-19 14:09:59', NULL, '', NULL, '', '0', 1, '2022-04-30 15:13:33', NULL, NULL, NULL, NULL, 0, 1, NULL),
(237, 1, 1, 3, 21, 3, 3, 1, 1, 2, NULL, '03', 'B001', '232', '0.00', '34.00', '0.00', '0.00', '0.00', 1, '0.00', '0.00', '34.00', '50.00', '16.00', '2022-04-19 14:36:44', NULL, '', NULL, '', '0', 1, '2022-04-30 15:13:33', NULL, NULL, NULL, NULL, 0, 1, NULL),
(238, 1, 1, 3, 6, 3, 3, 1, 1, 2, NULL, '03', 'B001', '233', '0.00', '20.00', '0.00', '0.00', '0.00', 1, '0.00', '0.00', '20.00', '0.00', '0.00', '2022-04-19 15:59:05', NULL, '', NULL, '', '0', 1, '2022-04-30 15:13:33', NULL, NULL, NULL, NULL, 0, 1, NULL),
(239, 1, 1, 3, 6, 3, 1, 1, 1, 2, NULL, '03', 'B001', '234', '0.00', '48.00', '0.00', '0.00', '0.00', 1, '0.00', '0.00', '48.00', '0.00', '0.00', '2022-04-20 14:07:48', NULL, '', NULL, '', '0', 1, '2022-04-30 15:13:54', NULL, NULL, NULL, NULL, 0, 1, NULL),
(240, 1, 1, 3, 7, 3, 3, 1, 1, 2, NULL, '03', 'B001', '235', '0.00', '52.00', '0.00', '0.00', '0.00', 1, '0.00', '0.00', '52.00', '0.00', '0.00', '2022-04-20 15:16:33', NULL, '', NULL, '', '0', 1, '2022-04-30 15:13:54', NULL, NULL, NULL, NULL, 0, 1, NULL),
(241, 1, 1, 3, 6, 3, 3, 1, 1, 2, NULL, '03', 'B001', '236', '0.00', '52.00', '0.00', '0.00', '0.00', 1, '0.00', '0.00', '52.00', '0.00', '-52.00', '2022-04-20 15:34:46', NULL, '', NULL, '', '0', 1, '2022-04-30 15:13:54', NULL, NULL, NULL, NULL, 0, 1, NULL),
(242, 1, 1, 3, 6, 3, 3, 1, 1, 2, NULL, '03', 'B001', '237', '0.00', '16.00', '0.00', '0.00', '0.00', 1, '0.00', '0.00', '16.00', '0.00', '0.00', '2022-04-20 17:13:59', NULL, '', NULL, '', '0', 1, '2022-04-30 15:13:54', NULL, NULL, NULL, NULL, 0, 1, NULL),
(243, 1, 1, 3, 6, 3, 3, 1, 1, 2, NULL, '03', 'B001', '238', '0.00', '24.00', '0.00', '0.00', '0.00', 1, '0.00', '0.00', '24.00', '0.00', '0.00', '2022-04-20 21:58:25', NULL, '', NULL, '', '0', 1, '2022-04-30 15:13:54', NULL, NULL, NULL, NULL, 0, 1, NULL),
(244, 1, 1, 3, 6, 3, 3, 1, 1, 2, NULL, '03', 'B001', '239', '0.00', '16.00', '0.00', '0.00', '0.00', 1, '0.00', '0.00', '16.00', '20.00', '4.00', '2022-04-21 12:48:03', NULL, '', NULL, '', '0', 1, '2022-04-30 15:14:19', NULL, NULL, NULL, NULL, 0, 1, NULL),
(245, 1, 1, 3, 18, 10, 3, 1, 1, 2, NULL, '03', 'B001', '240', '0.00', '37.00', '0.00', '0.00', '0.00', 1, '0.00', '0.00', '37.00', '50.00', '13.00', '2022-04-21 13:12:38', NULL, '', NULL, '', '0', 1, '2022-04-30 15:14:19', NULL, NULL, NULL, NULL, 0, 1, NULL),
(246, 1, 1, 3, 7, 3, 1, 1, 1, 2, NULL, '03', 'B001', '241', '0.00', '82.00', '0.00', '0.00', '0.00', 1, '0.00', '0.00', '82.00', '0.00', '0.00', '2022-04-21 13:54:43', NULL, '', NULL, '', '0', 1, '2022-04-30 15:14:19', NULL, NULL, NULL, NULL, 0, 1, NULL),
(247, 1, 1, 3, 8, 3, 1, 1, 1, 2, NULL, '03', 'B001', '242', '0.00', '63.00', '0.00', '0.00', '0.00', 1, '0.00', '0.00', '63.00', '0.00', '0.00', '2022-04-21 13:56:47', NULL, '', NULL, '', '0', 1, '2022-04-30 15:14:19', NULL, NULL, NULL, NULL, 0, 1, NULL),
(248, 1, 1, 3, 6, 3, 3, 1, 1, 2, NULL, '03', 'B001', '243', '0.00', '161.00', '0.00', '0.00', '0.00', 1, '0.00', '0.00', '161.00', '0.00', '0.00', '2022-04-21 13:57:50', NULL, '', NULL, '', '0', 1, '2022-04-30 15:14:19', NULL, NULL, NULL, NULL, 0, 1, NULL),
(249, 1, 1, 3, 9, 3, 3, 1, 1, 2, NULL, '03', 'B001', '244', '0.00', '19.00', '0.00', '0.00', '0.00', 1, '0.00', '0.00', '19.00', '50.00', '31.00', '2022-04-21 14:01:44', NULL, '', NULL, '', '0', 1, '2022-04-30 15:14:19', NULL, NULL, NULL, NULL, 0, 1, NULL),
(250, 1, 1, 3, 20, 3, 3, 1, 1, 2, NULL, '03', 'B001', '245', '0.00', '33.00', '0.00', '0.00', '0.00', 1, '0.00', '0.00', '33.00', '50.00', '17.00', '2022-04-21 14:15:54', NULL, '', NULL, '', '0', 1, '2022-04-30 15:14:19', NULL, NULL, NULL, NULL, 0, 1, NULL),
(251, 1, 1, 3, 18, 3, 3, 1, 1, 2, NULL, '03', 'B001', '246', '0.00', '75.00', '0.00', '0.00', '0.00', 1, '0.00', '0.00', '75.00', '0.00', '0.00', '2022-04-21 14:37:57', NULL, '', NULL, '', '0', 1, '2022-04-30 15:14:19', NULL, NULL, NULL, NULL, 0, 1, NULL),
(252, 1, 1, 3, 6, 3, 3, 1, 1, 2, NULL, '03', 'B001', '247', '0.00', '52.00', '0.00', '0.00', '0.00', 1, '0.00', '0.00', '52.00', '0.00', '0.00', '2022-04-21 18:29:10', NULL, '', NULL, '', '0', 1, '2022-04-30 15:14:19', NULL, NULL, NULL, NULL, 0, 1, NULL),
(253, 1, 1, 3, 8, 3, 3, 1, 1, 2, NULL, '03', 'B001', '248', '0.00', '28.00', '0.00', '0.00', '0.00', 1, '0.00', '0.00', '28.00', '0.00', '0.00', '2022-04-21 19:08:30', NULL, '', NULL, '', '0', 1, '2022-04-30 15:14:19', NULL, NULL, NULL, NULL, 0, 1, NULL),
(254, 1, 1, 3, 7, 3, 3, 1, 1, 2, NULL, '03', 'B001', '249', '0.00', '40.00', '0.00', '0.00', '0.00', 1, '0.00', '0.00', '40.00', '0.00', '0.00', '2022-04-21 20:42:09', NULL, '', NULL, '', '0', 1, '2022-04-30 15:14:19', NULL, NULL, NULL, NULL, 0, 1, NULL),
(255, 1, 1, 3, 8, 3, 3, 1, 1, 2, NULL, '03', 'B001', '250', '0.00', '51.00', '0.00', '0.00', '0.00', 1, '0.00', '0.00', '51.00', '0.00', '0.00', '2022-04-21 21:28:32', NULL, '', NULL, '', '0', 1, '2022-04-30 15:14:19', NULL, NULL, NULL, NULL, 0, 1, NULL),
(256, 1, 1, 3, 7, 11, 1, 1, 1, 1, NULL, '01', 'F001', '6', '0.00', '60.00', '0.00', '0.00', '0.00', 1, '0.00', '0.00', '60.00', '0.00', '0.00', '2022-04-21 21:34:28', NULL, '', NULL, '', '0', 1, NULL, 'libs/ApiFacturacion/xml/20606798939-01-F001-6.XML', 'libs/ApiFacturacion/cdr/R-20606798939-01-F001-6.XML', 'El comprobante ya esta informado y se encuentra con estado anulado o rechazado', NULL, 1, 0, NULL),
(257, 1, 1, 3, 7, 3, 1, 1, 1, 2, NULL, '03', 'B001', '251', '0.00', '18.00', '0.00', '0.00', '0.00', 1, '0.00', '0.00', '18.00', '0.00', '0.00', '2022-04-21 21:34:41', NULL, '', NULL, '', '0', 1, '2022-04-30 15:14:19', NULL, NULL, NULL, NULL, 0, 1, NULL),
(258, 1, 1, 3, 6, 3, 5, 1, 1, 2, NULL, '03', 'B001', '252', '0.00', '23.00', '0.00', '0.00', '0.00', 1, '0.00', '0.00', '23.00', '0.00', '0.00', '2022-04-21 22:00:14', NULL, '', NULL, '', '0', 1, '2022-04-30 15:14:19', NULL, NULL, NULL, NULL, 0, 1, NULL),
(259, 1, 1, 3, 6, 3, 3, 1, 1, 2, NULL, '03', 'B001', '253', '0.00', '16.00', '0.00', '0.00', '0.00', 1, '0.00', '0.00', '16.00', '0.00', '0.00', '2022-04-21 22:12:35', NULL, '', NULL, '', '0', 1, '2022-04-30 15:14:19', NULL, NULL, NULL, NULL, 0, 1, NULL),
(260, 1, 1, 3, 6, 12, 1, 1, 1, 1, NULL, '01', 'F001', '7', '0.00', '335.00', '0.00', '0.00', '0.00', 1, '0.00', '0.00', '335.00', '0.00', '0.00', '2022-04-22 14:31:56', NULL, '', NULL, '', '0', 1, NULL, 'libs/ApiFacturacion/xml/20606798939-01-F001-7.XML', 'libs/ApiFacturacion/cdr/R-20606798939-01-F001-7.XML', 'El comprobante ya esta informado y se encuentra con estado anulado o rechazado', NULL, 1, 0, NULL),
(261, 1, 1, 3, 6, 3, 3, 1, 1, 2, NULL, '03', 'B001', '254', '0.00', '68.00', '0.00', '0.00', '0.00', 1, '0.00', '0.00', '68.00', '0.00', '0.00', '2022-04-22 15:45:39', NULL, '', NULL, '', '0', 1, '2022-04-30 15:14:36', NULL, NULL, NULL, NULL, 0, 1, NULL),
(262, 1, 1, 3, 7, 3, 1, 1, 1, 2, NULL, '03', 'B001', '255', '0.00', '75.00', '0.00', '0.00', '0.00', 1, '0.00', '0.00', '75.00', '0.00', '0.00', '2022-04-22 16:36:45', NULL, '', NULL, '', '0', 1, '2022-04-30 15:14:36', NULL, NULL, NULL, NULL, 0, 1, NULL),
(263, 1, 1, 3, 8, 13, 1, 1, 1, 2, NULL, '03', 'B001', '256', '0.00', '155.00', '0.00', '0.00', '0.00', 1, '0.00', '0.00', '155.00', '0.00', '0.00', '2022-04-22 16:50:39', NULL, '', NULL, '', '0', 1, '2022-04-30 15:14:36', NULL, NULL, NULL, NULL, 0, 1, NULL),
(264, 1, 1, 3, 9, 3, 1, 1, 1, 2, NULL, '03', 'B001', '257', '0.00', '58.00', '0.00', '0.00', '0.00', 1, '0.00', '0.00', '58.00', '0.00', '0.00', '2022-04-22 17:01:56', NULL, '', NULL, '', '0', 1, '2022-04-30 15:14:36', NULL, NULL, NULL, NULL, 0, 1, NULL),
(265, 1, 1, 3, 6, 3, 3, 1, 1, 2, NULL, '03', 'B001', '258', '0.00', '24.00', '0.00', '0.00', '0.00', 1, '0.00', '0.00', '24.00', '50.00', '26.00', '2022-04-22 17:54:13', NULL, '', NULL, '', '0', 1, '2022-04-30 15:14:36', NULL, NULL, NULL, NULL, 0, 1, NULL),
(266, 1, 1, 3, 6, 3, 3, 1, 1, 2, NULL, '03', 'B001', '259', '0.00', '4.00', '0.00', '0.00', '0.00', 1, '0.00', '0.00', '4.00', '0.00', '0.00', '2022-04-22 17:56:57', NULL, '', NULL, '', '0', 1, '2022-04-30 15:14:36', NULL, NULL, NULL, NULL, 0, 1, NULL),
(267, 1, 1, 3, 6, 3, 3, 1, 1, 2, NULL, '03', 'B001', '260', '0.00', '13.00', '0.00', '0.00', '0.00', 1, '0.00', '0.00', '13.00', '20.00', '7.00', '2022-04-22 18:13:01', NULL, '', NULL, '', '0', 1, '2022-04-30 15:14:36', NULL, NULL, NULL, NULL, 0, 1, NULL),
(268, 1, 1, 3, 6, 3, 3, 1, 1, 2, NULL, '03', 'B001', '261', '0.00', '16.00', '0.00', '0.00', '0.00', 1, '0.00', '0.00', '16.00', '0.00', '0.00', '2022-04-22 18:37:20', NULL, '', NULL, '', '0', 1, '2022-04-30 15:14:36', NULL, NULL, NULL, NULL, 0, 1, NULL),
(269, 1, 1, 3, 8, 3, 3, 1, 1, 2, NULL, '03', 'B001', '262', '0.00', '16.00', '0.00', '0.00', '0.00', 1, '0.00', '0.00', '16.00', '50.00', '34.00', '2022-04-22 19:23:34', NULL, '', NULL, '', '0', 1, '2022-04-30 15:14:36', NULL, NULL, NULL, NULL, 0, 1, NULL),
(270, 1, 1, 3, 8, 3, 3, 1, 1, 2, NULL, '03', 'B001', '263', '0.00', '16.00', '0.00', '0.00', '0.00', 1, '0.00', '0.00', '16.00', '100.00', '84.00', '2022-04-22 19:51:40', NULL, '', NULL, '', '0', 1, '2022-04-30 15:14:36', NULL, NULL, NULL, NULL, 0, 1, NULL),
(271, 1, 1, 3, 7, 3, 1, 1, 1, 2, NULL, '03', 'B001', '264', '0.00', '65.00', '0.00', '0.00', '0.00', 1, '0.00', '0.00', '65.00', '0.00', '0.00', '2022-04-22 20:33:49', NULL, '', NULL, '', '0', 1, '2022-04-30 15:14:36', NULL, NULL, NULL, NULL, 0, 1, NULL),
(272, 1, 1, 3, 8, 3, 3, 1, 1, 2, NULL, '03', 'B001', '265', '0.00', '16.00', '0.00', '0.00', '0.00', 1, '0.00', '0.00', '16.00', '0.00', '0.00', '2022-04-22 20:50:23', NULL, '', NULL, '', '0', 1, '2022-04-30 15:14:36', NULL, NULL, NULL, NULL, 0, 1, NULL),
(273, 1, 1, 3, 7, 3, 3, 1, 1, 2, NULL, '03', 'B001', '266', '0.00', '8.00', '0.00', '0.00', '0.00', 1, '0.00', '0.00', '8.00', '0.00', '0.00', '2022-04-22 21:18:13', NULL, '', NULL, '', '0', 1, '2022-04-30 15:14:37', NULL, NULL, NULL, NULL, 0, 1, NULL),
(274, 1, 1, 3, 19, 3, 3, 1, 1, 2, NULL, '03', 'B001', '267', '0.00', '24.00', '0.00', '0.00', '0.00', 1, '0.00', '0.00', '24.00', '0.00', '0.00', '2022-04-22 21:30:25', NULL, '', NULL, '', '0', 1, '2022-04-30 15:14:37', NULL, NULL, NULL, NULL, 0, 1, NULL),
(275, 1, 1, 3, 20, 3, 3, 1, 1, 2, NULL, '03', 'B001', '268', '0.00', '76.00', '0.00', '0.00', '0.00', 1, '0.00', '0.00', '76.00', '0.00', '0.00', '2022-04-22 21:37:28', NULL, '', NULL, '', '0', 1, '2022-04-30 15:14:37', NULL, NULL, NULL, NULL, 0, 1, NULL),
(276, 1, 1, 3, 6, 3, 1, 1, 1, 2, NULL, '03', 'B001', '269', '0.00', '150.00', '0.00', '0.00', '0.00', 1, '0.00', '0.00', '150.00', '0.00', '0.00', '2022-04-22 22:01:17', NULL, '', NULL, '', '0', 1, '2022-04-30 15:14:37', NULL, NULL, NULL, NULL, 0, 1, NULL),
(277, 1, 1, 3, 6, 3, 3, 1, 1, 2, NULL, '03', 'B001', '270', '0.00', '4.00', '0.00', '0.00', '0.00', 1, '0.00', '0.00', '4.00', '0.00', '0.00', '2022-04-23 10:53:42', NULL, '', NULL, '', '0', 1, '2022-04-30 15:14:54', NULL, NULL, NULL, NULL, 0, 1, NULL),
(278, 1, 1, 3, 22, 3, 3, 1, 1, 2, NULL, '03', 'B001', '271', '0.00', '67.00', '0.00', '0.00', '0.00', 1, '0.00', '0.00', '67.00', '100.00', '33.00', '2022-04-23 12:23:43', NULL, '', NULL, '', '0', 1, '2022-04-30 15:14:54', NULL, NULL, NULL, NULL, 0, 1, NULL),
(279, 1, 1, 3, 21, 3, 3, 1, 1, 2, NULL, '03', 'B001', '272', '0.00', '16.00', '0.00', '0.00', '0.00', 1, '0.00', '0.00', '16.00', '50.00', '34.00', '2022-04-23 12:25:36', NULL, '', NULL, '', '0', 1, '2022-04-30 15:14:54', NULL, NULL, NULL, NULL, 0, 1, NULL),
(280, 1, 1, 3, 19, 3, 1, 1, 1, 2, NULL, '03', 'B001', '273', '0.00', '44.00', '0.00', '0.00', '0.00', 1, '0.00', '0.00', '44.00', '0.00', '0.00', '2022-04-23 13:05:51', NULL, '', NULL, '', '0', 1, '2022-04-30 15:14:54', NULL, NULL, NULL, NULL, 0, 1, NULL),
(281, 1, 1, 3, 20, 3, 3, 1, 1, 2, NULL, '03', 'B001', '274', '0.00', '154.00', '0.00', '0.00', '0.00', 1, '0.00', '0.00', '154.00', '0.00', '0.00', '2022-04-23 13:08:10', NULL, '', NULL, '', '0', 1, '2022-04-30 15:14:54', NULL, NULL, NULL, NULL, 0, 1, NULL),
(282, 1, 1, 3, 18, 3, 1, 1, 1, 2, NULL, '03', 'B001', '275', '0.00', '85.00', '0.00', '0.00', '0.00', 1, '0.00', '0.00', '85.00', '0.00', '0.00', '2022-04-23 13:38:22', NULL, '', NULL, '', '0', 1, '2022-04-30 15:14:54', NULL, NULL, NULL, NULL, 0, 1, NULL),
(283, 1, 1, 3, 9, 3, 3, 1, 1, 2, NULL, '03', 'B001', '276', '0.00', '20.00', '0.00', '0.00', '0.00', 1, '0.00', '0.00', '20.00', '0.00', '0.00', '2022-04-23 14:07:27', NULL, '', NULL, '', '0', 1, '2022-04-30 15:14:54', NULL, NULL, NULL, NULL, 0, 1, NULL),
(284, 1, 1, 3, 19, 3, 3, 1, 1, 2, NULL, '03', 'B001', '277', '0.00', '78.00', '0.00', '0.00', '0.00', 1, '0.00', '0.00', '78.00', '0.00', '0.00', '2022-04-23 14:18:46', NULL, '', NULL, '', '0', 1, '2022-04-30 15:14:54', NULL, NULL, NULL, NULL, 0, 1, NULL),
(285, 1, 1, 3, 6, 3, 3, 1, 1, 2, NULL, '03', 'B001', '278', '0.00', '4.00', '0.00', '0.00', '0.00', 1, '0.00', '0.00', '4.00', '0.00', '0.00', '2022-04-23 14:22:08', NULL, '', NULL, '', '0', 1, '2022-04-30 15:14:54', NULL, NULL, NULL, NULL, 0, 1, NULL),
(286, 1, 1, 3, 7, 3, 3, 1, 1, 2, NULL, '03', 'B001', '279', '0.00', '4.00', '0.00', '0.00', '0.00', 1, '0.00', '0.00', '4.00', '0.00', '0.00', '2022-04-23 16:12:37', NULL, '', NULL, '', '0', 1, '2022-04-30 15:14:54', NULL, NULL, NULL, NULL, 0, 1, NULL),
(287, 1, 1, 3, 6, 3, 3, 1, 1, 2, NULL, '03', 'B001', '280', '0.00', '49.00', '0.00', '0.00', '0.00', 1, '0.00', '0.00', '49.00', '0.00', '0.00', '2022-04-23 16:37:38', NULL, '', NULL, '', '0', 1, '2022-04-30 15:14:54', NULL, NULL, NULL, NULL, 0, 1, NULL),
(288, 1, 1, 3, 6, 3, 3, 1, 1, 2, NULL, '03', 'B001', '281', '0.00', '24.00', '0.00', '0.00', '0.00', 1, '0.00', '0.00', '24.00', '30.00', '6.00', '2022-04-23 17:12:49', NULL, '', NULL, '', '0', 1, '2022-04-30 15:14:54', NULL, NULL, NULL, NULL, 0, 1, NULL),
(289, 1, 1, 3, 6, 3, 3, 1, 1, 2, NULL, '03', 'B001', '282', '0.00', '8.00', '0.00', '0.00', '0.00', 1, '0.00', '0.00', '8.00', '0.00', '0.00', '2022-04-23 17:49:13', NULL, '', NULL, '', '0', 1, '2022-04-30 15:14:54', NULL, NULL, NULL, NULL, 0, 1, NULL),
(290, 1, 1, 3, 6, 3, 3, 1, 1, 2, NULL, '03', 'B001', '283', '0.00', '32.00', '0.00', '0.00', '0.00', 1, '0.00', '0.00', '32.00', '0.00', '0.00', '2022-04-23 18:01:58', NULL, '', NULL, '', '0', 1, '2022-04-30 15:14:54', NULL, NULL, NULL, NULL, 0, 1, NULL),
(291, 1, 1, 3, 20, 3, 3, 1, 1, 2, NULL, '03', 'B001', '284', '0.00', '16.00', '0.00', '0.00', '0.00', 1, '0.00', '0.00', '16.00', '20.00', '4.00', '2022-04-23 18:36:34', NULL, '', NULL, '', '0', 1, '2022-04-30 15:14:54', NULL, NULL, NULL, NULL, 0, 1, NULL),
(292, 1, 1, 3, 7, 3, 3, 1, 1, 2, NULL, '03', 'B001', '285', '0.00', '24.00', '0.00', '0.00', '0.00', 1, '0.00', '0.00', '24.00', '50.00', '26.00', '2022-04-23 18:45:04', NULL, '', NULL, '', '0', 1, '2022-04-30 15:14:54', NULL, NULL, NULL, NULL, 0, 1, NULL),
(293, 1, 1, 3, 8, 3, 3, 1, 1, 2, NULL, '03', 'B001', '286', '0.00', '25.00', '0.00', '0.00', '0.00', 1, '0.00', '0.00', '25.00', '100.00', '75.00', '2022-04-23 19:23:29', NULL, '', NULL, '', '0', 1, '2022-04-30 15:14:54', NULL, NULL, NULL, NULL, 0, 1, NULL),
(294, 1, 1, 3, 7, 3, 3, 1, 1, 2, NULL, '03', 'B001', '287', '0.00', '37.00', '0.00', '0.00', '0.00', 1, '0.00', '0.00', '37.00', '50.00', '13.00', '2022-04-23 19:42:10', NULL, '', NULL, '', '0', 1, '2022-04-30 15:14:54', NULL, NULL, NULL, NULL, 0, 1, NULL),
(295, 1, 1, 3, 6, 3, 1, 1, 1, 2, NULL, '03', 'B001', '288', '0.00', '75.00', '0.00', '0.00', '0.00', 1, '0.00', '0.00', '75.00', '0.00', '0.00', '2022-04-23 19:59:55', NULL, '', NULL, '', '0', 1, '2022-04-30 15:14:54', NULL, NULL, NULL, NULL, 0, 1, NULL),
(296, 1, 1, 3, 6, 3, 3, 1, 1, 2, NULL, '03', 'B001', '289', '0.00', '30.00', '0.00', '0.00', '0.00', 1, '0.00', '0.00', '30.00', '0.00', '0.00', '2022-04-23 20:14:24', NULL, '', NULL, '', '0', 1, '2022-04-30 15:14:54', NULL, NULL, NULL, NULL, 0, 1, NULL),
(297, 1, 1, 3, 7, 3, 3, 1, 1, 2, NULL, '03', 'B001', '290', '0.00', '68.00', '0.00', '0.00', '0.00', 1, '0.00', '0.00', '68.00', '100.00', '32.00', '2022-04-23 20:35:32', NULL, '', NULL, '', '0', 1, '2022-04-30 15:14:54', NULL, NULL, NULL, NULL, 0, 1, NULL),
(298, 1, 1, 3, 6, 3, 3, 1, 1, 2, NULL, '03', 'B001', '291', '0.00', '16.00', '0.00', '0.00', '0.00', 1, '0.00', '0.00', '16.00', '20.00', '4.00', '2022-04-23 20:47:02', NULL, '', NULL, '', '0', 1, '2022-04-30 15:14:54', NULL, NULL, NULL, NULL, 0, 1, NULL),
(299, 1, 1, 3, 6, 3, 3, 1, 1, 2, NULL, '03', 'B001', '292', '0.00', '8.00', '0.00', '0.00', '0.00', 1, '0.00', '0.00', '8.00', '50.00', '42.00', '2022-04-23 20:58:58', NULL, '', NULL, '', '0', 1, '2022-04-30 15:14:54', NULL, NULL, NULL, NULL, 0, 1, NULL),
(300, 1, 1, 3, 7, 3, 3, 1, 1, 2, NULL, '03', 'B001', '293', '0.00', '2.00', '0.00', '0.00', '0.00', 1, '0.00', '0.00', '2.00', '0.00', '0.00', '2022-04-23 21:07:23', NULL, '', NULL, '', '0', 1, '2022-04-30 15:14:55', NULL, NULL, NULL, NULL, 0, 1, NULL),
(301, 1, 1, 3, 8, 3, 3, 1, 1, 2, NULL, '03', 'B001', '294', '0.00', '40.00', '0.00', '0.00', '0.00', 1, '0.00', '0.00', '40.00', '100.00', '60.00', '2022-04-23 21:32:48', NULL, '', NULL, '', '0', 1, '2022-04-30 15:14:55', NULL, NULL, NULL, NULL, 0, 1, NULL),
(302, 1, 1, 3, 6, 3, 3, 1, 1, 2, NULL, '03', 'B001', '295', '0.00', '2.00', '0.00', '0.00', '0.00', 1, '0.00', '0.00', '2.00', '0.00', '0.00', '2022-04-23 21:33:29', NULL, '', NULL, '', '0', 1, '2022-04-30 15:14:55', NULL, NULL, NULL, NULL, 0, 1, NULL),
(303, 1, 1, 3, 6, 3, 3, 1, 1, 2, NULL, '03', 'B001', '296', '0.00', '4.00', '0.00', '0.00', '0.00', 1, '0.00', '0.00', '4.00', '0.00', '0.00', '2022-04-23 21:38:33', NULL, '', NULL, '', '0', 1, '2022-04-30 15:14:55', NULL, NULL, NULL, NULL, 0, 1, NULL),
(304, 1, 1, 3, 19, 3, 3, 1, 1, 2, NULL, '03', 'B001', '297', '0.00', '24.00', '0.00', '0.00', '0.00', 1, '0.00', '0.00', '24.00', '50.00', '26.00', '2022-04-23 22:20:24', NULL, '', NULL, '', '0', 1, '2022-04-30 15:14:55', NULL, NULL, NULL, NULL, 0, 1, NULL),
(305, 1, 1, 3, 22, 3, 3, 1, 1, 2, NULL, '03', 'B001', '298', '0.00', '27.00', '0.00', '0.00', '0.00', 1, '0.00', '0.00', '27.00', '50.00', '23.00', '2022-04-23 22:32:31', NULL, '', NULL, '', '0', 1, '2022-04-30 15:14:55', NULL, NULL, NULL, NULL, 0, 1, NULL),
(306, 1, 1, 3, 16, 3, 3, 1, 1, 2, NULL, '03', 'B001', '299', '0.00', '58.00', '0.00', '0.00', '0.00', 1, '0.00', '0.00', '58.00', '0.00', '0.00', '2022-04-23 22:59:28', NULL, '', NULL, '', '0', 1, '2022-04-30 15:14:55', NULL, NULL, NULL, NULL, 0, 1, NULL),
(307, 1, 1, 3, 6, 3, 3, 1, 1, 2, NULL, '03', 'B001', '300', '0.00', '24.00', '0.00', '0.00', '0.00', 1, '0.00', '0.00', '24.00', '0.00', '0.00', '2022-04-23 23:30:10', NULL, '', NULL, '', '0', 1, '2022-04-30 15:14:55', NULL, NULL, NULL, NULL, 0, 1, NULL),
(308, 1, 1, 3, 18, 3, 4, 1, 1, 2, NULL, '03', 'B001', '301', '0.00', '117.00', '0.00', '0.00', '0.00', 1, '0.00', '0.00', '117.00', '0.00', '0.00', '2022-04-23 23:46:01', NULL, '', NULL, '', '0', 1, '2022-04-30 15:14:55', NULL, NULL, NULL, NULL, 0, 1, NULL),
(309, 1, 1, 3, 8, 3, 3, 1, 1, 2, NULL, '03', 'B001', '302', '0.00', '52.00', '0.00', '0.00', '0.00', 1, '0.00', '0.00', '52.00', '0.00', '0.00', '2022-04-24 00:13:04', NULL, '', NULL, '', '0', 1, '2022-04-30 15:15:11', NULL, NULL, NULL, NULL, 0, 1, NULL),
(310, 1, 1, 3, 22, 3, 3, 1, 1, 2, NULL, '03', 'B001', '303', '0.00', '24.00', '0.00', '0.00', '0.00', 1, '0.00', '0.00', '24.00', '0.00', '0.00', '2022-04-24 00:22:54', NULL, '', NULL, '', '0', 1, '2022-04-30 15:15:11', NULL, NULL, NULL, NULL, 0, 1, NULL),
(311, 1, 1, 3, 9, 3, 6, 1, 1, 2, NULL, '03', 'B001', '304', '0.00', '10.00', '0.00', '0.00', '0.00', 1, '0.00', '0.00', '10.00', '0.00', '0.00', '2022-04-24 00:44:07', NULL, '', NULL, '', '0', 1, '2022-04-30 15:15:11', NULL, NULL, NULL, NULL, 0, 1, NULL),
(312, 1, 1, 3, 6, 3, 3, 1, 1, 2, NULL, '03', 'B001', '305', '0.00', '8.00', '0.00', '0.00', '0.00', 1, '0.00', '0.00', '8.00', '0.00', '0.00', '2022-04-24 00:53:43', NULL, '', NULL, '', '0', 1, '2022-04-30 15:15:11', NULL, NULL, NULL, NULL, 0, 1, NULL),
(313, 1, 1, 3, 20, 3, 1, 1, 1, 2, NULL, '03', 'B001', '306', '0.00', '262.00', '0.00', '0.00', '0.00', 1, '0.00', '0.00', '262.00', '0.00', '0.00', '2022-04-24 00:54:18', NULL, '', NULL, '', '0', 1, '2022-04-30 15:15:11', NULL, NULL, NULL, NULL, 0, 1, NULL),
(314, 1, 1, 3, 21, 3, 3, 1, 1, 2, NULL, '03', 'B001', '307', '0.00', '56.00', '0.00', '0.00', '0.00', 1, '0.00', '0.00', '56.00', '0.00', '0.00', '2022-04-24 03:07:11', NULL, '', NULL, '', '0', 1, '2022-04-30 15:15:11', NULL, NULL, NULL, NULL, 0, 1, NULL),
(315, 1, 1, 3, 6, 3, 1, 1, 1, 2, NULL, '03', 'B001', '308', '0.00', '12.00', '0.00', '0.00', '0.00', 1, '0.00', '0.00', '12.00', '0.00', '0.00', '2022-04-24 03:12:53', NULL, '', NULL, '', '0', 1, '2022-04-30 15:15:11', NULL, NULL, NULL, NULL, 0, 1, NULL),
(316, 1, 1, 3, 23, 3, 3, 1, 1, 2, NULL, '03', 'B001', '309', '0.00', '158.00', '0.00', '0.00', '0.00', 1, '0.00', '0.00', '158.00', '0.00', '0.00', '2022-04-24 03:35:53', NULL, '', NULL, '', '0', 1, '2022-04-30 15:15:11', NULL, NULL, NULL, NULL, 0, 1, NULL),
(317, 1, 1, 3, 21, 3, 3, 1, 1, 2, NULL, '03', 'B001', '310', '0.00', '83.00', '0.00', '0.00', '0.00', 1, '0.00', '0.00', '83.00', '0.00', '0.00', '2022-04-24 12:48:43', NULL, '', NULL, '', '0', 1, '2022-04-30 15:15:11', NULL, NULL, NULL, NULL, 0, 1, NULL),
(318, 1, 1, 3, 18, 3, 1, 1, 1, 2, NULL, '03', 'B001', '311', '0.00', '42.00', '0.00', '0.00', '0.00', 1, '0.00', '0.00', '42.00', '0.00', '0.00', '2022-04-24 13:28:41', NULL, '', NULL, '', '0', 1, '2022-04-30 15:15:11', NULL, NULL, NULL, NULL, 0, 1, NULL),
(319, 1, 1, 3, 8, 3, 3, 1, 1, 2, NULL, '03', 'B001', '312', '0.00', '42.00', '0.00', '0.00', '0.00', 1, '0.00', '0.00', '42.00', '0.00', '0.00', '2022-04-24 13:33:14', NULL, '', NULL, '', '0', 1, '2022-04-30 15:15:11', NULL, NULL, NULL, NULL, 0, 1, NULL),
(320, 1, 1, 3, 6, 3, 3, 1, 1, 2, NULL, '03', 'B001', '313', '0.00', '89.00', '0.00', '0.00', '0.00', 1, '0.00', '0.00', '89.00', '0.00', '0.00', '2022-04-24 14:12:59', NULL, '', NULL, '', '0', 1, '2022-04-30 15:15:11', NULL, NULL, NULL, NULL, 0, 1, NULL),
(321, 1, 1, 3, 8, 3, 3, 1, 1, 2, NULL, '03', 'B001', '314', '0.00', '10.00', '0.00', '0.00', '0.00', 1, '0.00', '0.00', '10.00', '0.00', '0.00', '2022-04-24 14:28:11', NULL, '', NULL, '', '0', 1, '2022-04-30 15:15:11', NULL, NULL, NULL, NULL, 0, 1, NULL),
(322, 1, 1, 3, 21, 3, 3, 1, 1, 2, NULL, '03', 'B001', '315', '0.00', '141.00', '0.00', '0.00', '0.00', 1, '0.00', '0.00', '141.00', '0.00', '0.00', '2022-04-24 14:33:22', NULL, '', NULL, '', '0', 1, '2022-04-30 15:15:11', NULL, NULL, NULL, NULL, 0, 1, NULL),
(323, 1, 1, 3, 24, 3, 3, 1, 1, 2, NULL, '03', 'B001', '316', '0.00', '10.00', '0.00', '0.00', '0.00', 1, '0.00', '0.00', '10.00', '20.00', '10.00', '2022-04-24 14:49:25', NULL, '', NULL, '', '0', 1, '2022-04-30 15:15:11', NULL, NULL, NULL, NULL, 0, 1, NULL),
(324, 1, 1, 3, 9, 3, 3, 1, 1, 2, NULL, '03', 'B001', '317', '0.00', '260.00', '0.00', '0.00', '0.00', 1, '0.00', '0.00', '260.00', '0.00', '0.00', '2022-04-24 18:04:37', NULL, '', NULL, '', '0', 1, '2022-04-30 15:15:12', NULL, NULL, NULL, NULL, 0, 1, NULL),
(325, 1, 1, 3, 7, 3, 1, 1, 1, 2, NULL, '03', 'B001', '318', '0.00', '104.00', '0.00', '0.00', '0.00', 1, '0.00', '0.00', '104.00', '0.00', '0.00', '2022-04-24 18:14:33', NULL, '', NULL, '', '0', 1, '2022-04-30 15:15:12', NULL, NULL, NULL, NULL, 0, 1, NULL),
(326, 1, 1, 3, 20, 3, 1, 1, 1, 2, NULL, '03', 'B001', '319', '0.00', '318.00', '0.00', '0.00', '0.00', 1, '0.00', '0.00', '318.00', '0.00', '0.00', '2022-04-24 18:47:00', NULL, '', NULL, '', '0', 1, '2022-04-30 15:15:12', NULL, NULL, NULL, NULL, 0, 1, NULL),
(327, 1, 1, 3, 23, 3, 3, 1, 1, 2, NULL, '03', 'B001', '320', '0.00', '529.00', '0.00', '0.00', '0.00', 1, '0.00', '0.00', '529.00', '0.00', '0.00', '2022-04-24 19:29:16', NULL, '', NULL, '', '0', 1, '2022-04-30 15:15:12', NULL, NULL, NULL, NULL, 0, 1, NULL),
(328, 1, 1, 3, 6, 3, 3, 1, 1, 2, NULL, '03', 'B001', '321', '0.00', '28.00', '0.00', '0.00', '0.00', 1, '0.00', '0.00', '28.00', '0.00', '0.00', '2022-04-26 13:05:37', NULL, '', NULL, '', '0', 1, '2022-04-30 15:15:36', NULL, NULL, NULL, NULL, 0, 1, NULL),
(329, 1, 1, 3, 8, 3, 3, 1, 1, 2, NULL, '03', 'B001', '322', '0.00', '4.00', '0.00', '0.00', '0.00', 1, '0.00', '0.00', '4.00', '0.00', '0.00', '2022-04-26 14:08:30', NULL, '', NULL, '', '0', 1, '2022-04-30 15:15:36', NULL, NULL, NULL, NULL, 0, 1, NULL),
(330, 1, 1, 3, 7, 3, 3, 1, 1, 2, NULL, '03', 'B001', '323', '0.00', '80.00', '0.00', '0.00', '0.00', 1, '0.00', '0.00', '80.00', '0.00', '0.00', '2022-04-26 14:11:23', NULL, '', NULL, '', '0', 1, '2022-04-30 15:15:36', NULL, NULL, NULL, NULL, 0, 1, NULL),
(331, 1, 1, 3, 8, 3, 3, 1, 1, 2, NULL, '03', 'B001', '324', '0.00', '104.00', '0.00', '0.00', '0.00', 1, '0.00', '0.00', '104.00', '0.00', '0.00', '2022-04-26 17:25:53', NULL, '', NULL, '', '0', 1, '2022-04-30 15:15:36', NULL, NULL, NULL, NULL, 0, 1, NULL),
(332, 1, 1, 3, 7, 3, 3, 1, 1, 2, NULL, '03', 'B001', '325', '0.00', '32.00', '0.00', '0.00', '0.00', 1, '0.00', '0.00', '32.00', '50.00', '18.00', '2022-04-26 19:13:10', NULL, '', NULL, '', '0', 1, '2022-04-30 15:15:36', NULL, NULL, NULL, NULL, 0, 1, NULL),
(333, 1, 1, 3, 7, 3, 3, 1, 1, 2, NULL, '03', 'B001', '326', '0.00', '4.00', '0.00', '0.00', '0.00', 1, '0.00', '0.00', '4.00', '0.00', '0.00', '2022-04-26 19:26:21', NULL, '', NULL, '', '0', 1, '2022-04-30 15:15:36', NULL, NULL, NULL, NULL, 0, 1, NULL),
(334, 1, 1, 3, 7, 3, 3, 1, 1, 2, NULL, '03', 'B001', '327', '0.00', '8.00', '0.00', '0.00', '0.00', 1, '0.00', '0.00', '8.00', '0.00', '0.00', '2022-04-26 19:34:27', NULL, '', NULL, '', '0', 1, '2022-04-30 15:15:36', NULL, NULL, NULL, NULL, 0, 1, NULL),
(335, 1, 1, 3, 7, 3, 3, 1, 1, 2, NULL, '03', 'B001', '328', '0.00', '2.00', '0.00', '0.00', '0.00', 1, '0.00', '0.00', '2.00', '0.00', '0.00', '2022-04-26 19:40:22', NULL, '', NULL, '', '0', 1, '2022-04-30 15:15:36', NULL, NULL, NULL, NULL, 0, 1, NULL),
(336, 1, 1, 3, 16, 3, 3, 1, 1, 2, NULL, '03', 'B001', '329', '0.00', '2.00', '0.00', '0.00', '0.00', 1, '0.00', '0.00', '2.00', '0.00', '0.00', '2022-04-26 20:55:32', NULL, '', NULL, '', '0', 1, '2022-04-30 15:15:36', NULL, NULL, NULL, NULL, 0, 1, NULL),
(337, 1, 1, 3, 7, 3, 3, 1, 1, 2, NULL, '03', 'B001', '330', '0.00', '32.00', '0.00', '0.00', '0.00', 1, '0.00', '0.00', '32.00', '0.00', '0.00', '2022-04-26 21:08:44', NULL, '', NULL, '', '0', 1, '2022-04-30 15:15:36', NULL, NULL, NULL, NULL, 0, 1, NULL),
(338, 1, 1, 3, 7, 3, 3, 1, 1, 2, NULL, '03', 'B001', '331', '0.00', '8.00', '0.00', '0.00', '0.00', 1, '0.00', '0.00', '8.00', '0.00', '0.00', '2022-04-26 21:12:54', NULL, '', NULL, '', '0', 1, '2022-04-30 15:15:36', NULL, NULL, NULL, NULL, 0, 1, NULL),
(339, 1, 1, 3, 8, 3, 3, 1, 1, 2, NULL, '03', 'B001', '332', '0.00', '27.00', '0.00', '0.00', '0.00', 1, '0.00', '0.00', '27.00', '0.00', '0.00', '2022-04-26 21:13:46', NULL, '', NULL, '', '0', 1, '2022-04-30 15:15:36', NULL, NULL, NULL, NULL, 0, 1, NULL),
(340, 1, 1, 3, 9, 3, 3, 1, 1, 2, NULL, '03', 'B001', '333', '0.00', '105.00', '0.00', '0.00', '0.00', 1, '0.00', '0.00', '105.00', '0.00', '0.00', '2022-04-26 21:15:27', NULL, '', NULL, '', '0', 1, '2022-04-30 15:15:36', NULL, NULL, NULL, NULL, 0, 1, NULL),
(341, 1, 1, 3, 16, 3, 3, 1, 1, 2, NULL, '03', 'B001', '334', '0.00', '50.00', '0.00', '0.00', '0.00', 1, '0.00', '0.00', '50.00', '0.00', '0.00', '2022-04-26 22:16:29', NULL, '', NULL, '', '0', 1, '2022-04-30 15:15:36', NULL, NULL, NULL, NULL, 0, 1, NULL),
(342, 1, 1, 3, 6, 3, 3, 1, 1, 2, NULL, '03', 'B001', '335', '0.00', '135.00', '0.00', '0.00', '0.00', 1, '0.00', '0.00', '135.00', '0.00', '0.00', '2022-04-27 12:48:32', NULL, '', NULL, '', '0', 1, '2022-04-30 15:15:50', NULL, NULL, NULL, NULL, 0, 1, NULL),
(343, 1, 1, 3, 17, 3, 3, 1, 1, 2, NULL, '03', 'B001', '336', '0.00', '20.00', '0.00', '0.00', '0.00', 1, '0.00', '0.00', '20.00', '0.00', '0.00', '2022-04-27 13:38:30', NULL, '', NULL, '', '0', 1, '2022-04-30 15:15:50', NULL, NULL, NULL, NULL, 0, 1, NULL),
(344, 1, 1, 3, 19, 3, 3, 1, 1, 2, NULL, '03', 'B001', '337', '0.00', '38.00', '0.00', '0.00', '0.00', 1, '0.00', '0.00', '38.00', '0.00', '0.00', '2022-04-27 13:40:31', NULL, '', NULL, '', '0', 1, '2022-04-30 15:15:50', NULL, NULL, NULL, NULL, 0, 1, NULL),
(345, 1, 1, 3, 6, 3, 3, 1, 1, 2, NULL, '03', 'B001', '338', '0.00', '16.00', '0.00', '0.00', '0.00', 1, '0.00', '0.00', '16.00', '0.00', '0.00', '2022-04-27 15:07:28', NULL, '', NULL, '', '0', 1, '2022-04-30 15:15:50', NULL, NULL, NULL, NULL, 0, 1, NULL),
(346, 1, 1, 3, 6, 3, 3, 1, 1, 2, NULL, '03', 'B001', '339', '0.00', '16.00', '0.00', '0.00', '0.00', 1, '0.00', '0.00', '16.00', '100.00', '84.00', '2022-04-27 16:15:41', NULL, '', NULL, '', '0', 1, '2022-04-30 15:15:50', NULL, NULL, NULL, NULL, 0, 1, NULL),
(347, 1, 1, 3, 7, 3, 1, 1, 1, 2, NULL, '03', 'B001', '340', '0.00', '27.00', '0.00', '0.00', '0.00', 1, '0.00', '0.00', '27.00', '0.00', '0.00', '2022-04-27 16:41:49', NULL, '', NULL, '', '0', 1, '2022-04-30 15:15:50', NULL, NULL, NULL, NULL, 0, 1, NULL),
(348, 1, 1, 3, 6, 3, 3, 1, 1, 2, NULL, '03', 'B001', '341', '0.00', '12.00', '0.00', '0.00', '0.00', 1, '0.00', '0.00', '12.00', '0.00', '0.00', '2022-04-27 20:00:09', NULL, '', NULL, '', '0', 1, '2022-04-30 15:15:50', NULL, NULL, NULL, NULL, 0, 1, NULL),
(349, 1, 1, 3, 6, 3, 1, 1, 1, 2, NULL, '03', 'B001', '342', '0.00', '27.00', '0.00', '0.00', '0.00', 1, '0.00', '0.00', '27.00', '0.00', '0.00', '2022-04-27 20:57:07', NULL, '', NULL, '', '0', 1, '2022-04-30 15:15:50', NULL, NULL, NULL, NULL, 0, 1, NULL),
(350, 1, 1, 3, 6, 3, 1, 1, 1, 2, NULL, '03', 'B001', '343', '0.00', '8.00', '0.00', '0.00', '0.00', 1, '0.00', '0.00', '8.00', '0.00', '0.00', '2022-04-27 21:02:17', NULL, '', NULL, '', '0', 1, '2022-04-30 15:15:50', NULL, NULL, NULL, NULL, 0, 1, NULL),
(351, 1, 1, 3, 6, 3, 3, 1, 1, 2, NULL, '03', 'B001', '344', '0.00', '12.00', '0.00', '0.00', '0.00', 1, '0.00', '0.00', '12.00', '0.00', '0.00', '2022-04-27 21:41:14', NULL, '', NULL, '', '0', 1, '2022-04-30 15:15:50', NULL, NULL, NULL, NULL, 0, 1, NULL),
(352, 1, 1, 3, 6, 3, 3, 1, 1, 2, NULL, '03', 'B001', '345', '0.00', '16.00', '0.00', '0.00', '0.00', 1, '0.00', '0.00', '16.00', '0.00', '0.00', '2022-04-28 12:36:37', NULL, '', NULL, '', '0', 1, '2022-04-30 15:16:11', NULL, NULL, NULL, NULL, 0, 1, NULL),
(353, 1, 1, 3, 6, 3, 3, 1, 1, 2, NULL, '03', 'B001', '346', '0.00', '48.00', '0.00', '0.00', '0.00', 1, '0.00', '0.00', '48.00', '0.00', '0.00', '2022-04-28 14:08:17', NULL, '', NULL, '', '0', 1, '2022-04-30 15:16:11', NULL, NULL, NULL, NULL, 0, 1, NULL),
(354, 1, 1, 3, 6, 3, 3, 1, 1, 2, NULL, '03', 'B001', '347', '0.00', '353.00', '0.00', '0.00', '0.00', 1, '0.00', '0.00', '353.00', '400.00', '47.00', '2022-04-28 15:59:56', NULL, '', NULL, '', '0', 1, '2022-04-30 15:16:11', NULL, NULL, NULL, NULL, 0, 1, NULL),
(355, 1, 1, 3, 6, 3, 3, 1, 1, 2, NULL, '03', 'B001', '348', '0.00', '20.00', '0.00', '0.00', '0.00', 1, '0.00', '0.00', '20.00', '0.00', '0.00', '2022-04-28 16:17:31', NULL, '', NULL, '', '0', 1, '2022-04-30 15:16:11', NULL, NULL, NULL, NULL, 0, 1, NULL),
(356, 1, 1, 3, 6, 3, 3, 1, 1, 2, NULL, '03', 'B001', '349', '0.00', '18.00', '0.00', '0.00', '0.00', 1, '0.00', '0.00', '18.00', '50.00', '32.00', '2022-04-28 18:42:47', NULL, '', NULL, '', '0', 1, '2022-04-30 15:16:11', NULL, NULL, NULL, NULL, 0, 1, NULL),
(357, 1, 1, 3, 8, 3, 3, 1, 1, 2, NULL, '03', 'B001', '350', '0.00', '36.00', '0.00', '0.00', '0.00', 1, '0.00', '0.00', '36.00', '50.00', '14.00', '2022-04-28 18:46:35', NULL, '', NULL, '', '0', 1, '2022-04-30 15:16:11', NULL, NULL, NULL, NULL, 0, 1, NULL),
(358, 1, 1, 3, 8, 3, 3, 1, 1, 2, NULL, '03', 'B001', '351', '0.00', '8.00', '0.00', '0.00', '0.00', 1, '0.00', '0.00', '8.00', '0.00', '0.00', '2022-04-28 20:25:55', NULL, '', NULL, '', '0', 1, '2022-04-30 15:16:11', NULL, NULL, NULL, NULL, 0, 1, NULL),
(359, 1, 1, 3, 6, 3, 1, 1, 1, 2, NULL, '03', 'B001', '352', '0.00', '110.00', '0.00', '0.00', '0.00', 1, '0.00', '0.00', '110.00', '0.00', '0.00', '2022-04-28 21:45:51', NULL, '', NULL, '', '0', 1, '2022-04-30 15:16:12', NULL, NULL, NULL, NULL, 0, 1, NULL),
(360, 1, 1, 3, 9, 3, 1, 1, 1, 2, NULL, '03', 'B001', '353', '0.00', '43.00', '0.00', '0.00', '0.00', 1, '0.00', '0.00', '43.00', '0.00', '0.00', '2022-04-28 21:54:50', NULL, '', NULL, '', '0', 1, '2022-04-30 15:16:12', NULL, NULL, NULL, NULL, 0, 1, NULL),
(361, 1, 1, 3, 8, 14, 3, 1, 1, 2, NULL, '03', 'B001', '354', '0.00', '44.00', '0.00', '0.00', '0.00', 1, '0.00', '0.00', '44.00', '50.00', '6.00', '2022-04-28 22:04:44', NULL, '', NULL, '', '0', 1, '2022-04-30 15:16:12', NULL, NULL, NULL, NULL, 0, 1, NULL),
(362, 1, 1, 3, 7, 3, 1, 1, 1, 2, NULL, '03', 'B001', '355', '0.00', '162.00', '0.00', '0.00', '0.00', 1, '0.00', '0.00', '162.00', '0.00', '0.00', '2022-04-28 22:07:40', NULL, '', NULL, '', '0', 1, '2022-04-30 15:16:12', NULL, NULL, NULL, NULL, 0, 1, NULL),
(363, 1, 1, 3, 16, 3, 3, 1, 1, 2, NULL, '03', 'B001', '356', '0.00', '191.00', '0.00', '0.00', '0.00', 1, '0.00', '0.00', '191.00', '0.00', '0.00', '2022-04-28 23:52:30', NULL, '', NULL, '', '0', 1, '2022-04-30 15:16:12', NULL, NULL, NULL, NULL, 0, 1, NULL),
(364, 1, 1, 3, 6, 3, 3, 1, 1, 2, NULL, '03', 'B001', '357', '0.00', '59.00', '0.00', '0.00', '0.00', 1, '0.00', '0.00', '59.00', '100.00', '41.00', '2022-04-29 12:44:25', NULL, '', NULL, '', '0', 1, '2022-04-30 15:16:31', NULL, NULL, NULL, NULL, 0, 1, NULL),
(365, 1, 1, 3, 21, 3, 1, 1, 1, 2, NULL, '03', 'B001', '358', '0.00', '95.00', '0.00', '0.00', '0.00', 1, '0.00', '0.00', '95.00', '0.00', '0.00', '2022-04-29 14:02:49', NULL, '', NULL, '', '0', 1, '2022-04-30 15:16:31', NULL, NULL, NULL, NULL, 0, 1, NULL),
(366, 1, 1, 3, 6, 3, 3, 1, 1, 2, NULL, '03', 'B001', '359', '0.00', '287.00', '0.00', '0.00', '0.00', 1, '0.00', '0.00', '287.00', '0.00', '0.00', '2022-04-29 14:20:51', NULL, '', NULL, '', '0', 1, '2022-04-30 15:16:31', NULL, NULL, NULL, NULL, 0, 1, NULL),
(367, 1, 1, 3, 6, 3, 1, 1, 1, 2, NULL, '03', 'B001', '360', '0.00', '69.00', '0.00', '0.00', '0.00', 1, '0.00', '0.00', '69.00', '0.00', '0.00', '2022-04-29 14:52:35', NULL, '', NULL, '', '0', 1, '2022-04-30 15:16:31', NULL, NULL, NULL, NULL, 0, 1, NULL),
(368, 1, 1, 3, 7, 3, 3, 1, 1, 2, NULL, '03', 'B001', '361', '0.00', '27.00', '0.00', '0.00', '0.00', 1, '0.00', '0.00', '27.00', '0.00', '0.00', '2022-04-29 14:57:51', NULL, '', NULL, '', '0', 1, '2022-04-30 15:16:31', NULL, NULL, NULL, NULL, 0, 1, NULL),
(369, 1, 1, 3, 17, 3, 3, 1, 1, 2, NULL, '03', 'B001', '362', '0.00', '82.00', '0.00', '0.00', '0.00', 1, '0.00', '0.00', '82.00', '0.00', '0.00', '2022-04-29 15:43:12', NULL, '', NULL, '', '0', 1, '2022-04-30 15:16:31', NULL, NULL, NULL, NULL, 0, 1, NULL),
(370, 1, 1, 3, 6, 3, 3, 1, 1, 2, NULL, '03', 'B001', '363', '0.00', '4.00', '0.00', '0.00', '0.00', 1, '0.00', '0.00', '4.00', '0.00', '0.00', '2022-04-29 16:25:10', NULL, '', NULL, '', '0', 1, '2022-04-30 15:16:31', NULL, NULL, NULL, NULL, 0, 1, NULL),
(371, 1, 1, 3, 6, 3, 3, 1, 1, 2, NULL, '03', 'B001', '364', '0.00', '4.00', '0.00', '0.00', '0.00', 1, '0.00', '0.00', '4.00', '0.00', '0.00', '2022-04-29 18:18:31', NULL, '', NULL, '', '0', 1, '2022-04-30 15:16:31', NULL, NULL, NULL, NULL, 0, 1, NULL),
(372, 1, 1, 3, 21, 3, 3, 1, 1, 2, NULL, '03', 'B001', '365', '0.00', '200.00', '0.00', '0.00', '0.00', 1, '0.00', '0.00', '200.00', '0.00', '0.00', '2022-04-29 19:22:42', NULL, '', NULL, '', '0', 1, '2022-04-30 15:16:31', NULL, NULL, NULL, NULL, 0, 1, NULL),
(373, 1, 1, 3, 19, 3, 3, 1, 1, 2, NULL, '03', 'B001', '366', '0.00', '16.00', '0.00', '0.00', '0.00', 1, '0.00', '0.00', '16.00', '0.00', '0.00', '2022-04-29 19:40:23', NULL, '', NULL, '', '0', 1, '2022-04-30 15:16:31', NULL, NULL, NULL, NULL, 0, 1, NULL),
(374, 1, 1, 3, 18, 3, 3, 1, 1, 2, NULL, '03', 'B001', '367', '0.00', '36.00', '0.00', '0.00', '0.00', 1, '0.00', '0.00', '36.00', '0.00', '0.00', '2022-04-29 20:04:41', NULL, '', NULL, '', '0', 1, '2022-04-30 15:16:32', NULL, NULL, NULL, NULL, 0, 1, NULL),
(375, 1, 1, 3, 7, 3, 3, 1, 1, 2, NULL, '03', 'B001', '368', '0.00', '92.00', '0.00', '0.00', '0.00', 1, '0.00', '0.00', '92.00', '100.00', '8.00', '2022-04-29 20:19:04', NULL, '', NULL, '', '0', 1, '2022-04-30 15:16:32', NULL, NULL, NULL, NULL, 0, 1, NULL),
(376, 1, 1, 3, 6, 3, 3, 1, 1, 2, NULL, '03', 'B001', '369', '0.00', '23.00', '0.00', '0.00', '0.00', 1, '0.00', '0.00', '23.00', '40.00', '17.00', '2022-04-29 20:41:50', NULL, '', NULL, '', '0', 1, '2022-04-30 15:16:32', NULL, NULL, NULL, NULL, 0, 1, NULL),
(377, 1, 1, 3, 21, 3, 3, 1, 1, 2, NULL, '03', 'B001', '370', '0.00', '56.00', '0.00', '0.00', '0.00', 1, '0.00', '0.00', '56.00', '100.00', '44.00', '2022-04-29 21:27:39', NULL, '', NULL, '', '0', 1, '2022-04-30 15:16:32', NULL, NULL, NULL, NULL, 0, 1, NULL),
(378, 1, 1, 3, 8, 3, 3, 1, 1, 2, NULL, '03', 'B001', '371', '0.00', '64.00', '0.00', '0.00', '0.00', 1, '0.00', '0.00', '64.00', '0.00', '0.00', '2022-04-29 21:28:22', NULL, '', NULL, '', '0', 1, '2022-04-30 15:16:32', NULL, NULL, NULL, NULL, 0, 1, NULL),
(379, 1, 1, 3, 6, 3, 3, 1, 1, 2, NULL, '03', 'B001', '372', '0.00', '22.00', '0.00', '0.00', '0.00', 1, '0.00', '0.00', '22.00', '0.00', '0.00', '2022-04-29 21:43:59', NULL, '', NULL, '', '0', 1, '2022-04-30 15:16:32', NULL, NULL, NULL, NULL, 0, 1, NULL),
(380, 1, 1, 3, 19, 3, 3, 1, 1, 2, NULL, '03', 'B001', '373', '0.00', '50.00', '0.00', '0.00', '0.00', 1, '0.00', '0.00', '50.00', '0.00', '0.00', '2022-04-29 22:47:18', NULL, '', NULL, '', '0', 1, '2022-04-30 15:16:32', NULL, NULL, NULL, NULL, 0, 1, NULL),
(381, 1, 1, 3, 19, 3, 3, 1, 1, 2, NULL, '03', 'B001', '374', '0.00', '59.00', '0.00', '0.00', '0.00', 1, '0.00', '0.00', '59.00', '0.00', '0.00', '2022-04-29 22:48:00', NULL, '', NULL, '', '0', 1, '2022-04-30 15:16:32', NULL, NULL, NULL, NULL, 0, 1, NULL),
(382, 1, 1, 3, 9, 3, 3, 1, 1, 2, NULL, '03', 'B001', '375', '0.00', '8.00', '0.00', '0.00', '0.00', 1, '0.00', '0.00', '8.00', '0.00', '0.00', '2022-04-29 23:05:37', NULL, '', NULL, '', '0', 1, '2022-04-30 15:16:32', NULL, NULL, NULL, NULL, 0, 1, NULL);
INSERT INTO `ventas` (`id_venta`, `id_caja_numero`, `id_empresa`, `id_usuario`, `id_mesa`, `id_cliente`, `id_tipo_pago`, `id_moneda`, `venta_condicion_resumen`, `venta_tipo_envio`, `venta_direccion`, `venta_tipo`, `venta_serie`, `venta_correlativo`, `venta_totalgratuita`, `venta_totalexonerada`, `venta_totalinafecta`, `venta_totalgravada`, `venta_totaligv`, `venta_incluye_igv`, `venta_totaldescuento`, `venta_icbper`, `venta_total`, `venta_pago_cliente`, `venta_vuelto`, `venta_fecha`, `venta_observacion`, `tipo_documento_modificar`, `serie_modificar`, `correlativo_modificar`, `venta_codigo_motivo_nota`, `venta_estado_sunat`, `venta_fecha_envio`, `venta_rutaXML`, `venta_rutaCDR`, `venta_respuesta_sunat`, `venta_fecha_de_baja`, `anulado_sunat`, `venta_cancelar`, `venta_seriecorrelativo_notaventa`) VALUES
(383, 1, 1, 3, 6, 3, 3, 1, 1, 2, NULL, '03', 'B001', '376', '0.00', '32.00', '0.00', '0.00', '0.00', 1, '0.00', '0.00', '32.00', '0.00', '0.00', '2022-04-29 23:06:02', NULL, '', NULL, '', '0', 1, '2022-04-30 15:16:32', NULL, NULL, NULL, NULL, 0, 1, NULL),
(384, 1, 1, 3, 6, 3, 3, 1, 1, 2, NULL, '03', 'B001', '377', '0.00', '62.00', '0.00', '0.00', '0.00', 1, '0.00', '0.00', '62.00', '100.00', '38.00', '2022-04-30 12:23:41', NULL, '', NULL, '', '0', 1, '2022-05-03 12:10:41', NULL, NULL, NULL, NULL, 0, 1, NULL),
(385, 1, 1, 3, 6, 3, 3, 1, 1, 2, NULL, '03', 'B001', '378', '0.00', '82.00', '0.00', '0.00', '0.00', 1, '0.00', '0.00', '82.00', '0.00', '0.00', '2022-04-30 13:56:20', NULL, '', NULL, '', '0', 1, '2022-05-03 12:10:41', NULL, NULL, NULL, NULL, 0, 1, NULL),
(386, 1, 1, 3, 21, 3, 3, 1, 1, 2, NULL, '03', 'B001', '379', '0.00', '85.00', '0.00', '0.00', '0.00', 1, '0.00', '0.00', '85.00', '0.00', '0.00', '2022-04-30 14:07:36', NULL, '', NULL, '', '0', 1, '2022-05-03 12:10:41', NULL, NULL, NULL, NULL, 0, 1, NULL),
(387, 1, 1, 3, 6, 3, 3, 1, 1, 2, NULL, '03', 'B001', '380', '0.00', '2.00', '0.00', '0.00', '0.00', 1, '0.00', '0.00', '2.00', '0.00', '0.00', '2022-04-30 15:17:58', NULL, '', NULL, '', '0', 1, '2022-05-03 12:10:41', NULL, NULL, NULL, NULL, 0, 1, NULL),
(388, 1, 1, 3, 21, 3, 3, 1, 1, 2, NULL, '03', 'B001', '381', '0.00', '16.00', '0.00', '0.00', '0.00', 1, '0.00', '0.00', '16.00', '0.00', '0.00', '2022-04-30 16:35:31', NULL, '', NULL, '', '0', 1, '2022-05-03 12:10:41', NULL, NULL, NULL, NULL, 0, 1, NULL),
(389, 1, 1, 3, 20, 3, 3, 1, 1, 2, NULL, '03', 'B001', '382', '0.00', '24.00', '0.00', '0.00', '0.00', 1, '0.00', '0.00', '24.00', '100.00', '76.00', '2022-04-30 16:42:26', NULL, '', NULL, '', '0', 1, '2022-05-03 12:10:41', NULL, NULL, NULL, NULL, 0, 1, NULL),
(390, 1, 1, 3, 21, 3, 3, 1, 1, 2, NULL, '03', 'B001', '383', '0.00', '18.00', '0.00', '0.00', '0.00', 1, '0.00', '0.00', '18.00', '0.00', '0.00', '2022-04-30 18:12:04', NULL, '', NULL, '', '0', 1, '2022-05-03 12:10:41', NULL, NULL, NULL, NULL, 0, 1, NULL),
(391, 1, 1, 3, 6, 3, 3, 1, 1, 2, NULL, '03', 'B001', '384', '0.00', '16.00', '0.00', '0.00', '0.00', 1, '0.00', '0.00', '16.00', '0.00', '0.00', '2022-04-30 18:32:31', NULL, '', NULL, '', '0', 1, '2022-05-03 12:10:42', NULL, NULL, NULL, NULL, 0, 1, NULL),
(392, 1, 1, 3, 7, 3, 3, 1, 1, 2, NULL, '03', 'B001', '385', '0.00', '79.00', '0.00', '0.00', '0.00', 1, '0.00', '0.00', '79.00', '100.00', '21.00', '2022-04-30 18:58:12', NULL, '', NULL, '', '0', 1, '2022-05-03 12:10:42', NULL, NULL, NULL, NULL, 0, 1, NULL),
(393, 1, 1, 3, 7, 3, 1, 1, 1, 2, NULL, '03', 'B001', '386', '0.00', '24.00', '0.00', '0.00', '0.00', 1, '0.00', '0.00', '24.00', '0.00', '0.00', '2022-04-30 19:14:38', NULL, '', NULL, '', '0', 1, '2022-05-03 12:10:42', NULL, NULL, NULL, NULL, 0, 1, NULL),
(394, 1, 1, 3, 22, 3, 3, 1, 1, 2, NULL, '03', 'B001', '387', '0.00', '4.00', '0.00', '0.00', '0.00', 1, '0.00', '0.00', '4.00', '0.00', '0.00', '2022-04-30 19:18:40', NULL, '', NULL, '', '0', 1, '2022-05-03 12:10:42', NULL, NULL, NULL, NULL, 0, 1, NULL),
(395, 1, 1, 3, 21, 3, 1, 1, 1, 2, NULL, '03', 'B001', '388', '0.00', '103.00', '0.00', '0.00', '0.00', 1, '0.00', '0.00', '103.00', '0.00', '0.00', '2022-04-30 20:35:55', NULL, '', NULL, '', '0', 1, '2022-05-03 12:10:42', NULL, NULL, NULL, NULL, 0, 1, NULL),
(396, 1, 1, 3, 21, 3, 1, 1, 1, 2, NULL, '03', 'B001', '389', '0.00', '24.00', '0.00', '0.00', '0.00', 1, '0.00', '0.00', '24.00', '0.00', '0.00', '2022-04-30 20:38:22', NULL, '', NULL, '', '0', 1, '2022-05-03 12:10:42', NULL, NULL, NULL, NULL, 0, 1, NULL),
(397, 1, 1, 3, 17, 3, 3, 1, 1, 2, NULL, '03', 'B001', '390', '0.00', '43.00', '0.00', '0.00', '0.00', 1, '0.00', '0.00', '43.00', '0.00', '0.00', '2022-04-30 20:42:42', NULL, '', NULL, '', '0', 1, '2022-05-03 12:10:42', NULL, NULL, NULL, NULL, 0, 1, NULL),
(398, 1, 1, 3, 20, 3, 3, 1, 1, 2, NULL, '03', 'B001', '391', '0.00', '24.00', '0.00', '0.00', '0.00', 1, '0.00', '0.00', '24.00', '0.00', '0.00', '2022-04-30 20:56:45', NULL, '', NULL, '', '0', 1, '2022-05-03 12:10:42', NULL, NULL, NULL, NULL, 0, 1, NULL),
(399, 1, 1, 3, 22, 3, 3, 1, 1, 2, NULL, '03', 'B001', '392', '0.00', '58.00', '0.00', '0.00', '0.00', 1, '0.00', '0.00', '58.00', '0.00', '0.00', '2022-04-30 20:59:30', NULL, '', NULL, '', '0', 1, '2022-05-03 12:10:42', NULL, NULL, NULL, NULL, 0, 1, NULL),
(400, 1, 1, 3, 19, 3, 3, 1, 1, 2, NULL, '03', 'B001', '393', '0.00', '32.00', '0.00', '0.00', '0.00', 1, '0.00', '0.00', '32.00', '0.00', '0.00', '2022-04-30 21:05:05', NULL, '', NULL, '', '0', 1, '2022-05-03 12:10:42', NULL, NULL, NULL, NULL, 0, 1, NULL),
(401, 1, 1, 3, 22, 3, 3, 1, 1, 2, NULL, '03', 'B001', '394', '0.00', '4.00', '0.00', '0.00', '0.00', 1, '0.00', '0.00', '4.00', '20.00', '16.00', '2022-04-30 21:14:15', NULL, '', NULL, '', '0', 1, '2022-05-03 12:10:42', NULL, NULL, NULL, NULL, 0, 1, NULL),
(402, 1, 1, 3, 22, 3, 3, 1, 1, 2, NULL, '03', 'B001', '395', '0.00', '4.00', '0.00', '0.00', '0.00', 1, '0.00', '0.00', '4.00', '0.00', '0.00', '2022-04-30 21:15:37', NULL, '', NULL, '', '0', 1, '2022-05-03 12:10:42', NULL, NULL, NULL, NULL, 0, 1, NULL),
(403, 1, 1, 3, 22, 3, 3, 1, 1, 2, NULL, '03', 'B001', '396', '0.00', '12.00', '0.00', '0.00', '0.00', 1, '0.00', '0.00', '12.00', '0.00', '0.00', '2022-04-30 21:58:11', NULL, '', NULL, '', '0', 1, '2022-05-03 12:10:42', NULL, NULL, NULL, NULL, 0, 1, NULL),
(404, 1, 1, 3, 22, 3, 3, 1, 1, 2, NULL, '03', 'B001', '397', '0.00', '32.00', '0.00', '0.00', '0.00', 1, '0.00', '0.00', '32.00', '50.00', '18.00', '2022-04-30 22:06:26', NULL, '', NULL, '', '0', 1, '2022-05-03 12:10:42', NULL, NULL, NULL, NULL, 0, 1, NULL),
(405, 1, 1, 3, 16, 3, 1, 1, 1, 2, NULL, '03', 'B001', '398', '0.00', '161.00', '0.00', '0.00', '0.00', 1, '0.00', '0.00', '161.00', '0.00', '0.00', '2022-04-30 22:17:54', NULL, '', NULL, '', '0', 1, '2022-05-03 12:10:42', NULL, NULL, NULL, NULL, 0, 1, NULL),
(406, 1, 1, 3, 21, 3, 3, 1, 1, 2, NULL, '03', 'B001', '399', '0.00', '48.00', '0.00', '0.00', '0.00', 1, '0.00', '0.00', '48.00', '100.00', '52.00', '2022-04-30 22:20:28', NULL, '', NULL, '', '0', 1, '2022-05-03 12:10:42', NULL, NULL, NULL, NULL, 0, 1, NULL),
(407, 1, 1, 3, 18, 3, 1, 1, 1, 2, NULL, '03', 'B001', '400', '0.00', '108.00', '0.00', '0.00', '0.00', 1, '0.00', '0.00', '108.00', '0.00', '0.00', '2022-04-30 22:39:40', NULL, '', NULL, '', '0', 1, '2022-05-03 12:10:42', NULL, NULL, NULL, NULL, 0, 1, NULL),
(408, 1, 1, 3, 8, 3, 3, 1, 1, 2, NULL, '03', 'B001', '401', '0.00', '54.00', '0.00', '0.00', '0.00', 1, '0.00', '0.00', '54.00', '0.00', '0.00', '2022-04-30 23:01:24', NULL, '', NULL, '', '0', 1, '2022-05-03 12:10:42', NULL, NULL, NULL, NULL, 0, 1, NULL),
(409, 1, 1, 3, 20, 3, 3, 1, 1, 2, NULL, '03', 'B001', '402', '0.00', '16.00', '0.00', '0.00', '0.00', 1, '0.00', '0.00', '16.00', '100.00', '84.00', '2022-04-30 23:24:28', NULL, '', NULL, '', '0', 1, '2022-05-03 12:10:42', NULL, NULL, NULL, NULL, 0, 1, NULL),
(410, 1, 1, 3, 19, 3, 3, 1, 1, 2, NULL, '03', 'B001', '403', '0.00', '44.00', '0.00', '0.00', '0.00', 1, '0.00', '0.00', '44.00', '0.00', '0.00', '2022-04-30 23:40:18', NULL, '', NULL, '', '0', 1, '2022-05-03 12:10:42', NULL, NULL, NULL, NULL, 0, 1, NULL),
(411, 1, 1, 3, 20, 3, 3, 1, 1, 2, NULL, '03', 'B001', '404', '0.00', '8.00', '0.00', '0.00', '0.00', 1, '0.00', '0.00', '8.00', '10.00', '2.00', '2022-04-30 23:42:39', NULL, '', NULL, '', '0', 1, '2022-05-03 12:10:42', NULL, NULL, NULL, NULL, 0, 1, NULL),
(412, 1, 1, 3, 6, 3, 3, 1, 1, 2, NULL, '03', 'B001', '405', '0.00', '12.00', '0.00', '0.00', '0.00', 1, '0.00', '0.00', '12.00', '0.00', '0.00', '2022-04-30 23:57:11', NULL, '', NULL, '', '0', 1, '2022-05-03 12:10:42', NULL, NULL, NULL, NULL, 0, 1, NULL),
(413, 1, 1, 3, 9, 3, 3, 1, 1, 2, NULL, '03', 'B001', '406', '0.00', '24.00', '0.00', '0.00', '0.00', 1, '0.00', '0.00', '24.00', '50.00', '26.00', '2022-05-01 00:12:21', NULL, '', NULL, '', '0', 1, '2022-05-03 12:11:03', NULL, NULL, NULL, NULL, 0, 1, NULL),
(414, 1, 1, 3, 21, 3, 3, 1, 1, 2, NULL, '03', 'B001', '407', '0.00', '64.00', '0.00', '0.00', '0.00', 1, '0.00', '0.00', '64.00', '0.00', '0.00', '2022-05-01 00:24:02', NULL, '', NULL, '', '0', 1, '2022-05-03 12:11:03', NULL, NULL, NULL, NULL, 0, 1, NULL),
(415, 1, 1, 3, 21, 3, 3, 1, 1, 2, NULL, '03', 'B001', '408', '0.00', '8.00', '0.00', '0.00', '0.00', 1, '0.00', '0.00', '8.00', '0.00', '0.00', '2022-05-01 00:27:19', NULL, '', NULL, '', '0', 1, '2022-05-03 12:11:03', NULL, NULL, NULL, NULL, 0, 1, NULL),
(416, 1, 1, 3, 22, 3, 3, 1, 1, 2, NULL, '03', 'B001', '409', '0.00', '120.00', '0.00', '0.00', '0.00', 1, '0.00', '0.00', '120.00', '0.00', '0.00', '2022-05-01 00:37:26', NULL, '', NULL, '', '0', 1, '2022-05-03 12:11:03', NULL, NULL, NULL, NULL, 0, 1, NULL),
(417, 1, 1, 3, 17, 3, 1, 1, 1, 2, NULL, '03', 'B001', '410', '0.00', '74.00', '0.00', '0.00', '0.00', 1, '0.00', '0.00', '74.00', '0.00', '0.00', '2022-05-01 00:49:02', NULL, '', NULL, '', '0', 1, '2022-05-03 12:11:03', NULL, NULL, NULL, NULL, 0, 1, NULL),
(418, 1, 1, 3, 19, 3, 1, 1, 1, 2, NULL, '03', 'B001', '411', '0.00', '99.00', '0.00', '0.00', '0.00', 1, '0.00', '0.00', '99.00', '0.00', '0.00', '2022-05-01 00:58:41', NULL, '', NULL, '', '0', 1, '2022-05-03 12:11:03', NULL, NULL, NULL, NULL, 0, 1, NULL),
(419, 1, 1, 3, 7, 3, 3, 1, 1, 2, NULL, '03', 'B001', '412', '0.00', '10.00', '0.00', '0.00', '0.00', 1, '0.00', '0.00', '10.00', '0.00', '0.00', '2022-05-01 01:00:46', NULL, '', NULL, '', '0', 1, '2022-05-03 12:11:03', NULL, NULL, NULL, NULL, 0, 1, NULL),
(420, 1, 1, 3, 20, 3, 3, 1, 1, 2, NULL, '03', 'B001', '413', '0.00', '48.00', '0.00', '0.00', '0.00', 1, '0.00', '0.00', '48.00', '0.00', '0.00', '2022-05-01 01:06:53', NULL, '', NULL, '', '0', 1, '2022-05-03 12:11:04', NULL, NULL, NULL, NULL, 0, 1, NULL),
(421, 1, 1, 3, 8, 3, 3, 1, 1, 2, NULL, '03', 'B001', '414', '0.00', '14.00', '0.00', '0.00', '0.00', 1, '0.00', '0.00', '14.00', '0.00', '0.00', '2022-05-01 01:30:36', NULL, '', NULL, '', '0', 1, '2022-05-03 12:11:04', NULL, NULL, NULL, NULL, 0, 1, NULL),
(422, 1, 1, 3, 6, 3, 3, 1, 1, 2, NULL, '03', 'B001', '415', '0.00', '32.00', '0.00', '0.00', '0.00', 1, '0.00', '0.00', '32.00', '0.00', '0.00', '2022-05-01 02:13:43', NULL, '', NULL, '', '0', 1, '2022-05-03 12:11:04', NULL, NULL, NULL, NULL, 0, 1, NULL),
(423, 1, 1, 3, 9, 3, 3, 1, 1, 2, NULL, '03', 'B001', '416', '0.00', '48.00', '0.00', '0.00', '0.00', 1, '0.00', '0.00', '48.00', '0.00', '0.00', '2022-05-01 02:19:19', NULL, '', NULL, '', '0', 1, '2022-05-03 12:11:04', NULL, NULL, NULL, NULL, 0, 1, NULL),
(424, 1, 1, 3, 7, 3, 3, 1, 1, 2, NULL, '03', 'B001', '417', '0.00', '72.00', '0.00', '0.00', '0.00', 1, '0.00', '0.00', '72.00', '0.00', '0.00', '2022-05-01 02:38:53', NULL, '', NULL, '', '0', 1, '2022-05-03 12:11:04', NULL, NULL, NULL, NULL, 0, 1, NULL),
(425, 1, 1, 3, 6, 3, 3, 1, 1, 2, NULL, '03', 'B001', '418', '0.00', '4.00', '0.00', '0.00', '0.00', 1, '0.00', '0.00', '4.00', '0.00', '0.00', '2022-05-01 13:08:04', NULL, '', NULL, '', '0', 1, '2022-05-03 12:11:04', NULL, NULL, NULL, NULL, 0, 1, NULL),
(426, 1, 1, 3, 6, 3, 3, 1, 1, 2, NULL, '03', 'B001', '419', '0.00', '66.00', '0.00', '0.00', '0.00', 1, '0.00', '0.00', '66.00', '0.00', '0.00', '2022-05-01 13:44:13', NULL, '', NULL, '', '0', 1, '2022-05-03 12:11:04', NULL, NULL, NULL, NULL, 0, 1, NULL),
(427, 1, 1, 3, 6, 3, 3, 1, 1, 2, NULL, '03', 'B001', '420', '0.00', '4.00', '0.00', '0.00', '0.00', 1, '0.00', '0.00', '4.00', '0.00', '0.00', '2022-05-01 14:00:10', NULL, '', NULL, '', '0', 1, '2022-05-03 12:11:04', NULL, NULL, NULL, NULL, 0, 1, NULL),
(428, 1, 1, 3, 6, 3, 3, 1, 1, 2, NULL, '03', 'B001', '421', '0.00', '39.00', '0.00', '0.00', '0.00', 1, '0.00', '0.00', '39.00', '0.00', '0.00', '2022-05-01 15:17:24', NULL, '', NULL, '', '0', 1, '2022-05-03 12:11:04', NULL, NULL, NULL, NULL, 0, 1, NULL),
(429, 1, 1, 3, 8, 3, 3, 1, 1, 2, NULL, '03', 'B001', '422', '0.00', '16.00', '0.00', '0.00', '0.00', 1, '0.00', '0.00', '16.00', '0.00', '0.00', '2022-05-01 15:30:03', NULL, '', NULL, '', '0', 1, '2022-05-03 12:11:04', NULL, NULL, NULL, NULL, 0, 1, NULL),
(430, 1, 1, 3, 6, 3, 3, 1, 1, 2, NULL, '03', 'B001', '423', '0.00', '82.00', '0.00', '0.00', '0.00', 1, '0.00', '0.00', '82.00', '0.00', '0.00', '2022-05-01 16:06:51', NULL, '', NULL, '', '0', 1, '2022-05-03 12:11:04', NULL, NULL, NULL, NULL, 0, 1, NULL),
(431, 1, 1, 3, 7, 3, 3, 1, 1, 2, NULL, '03', 'B001', '424', '0.00', '65.00', '0.00', '0.00', '0.00', 1, '0.00', '0.00', '65.00', '0.00', '0.00', '2022-05-01 16:21:00', NULL, '', NULL, '', '0', 1, '2022-05-03 12:11:04', NULL, NULL, NULL, NULL, 0, 1, NULL),
(432, 1, 1, 3, 20, 3, 1, 1, 1, 2, NULL, '03', 'B001', '425', '0.00', '91.00', '0.00', '0.00', '0.00', 1, '0.00', '0.00', '91.00', '0.00', '0.00', '2022-05-01 16:23:55', NULL, '', NULL, '', '0', 1, '2022-05-03 12:11:04', NULL, NULL, NULL, NULL, 0, 1, NULL),
(433, 1, 1, 3, 9, 3, 3, 1, 1, 2, NULL, '03', 'B001', '426', '0.00', '36.00', '0.00', '0.00', '0.00', 1, '0.00', '0.00', '36.00', '40.00', '4.00', '2022-05-01 16:33:47', NULL, '', NULL, '', '0', 1, '2022-05-03 12:11:04', NULL, NULL, NULL, NULL, 0, 1, NULL),
(434, 1, 1, 3, 17, 3, 3, 1, 1, 2, NULL, '03', 'B001', '427', '0.00', '36.00', '0.00', '0.00', '0.00', 1, '0.00', '0.00', '36.00', '100.00', '64.00', '2022-05-01 16:44:46', NULL, '', NULL, '', '0', 1, '2022-05-03 12:11:04', NULL, NULL, NULL, NULL, 0, 1, NULL),
(435, 1, 1, 3, 19, 3, 1, 1, 1, 2, NULL, '03', 'B001', '428', '0.00', '63.00', '0.00', '0.00', '0.00', 1, '0.00', '0.00', '63.00', '0.00', '0.00', '2022-05-01 17:13:19', NULL, '', NULL, '', '0', 1, '2022-05-03 12:11:04', NULL, NULL, NULL, NULL, 0, 1, NULL),
(436, 1, 1, 3, 6, 3, 3, 1, 1, 2, NULL, '03', 'B001', '429', '0.00', '60.00', '0.00', '0.00', '0.00', 1, '0.00', '0.00', '60.00', '0.00', '0.00', '2022-05-01 17:29:59', NULL, '', NULL, '', '0', 1, '2022-05-03 12:11:04', NULL, NULL, NULL, NULL, 0, 1, NULL),
(437, 1, 1, 3, 20, 3, 3, 1, 1, 2, NULL, '03', 'B001', '430', '0.00', '63.00', '0.00', '0.00', '0.00', 1, '0.00', '0.00', '63.00', '0.00', '0.00', '2022-05-01 17:47:00', NULL, '', NULL, '', '0', 1, '2022-05-03 12:11:04', NULL, NULL, NULL, NULL, 0, 1, NULL),
(438, 1, 1, 3, 22, 3, 3, 1, 1, 2, NULL, '03', 'B001', '431', '0.00', '4.00', '0.00', '0.00', '0.00', 1, '0.00', '0.00', '4.00', '0.00', '0.00', '2022-05-01 18:01:30', NULL, '', NULL, '', '0', 1, '2022-05-03 12:11:04', NULL, NULL, NULL, NULL, 0, 1, NULL),
(439, 1, 1, 3, 21, 3, 3, 1, 1, 2, NULL, '03', 'B001', '432', '0.00', '68.00', '0.00', '0.00', '0.00', 1, '0.00', '0.00', '68.00', '0.00', '0.00', '2022-05-01 18:25:19', NULL, '', NULL, '', '0', 1, '2022-05-03 12:11:04', NULL, NULL, NULL, NULL, 0, 1, NULL),
(440, 1, 1, 3, 6, 3, 3, 1, 1, 2, NULL, '03', 'B001', '433', '0.00', '24.00', '0.00', '0.00', '0.00', 1, '0.00', '0.00', '24.00', '0.00', '0.00', '2022-05-01 18:25:43', NULL, '', NULL, '', '0', 1, '2022-05-03 12:11:04', NULL, NULL, NULL, NULL, 0, 1, NULL),
(441, 1, 1, 3, 19, 3, 3, 1, 1, 2, NULL, '03', 'B001', '434', '0.00', '26.00', '0.00', '0.00', '0.00', 1, '0.00', '0.00', '26.00', '50.00', '24.00', '2022-05-01 18:30:50', NULL, '', NULL, '', '0', 1, '2022-05-03 12:11:04', NULL, NULL, NULL, NULL, 0, 1, NULL);

-- --------------------------------------------------------

--
-- Table structure for table `ventas_anulados`
--

CREATE TABLE `ventas_anulados` (
  `id_venta_anulado` int(11) NOT NULL,
  `venta_anulado_fecha` date NOT NULL,
  `venta_anulado_serie` varchar(20) NOT NULL,
  `venta_anulado_correlativo` int(11) NOT NULL,
  `venta_anulacion_ticket` varchar(100) NOT NULL,
  `venta_anulado_rutaXML` varchar(1000) NOT NULL,
  `venta_anulado_rutaCDR` varchar(1000) DEFAULT NULL,
  `venta_anulado_estado_sunat` varchar(1000) DEFAULT NULL,
  `id_venta` int(11) NOT NULL,
  `id_user` int(11) NOT NULL,
  `venta_anulado_datetime` datetime NOT NULL DEFAULT CURRENT_TIMESTAMP,
  `venta_anulado_estado` tinyint(4) NOT NULL DEFAULT '0'
) ENGINE=InnoDB DEFAULT CHARSET=latin1;

-- --------------------------------------------------------

--
-- Table structure for table `ventas_cuotas`
--

CREATE TABLE `ventas_cuotas` (
  `id_ventas_cuotas` int(11) NOT NULL,
  `id_ventas` int(11) NOT NULL,
  `id_tipo_pago` int(11) NOT NULL,
  `venta_cuota_numero` varchar(30) NOT NULL,
  `venta_cuota_importe` decimal(10,2) NOT NULL,
  `venta_cuota_fecha` date NOT NULL,
  `venta_cuota_estado` tinyint(4) NOT NULL DEFAULT '1',
  `venta_cuota_datetime` datetime NOT NULL
) ENGINE=InnoDB DEFAULT CHARSET=latin1;

-- --------------------------------------------------------

--
-- Table structure for table `ventas_detalle`
--

CREATE TABLE `ventas_detalle` (
  `id_venta_detalle` int(11) NOT NULL,
  `id_venta` int(11) NOT NULL,
  `id_comanda_detalle` int(11) NOT NULL,
  `venta_detalle_valor_unitario` decimal(10,2) NOT NULL DEFAULT '0.00',
  `venta_detalle_precio_unitario` decimal(10,2) NOT NULL,
  `venta_detalle_nombre_producto` varchar(200) COLLATE utf8_unicode_ci NOT NULL,
  `venta_detalle_cantidad` double NOT NULL,
  `venta_detalle_total_igv` decimal(10,2) NOT NULL,
  `venta_detalle_porcentaje_igv` decimal(10,2) NOT NULL DEFAULT '0.18',
  `venta_detalle_total_icbper` decimal(10,2) NOT NULL DEFAULT '0.00',
  `venta_detalle_valor_total` decimal(10,2) NOT NULL DEFAULT '0.00',
  `venta_detalle_importe_total` decimal(10,2) NOT NULL DEFAULT '0.00',
  `id_producto_precio` int(11) DEFAULT NULL
) ENGINE=InnoDB DEFAULT CHARSET=utf8 COLLATE=utf8_unicode_ci;

--
-- Dumping data for table `ventas_detalle`
--

INSERT INTO `ventas_detalle` (`id_venta_detalle`, `id_venta`, `id_comanda_detalle`, `venta_detalle_valor_unitario`, `venta_detalle_precio_unitario`, `venta_detalle_nombre_producto`, `venta_detalle_cantidad`, `venta_detalle_total_igv`, `venta_detalle_porcentaje_igv`, `venta_detalle_total_icbper`, `venta_detalle_valor_total`, `venta_detalle_importe_total`, `id_producto_precio`) VALUES
(1, 1, 2, '20.00', '20.00', 'LECHE SIMPSON', 1, '0.00', '18.00', '0.00', '20.00', '20.00', NULL),
(2, 3, 3, '12.00', '12.00', 'LECHE SIMPLE', 1, '0.00', '18.00', '0.00', '12.00', '12.00', NULL),
(3, 3, 4, '35.00', '35.00', 'CEVICHE  + CHICHARRON', 1, '0.00', '18.00', '0.00', '35.00', '35.00', NULL),
(4, 4, 5, '32.00', '32.00', 'CEVICHE MIXTO', 2, '0.00', '18.00', '0.00', '64.00', '64.00', NULL),
(5, 4, 6, '4.00', '4.00', 'INCA KOLA 500ML', 4, '0.00', '18.00', '0.00', '16.00', '16.00', NULL),
(6, 4, 7, '30.00', '30.00', 'CHICHARRON DE POLLO', 1, '0.00', '18.00', '0.00', '30.00', '30.00', NULL),
(7, 4, 8, '30.00', '30.00', 'POLLO A LA PLANCHA', 1, '0.00', '18.00', '0.00', '30.00', '30.00', NULL),
(8, 5, 9, '12.00', '12.00', 'LECHE SIMPLE', 1, '0.00', '18.00', '0.00', '12.00', '12.00', NULL),
(9, 5, 10, '4.00', '4.00', 'INCA KOLA 500ML', 2, '0.00', '18.00', '0.00', '8.00', '8.00', NULL),
(10, 5, 11, '25.00', '25.00', 'POLLO BROASTER C/ CHAUFA Y PAPA', 1, '0.00', '18.00', '0.00', '25.00', '25.00', NULL),
(11, 5, 12, '8.00', '8.00', 'CERVEZA CRISTAL', 2, '0.00', '18.00', '0.00', '16.00', '16.00', NULL),
(12, 6, 13, '15.00', '15.00', 'LECHE NATURAL', 1, '0.00', '18.00', '0.00', '15.00', '15.00', NULL),
(13, 6, 14, '25.00', '25.00', 'CEVICHE SIMPLE', 1, '0.00', '18.00', '0.00', '25.00', '25.00', NULL),
(14, 6, 15, '30.00', '30.00', 'SALTADO DE POLLO', 1, '0.00', '18.00', '0.00', '30.00', '30.00', NULL),
(15, 6, 16, '4.00', '4.00', 'INCA KOLA 500ML', 1, '0.00', '18.00', '0.00', '4.00', '4.00', NULL),
(16, 6, 17, '4.00', '4.00', 'COCA COLA 500ML', 1, '0.00', '18.00', '0.00', '4.00', '4.00', NULL),
(17, 6, 18, '4.00', '4.00', 'AGUA CON GAS ', 1, '0.00', '18.00', '0.00', '4.00', '4.00', NULL),
(18, 6, 19, '8.00', '8.00', 'CERVEZA CRISTAL', 1, '0.00', '18.00', '0.00', '8.00', '8.00', NULL),
(19, 7, 20, '8.00', '8.00', 'CERVEZA CRISTAL', 1, '0.00', '18.00', '0.00', '8.00', '8.00', NULL),
(20, 8, 21, '4.00', '4.00', 'COCA COLA 500ML', 1, '0.00', '18.00', '0.00', '4.00', '4.00', NULL),
(21, 9, 22, '15.00', '15.00', 'LECHE NATURAL', 1, '0.00', '18.00', '0.00', '15.00', '15.00', NULL),
(22, 9, 23, '4.00', '4.00', 'COCA COLA 500ML', 1, '0.00', '18.00', '0.00', '4.00', '4.00', NULL),
(23, 10, 24, '1.50', '1.50', 'PROMOLA T´/GRANDE', 1, '0.00', '18.00', '0.00', '1.50', '1.50', NULL),
(24, 11, 29, '20.00', '20.00', 'ALITAS BBQ', 1, '0.00', '18.00', '0.00', '20.00', '20.00', NULL),
(25, 11, 30, '4.00', '4.00', 'COCA COLA 500ML', 1, '0.00', '18.00', '0.00', '4.00', '4.00', NULL),
(26, 11, 31, '2.00', '2.00', 'PROMOLA T´/GRANDE', 1, '0.00', '18.00', '0.00', '2.00', '2.00', NULL),
(27, 12, 25, '10.00', '10.00', 'CERVEZA CUSQUEÑA', 3, '0.00', '18.00', '0.00', '30.00', '30.00', NULL),
(28, 13, 32, '20.00', '20.00', 'ALITAS BBQ', 1, '0.00', '18.00', '0.00', '20.00', '20.00', NULL),
(29, 13, 33, '4.00', '4.00', 'AGUA SIN GAS', 1, '0.00', '18.00', '0.00', '4.00', '4.00', NULL),
(30, 14, 34, '4.00', '4.00', 'COCA COLA 500ML', 2, '0.00', '18.00', '0.00', '8.00', '8.00', NULL),
(31, 15, 40, '20.00', '20.00', 'ALITAS ACEVICHADA', 1, '0.00', '18.00', '0.00', '20.00', '20.00', NULL),
(32, 15, 41, '1.00', '1.00', 'PROMOLAS T/PEQUEÑO', 2, '0.00', '18.00', '0.00', '2.00', '2.00', NULL),
(33, 15, 42, '12.00', '12.00', 'LECHE SIMPLE', 1, '0.00', '18.00', '0.00', '12.00', '12.00', NULL),
(34, 16, 38, '35.00', '35.00', 'PROMO 2 TABLA D/  MAKIS ', 1, '0.00', '18.00', '0.00', '35.00', '35.00', NULL),
(35, 16, 39, '8.00', '8.00', 'CERVEZA CRISTAL', 2, '0.00', '18.00', '0.00', '16.00', '16.00', NULL),
(36, 16, 44, '5.00', '5.00', 'PORCION D/ CREMA ACEVILLADA ', 1, '0.00', '18.00', '0.00', '5.00', '5.00', NULL),
(37, 17, 35, '8.00', '8.00', 'CERVEZA CRISTAL', 2, '0.00', '18.00', '0.00', '16.00', '16.00', NULL),
(38, 17, 36, '4.00', '4.00', 'COCA COLA 500ML', 2, '0.00', '18.00', '0.00', '8.00', '8.00', NULL),
(39, 17, 37, '2.00', '2.00', 'CIGARRO LUCKY ', 4, '0.00', '18.00', '0.00', '8.00', '8.00', NULL),
(40, 18, 43, '8.00', '8.00', 'CERVEZA CRISTAL', 6, '0.00', '18.00', '0.00', '48.00', '48.00', NULL),
(41, 19, 45, '9.00', '9.00', 'CERVEZA PILSEN', 3, '0.00', '18.00', '0.00', '27.00', '27.00', NULL),
(42, 19, 46, '45.00', '45.00', 'CHICHARRON MIXTO', 1, '0.00', '18.00', '0.00', '45.00', '45.00', NULL),
(43, 19, 47, '5.00', '5.00', 'CREMAS D/ AJI', 1, '0.00', '18.00', '0.00', '5.00', '5.00', NULL),
(44, 20, 52, '20.00', '20.00', 'ALITAS BBQ', 1, '0.00', '18.00', '0.00', '20.00', '20.00', NULL),
(45, 20, 53, '15.00', '15.00', 'JARRA DE REFRESCO', 1, '0.00', '18.00', '0.00', '15.00', '15.00', NULL),
(46, 20, 54, '8.00', '8.00', 'CERVEZA CRISTAL', 2, '0.00', '18.00', '0.00', '16.00', '16.00', NULL),
(47, 21, 48, '20.00', '20.00', 'ALITAS PICANTES', 1, '0.00', '18.00', '0.00', '20.00', '20.00', NULL),
(48, 21, 49, '35.00', '35.00', 'CEVICHE  + CHICHARRON', 1, '0.00', '18.00', '0.00', '35.00', '35.00', NULL),
(49, 21, 50, '4.00', '4.00', 'INCA KOLA 500ML', 1, '0.00', '18.00', '0.00', '4.00', '4.00', NULL),
(50, 21, 51, '9.00', '9.00', 'CERVEZA PILSEN', 8, '0.00', '18.00', '0.00', '72.00', '72.00', NULL),
(51, 21, 55, '4.00', '4.00', 'AGUA SIN GAS', 1, '0.00', '18.00', '0.00', '4.00', '4.00', NULL),
(52, 21, 56, '2.00', '2.00', 'CIGARRO LUCKY ', 2, '0.00', '18.00', '0.00', '4.00', '4.00', NULL),
(53, 22, 57, '20.00', '20.00', 'ALITAS ACEVICHADA', 1, '0.00', '18.00', '0.00', '20.00', '20.00', NULL),
(54, 22, 58, '4.00', '4.00', 'AGUA SIN GAS', 1, '0.00', '18.00', '0.00', '4.00', '4.00', NULL),
(55, 22, 59, '1.00', '1.00', 'PROMOLAS T/PEQUEÑO', 1, '0.00', '18.00', '0.00', '1.00', '1.00', NULL),
(56, 22, 60, '7.00', '7.00', '1/2 JARRA DE REFRESCO ', 1, '0.00', '18.00', '0.00', '7.00', '7.00', NULL),
(57, 23, 61, '8.00', '8.00', 'CERVEZA CRISTAL', 3, '0.00', '18.00', '0.00', '24.00', '24.00', NULL),
(58, 23, 62, '4.00', '4.00', 'COCA COLA 500ML', 1, '0.00', '18.00', '0.00', '4.00', '4.00', NULL),
(59, 23, 63, '4.00', '4.00', 'AGUA SIN GAS', 1, '0.00', '18.00', '0.00', '4.00', '4.00', NULL),
(60, 24, 64, '12.00', '12.00', 'LECHE SIMPLE', 2, '0.00', '18.00', '0.00', '24.00', '24.00', NULL),
(61, 24, 65, '10.00', '10.00', 'CERVEZA CUSQUEÑA', 2, '0.00', '18.00', '0.00', '20.00', '20.00', NULL),
(62, 25, 68, '10.00', '10.00', 'CERVEZA CUSQUEÑA', 3, '0.00', '18.00', '0.00', '30.00', '30.00', NULL),
(63, 26, 70, '10.00', '10.00', 'CERVEZA CUSQUEÑA', 2, '0.00', '18.00', '0.00', '20.00', '20.00', NULL),
(64, 27, 72, '20.00', '20.00', 'ALITAS BROASTER', 1, '0.00', '18.00', '0.00', '20.00', '20.00', NULL),
(65, 27, 73, '4.00', '4.00', 'INCA KOLA 500ML', 1, '0.00', '18.00', '0.00', '4.00', '4.00', NULL),
(66, 28, 71, '20.00', '20.00', 'ALITAS BBQ', 1, '0.00', '18.00', '0.00', '20.00', '20.00', NULL),
(67, 28, 76, '4.00', '4.00', 'INCA KOLA 500ML', 1, '0.00', '18.00', '0.00', '4.00', '4.00', NULL),
(68, 29, 75, '10.00', '10.00', 'CERVEZA CUSQUEÑA', 2, '0.00', '18.00', '0.00', '20.00', '20.00', NULL),
(69, 30, 79, '4.00', '4.00', 'AGUA SIN GAS', 1, '0.00', '18.00', '0.00', '4.00', '4.00', NULL),
(70, 30, 80, '10.00', '10.00', 'CERVEZA CUSQUEÑA', 1, '0.00', '18.00', '0.00', '10.00', '10.00', NULL),
(71, 31, 69, '10.00', '10.00', 'CORONA', 13, '0.00', '18.00', '0.00', '130.00', '130.00', NULL),
(72, 31, 74, '15.00', '15.00', 'DEDOS DE POLLO ', 2, '0.00', '18.00', '0.00', '30.00', '30.00', NULL),
(73, 31, 78, '12.00', '12.00', 'STELLA ARTOIS', 1, '0.00', '18.00', '0.00', '12.00', '12.00', NULL),
(74, 32, 82, '15.00', '15.00', 'DEDOS DE POLLO ', 2, '0.00', '18.00', '0.00', '30.00', '30.00', NULL),
(75, 33, 77, '8.00', '8.00', 'CERVEZA CRISTAL', 5, '0.00', '18.00', '0.00', '40.00', '40.00', NULL),
(76, 33, 81, '18.00', '18.00', 'BROCHETAS', 1, '0.00', '18.00', '0.00', '18.00', '18.00', NULL),
(77, 34, 66, '40.00', '40.00', 'PROMO MAKIS + ALITAS ', 1, '0.00', '18.00', '0.00', '40.00', '40.00', NULL),
(78, 34, 67, '9.00', '9.00', 'CERVEZA PILSEN', 5, '0.00', '18.00', '0.00', '45.00', '45.00', NULL),
(79, 35, 83, '18.00', '18.00', 'LECHE MIXTO', 1, '0.00', '18.00', '0.00', '18.00', '18.00', NULL),
(80, 35, 84, '4.00', '4.00', 'INCA KOLA 500ML', 1, '0.00', '18.00', '0.00', '4.00', '4.00', NULL),
(81, 36, 95, '25.00', '25.00', 'CEVICHE SIMPLE', 1, '0.00', '18.00', '0.00', '25.00', '25.00', NULL),
(82, 36, 96, '4.00', '4.00', 'AGUA SIN GAS', 1, '0.00', '18.00', '0.00', '4.00', '4.00', NULL),
(83, 36, 97, '2.00', '2.00', 'PROMOLA T´/GRANDE', 1, '0.00', '18.00', '0.00', '2.00', '2.00', NULL),
(84, 37, 98, '4.00', '4.00', 'COCA COLA 500ML', 1, '0.00', '18.00', '0.00', '4.00', '4.00', NULL),
(85, 38, 100, '25.00', '25.00', 'POLLO BROASTER C/ CHAUFA Y PAPA', 1, '0.00', '18.00', '0.00', '25.00', '25.00', NULL),
(86, 38, 101, '2.00', '2.00', 'PROMOLA T´/GRANDE', 1, '0.00', '18.00', '0.00', '2.00', '2.00', NULL),
(87, 39, 88, '30.00', '30.00', 'CHICHARRON DE POLLO', 1, '0.00', '18.00', '0.00', '30.00', '30.00', NULL),
(88, 39, 89, '30.00', '30.00', 'ARROZ C/ MARISCOS', 1, '0.00', '18.00', '0.00', '30.00', '30.00', NULL),
(89, 39, 90, '4.00', '4.00', 'INCA KOLA 500ML', 1, '0.00', '18.00', '0.00', '4.00', '4.00', NULL),
(90, 39, 91, '4.00', '4.00', 'COCA COLA 500ML', 2, '0.00', '18.00', '0.00', '8.00', '8.00', NULL),
(91, 40, 85, '9.00', '9.00', 'CERVEZA PILSEN', 2, '0.00', '18.00', '0.00', '18.00', '18.00', NULL),
(92, 40, 86, '32.00', '32.00', 'CEVICHE MIXTO', 1, '0.00', '18.00', '0.00', '32.00', '32.00', NULL),
(93, 40, 87, '4.00', '4.00', 'INCA KOLA 500ML', 1, '0.00', '18.00', '0.00', '4.00', '4.00', NULL),
(94, 40, 99, '8.00', '8.00', 'CERVEZA CRISTAL', 13, '0.00', '18.00', '0.00', '104.00', '104.00', NULL),
(95, 41, 103, '8.00', '8.00', 'CERVEZA CRISTAL', 2, '0.00', '18.00', '0.00', '16.00', '16.00', NULL),
(96, 42, 104, '4.00', '4.00', 'COCA COLA 500ML', 1, '0.00', '18.00', '0.00', '4.00', '4.00', NULL),
(97, 43, 109, '20.00', '20.00', 'ALITAS BBQ', 1, '0.00', '18.00', '0.00', '20.00', '20.00', NULL),
(98, 43, 110, '20.00', '20.00', 'SALCHIPAPA ESPECIAL ', 1, '0.00', '18.00', '0.00', '20.00', '20.00', NULL),
(99, 43, 111, '2.00', '2.00', 'PROMOLA T´/GRANDE', 2, '0.00', '18.00', '0.00', '4.00', '4.00', NULL),
(100, 44, 105, '8.00', '8.00', 'CERVEZA CRISTAL', 12, '0.00', '18.00', '0.00', '96.00', '96.00', NULL),
(101, 45, 114, '8.00', '8.00', 'CERVEZA CRISTAL', 12, '0.00', '18.00', '0.00', '96.00', '96.00', NULL),
(102, 46, 106, '4.00', '4.00', 'AGUA CON GAS ', 5, '0.00', '18.00', '0.00', '20.00', '20.00', NULL),
(103, 46, 113, '8.00', '8.00', 'CERVEZA CRISTAL', 4, '0.00', '18.00', '0.00', '32.00', '32.00', NULL),
(104, 47, 115, '8.00', '8.00', 'CERVEZA CRISTAL', 2, '0.00', '18.00', '0.00', '16.00', '16.00', NULL),
(105, 47, 116, '4.00', '4.00', 'AGUA CON GAS ', 1, '0.00', '18.00', '0.00', '4.00', '4.00', NULL),
(106, 48, 107, '8.00', '8.00', 'CERVEZA CRISTAL', 24, '0.00', '18.00', '0.00', '192.00', '192.00', NULL),
(107, 48, 108, '4.00', '4.00', 'COCA COLA 500ML', 2, '0.00', '18.00', '0.00', '8.00', '8.00', NULL),
(108, 48, 112, '4.00', '4.00', 'AGUA SIN GAS', 1, '0.00', '18.00', '0.00', '4.00', '4.00', NULL),
(109, 49, 117, '8.00', '8.00', 'CERVEZA CRISTAL', 2, '0.00', '18.00', '0.00', '16.00', '16.00', NULL),
(110, 50, 118, '8.00', '8.00', 'CERVEZA CRISTAL', 2, '0.00', '18.00', '0.00', '16.00', '16.00', NULL),
(111, 51, 120, '25.00', '25.00', 'CEVICHE SIMPLE', 1, '0.00', '18.00', '0.00', '25.00', '25.00', NULL),
(112, 51, 121, '2.00', '2.00', 'PROMOLA T´/GRANDE', 1, '0.00', '18.00', '0.00', '2.00', '2.00', NULL),
(113, 52, 119, '25.00', '25.00', 'CEVICHE SIMPLE', 1, '0.00', '18.00', '0.00', '25.00', '25.00', NULL),
(114, 52, 125, '3.00', '3.00', '1 VASO C/ REFRESCO ', 1, '0.00', '18.00', '0.00', '3.00', '3.00', NULL),
(115, 53, 122, '25.00', '25.00', 'CEVICHE SIMPLE', 1, '0.00', '18.00', '0.00', '25.00', '25.00', NULL),
(116, 53, 123, '30.00', '30.00', 'ARROZ C/ MARISCOS', 1, '0.00', '18.00', '0.00', '30.00', '30.00', NULL),
(117, 53, 124, '20.00', '20.00', 'ALITAS BBQ', 1, '0.00', '18.00', '0.00', '20.00', '20.00', NULL),
(118, 53, 126, '15.00', '15.00', 'JARRA DE REFRESCO', 2, '0.00', '18.00', '0.00', '30.00', '30.00', NULL),
(119, 54, 132, '4.00', '4.00', 'COCA COLA 500ML', 1, '0.00', '18.00', '0.00', '4.00', '4.00', NULL),
(120, 55, 134, '4.00', '4.00', 'AGUA CON GAS ', 1, '0.00', '18.00', '0.00', '4.00', '4.00', NULL),
(121, 56, 148, '12.00', '12.00', 'LECHE SIMPLE', 1, '0.00', '18.00', '0.00', '12.00', '12.00', NULL),
(122, 56, 149, '1.00', '1.00', 'PROMOLAS T/PEQUEÑO', 1, '0.00', '18.00', '0.00', '1.00', '1.00', NULL),
(123, 57, 133, '12.00', '12.00', 'STELLA ARTOIS', 4, '0.00', '18.00', '0.00', '48.00', '48.00', NULL),
(124, 58, 138, '10.00', '10.00', 'CERVEZA CUSQUEÑA', 6, '0.00', '18.00', '0.00', '60.00', '60.00', NULL),
(125, 58, 139, '12.00', '12.00', 'STELLA ARTOIS', 1, '0.00', '18.00', '0.00', '12.00', '12.00', NULL),
(126, 58, 140, '32.00', '32.00', 'CEVICHE MIXTO', 1, '0.00', '18.00', '0.00', '32.00', '32.00', NULL),
(127, 58, 141, '30.00', '30.00', 'CHICHARRON DE POLLO', 1, '0.00', '18.00', '0.00', '30.00', '30.00', NULL),
(128, 58, 142, '20.00', '20.00', 'ALITAS ACEVICHADA', 1, '0.00', '18.00', '0.00', '20.00', '20.00', NULL),
(129, 58, 143, '15.00', '15.00', 'JARRA DE REFRESCO', 1, '0.00', '18.00', '0.00', '15.00', '15.00', NULL),
(130, 58, 144, '4.00', '4.00', 'AGUA SIN GAS', 1, '0.00', '18.00', '0.00', '4.00', '4.00', NULL),
(131, 58, 145, '20.00', '20.00', 'MAKIS ACEVICHADO', 1, '0.00', '18.00', '0.00', '20.00', '20.00', NULL),
(132, 58, 147, '20.00', '20.00', 'MAKIS ACEVICHADO', 1, '0.00', '18.00', '0.00', '20.00', '20.00', NULL),
(133, 58, 150, '2.00', '2.00', 'PROMOLA T´/GRANDE', 1, '0.00', '18.00', '0.00', '2.00', '2.00', NULL),
(134, 59, 151, '15.00', '15.00', 'JARRA DE REFRESCO', 1, '0.00', '18.00', '0.00', '15.00', '15.00', NULL),
(135, 60, 152, '4.00', '4.00', 'AGUA CON GAS ', 2, '0.00', '18.00', '0.00', '8.00', '8.00', NULL),
(136, 60, 153, '4.00', '4.00', 'INCA KOLA 500ML', 1, '0.00', '18.00', '0.00', '4.00', '4.00', NULL),
(137, 61, 155, '8.00', '8.00', 'CERVEZA CRISTAL', 2, '0.00', '18.00', '0.00', '16.00', '16.00', NULL),
(138, 62, 156, '8.00', '8.00', 'CERVEZA CRISTAL', 3, '0.00', '18.00', '0.00', '24.00', '24.00', NULL),
(139, 63, 127, '28.00', '28.00', 'CEVICHE NATURAL', 1, '0.00', '18.00', '0.00', '28.00', '28.00', NULL),
(140, 63, 128, '20.00', '20.00', 'ALITAS PICANTES', 1, '0.00', '18.00', '0.00', '20.00', '20.00', NULL),
(141, 63, 130, '4.00', '4.00', 'AGUA SIN GAS', 1, '0.00', '18.00', '0.00', '4.00', '4.00', NULL),
(142, 63, 131, '8.00', '8.00', 'CERVEZA CRISTAL', 6, '0.00', '18.00', '0.00', '48.00', '48.00', NULL),
(143, 63, 159, '4.00', '4.00', 'COCA COLA 500ML', 1, '0.00', '18.00', '0.00', '4.00', '4.00', NULL),
(144, 64, 154, '2.00', '2.00', 'CIGARRO LUCKY ', 8, '0.00', '18.00', '0.00', '16.00', '16.00', NULL),
(145, 64, 160, '8.00', '8.00', 'CERVEZA CRISTAL', 4, '0.00', '18.00', '0.00', '32.00', '32.00', NULL),
(146, 64, 161, '4.00', '4.00', 'AGUA SIN GAS', 2, '0.00', '18.00', '0.00', '8.00', '8.00', NULL),
(147, 65, 157, '12.00', '12.00', 'LECHE SIMPLE', 2, '0.00', '18.00', '0.00', '24.00', '24.00', NULL),
(148, 65, 158, '1.00', '1.00', 'PROMOLAS T/PEQUEÑO', 2, '0.00', '18.00', '0.00', '2.00', '2.00', NULL),
(149, 66, 162, '4.00', '4.00', 'INCA KOLA 500ML', 1, '0.00', '18.00', '0.00', '4.00', '4.00', NULL),
(150, 67, 135, '30.00', '30.00', 'CHICHARRON DE POLLO', 2, '0.00', '18.00', '0.00', '60.00', '60.00', NULL),
(151, 67, 136, '15.00', '15.00', 'PORCION ARROZ CHAUFA SIMPLE', 1, '0.00', '18.00', '0.00', '15.00', '15.00', NULL),
(152, 67, 137, '8.00', '8.00', 'CERVEZA CRISTAL', 4, '0.00', '18.00', '0.00', '32.00', '32.00', NULL),
(153, 67, 146, '35.00', '35.00', 'LOMO SALTADO', 1, '0.00', '18.00', '0.00', '35.00', '35.00', NULL),
(154, 68, 165, '10.00', '10.00', 'CERVEZA CUSQUEÑA', 1, '0.00', '18.00', '0.00', '10.00', '10.00', NULL),
(155, 69, 168, '10.00', '10.00', 'CERVEZA CUSQUEÑA', 1, '0.00', '18.00', '0.00', '10.00', '10.00', NULL),
(156, 70, 169, '20.00', '20.00', 'ALITAS BROASTER', 1, '0.00', '18.00', '0.00', '20.00', '20.00', NULL),
(157, 70, 170, '2.00', '2.00', 'PROMOLA T´/GRANDE', 1, '0.00', '18.00', '0.00', '2.00', '2.00', NULL),
(158, 71, 175, '2.00', '2.00', 'CIGARRO LUCKY ', 2, '0.00', '18.00', '0.00', '4.00', '4.00', NULL),
(159, 72, 163, '8.00', '8.00', 'CERVEZA CRISTAL', 4, '0.00', '18.00', '0.00', '32.00', '32.00', NULL),
(160, 72, 164, '4.00', '4.00', 'AGUA SIN GAS', 1, '0.00', '18.00', '0.00', '4.00', '4.00', NULL),
(161, 72, 167, '2.00', '2.00', 'CIGARRO LUCKY ', 1, '0.00', '18.00', '0.00', '2.00', '2.00', NULL),
(162, 72, 171, '35.00', '35.00', 'CEVICHE  + ARROZ C/ MARISCOS', 1, '0.00', '18.00', '0.00', '35.00', '35.00', NULL),
(163, 73, 180, '4.00', '4.00', 'INCA KOLA 500ML', 1, '0.00', '18.00', '0.00', '4.00', '4.00', NULL),
(164, 74, 172, '8.00', '8.00', 'CERVEZA CRISTAL', 3, '0.00', '18.00', '0.00', '24.00', '24.00', NULL),
(165, 74, 173, '40.00', '40.00', 'CEVICHE  + ARROZ CHAUFA C/ MARISCOS + CHICHARRON', 1, '0.00', '18.00', '0.00', '40.00', '40.00', NULL),
(166, 75, 181, '8.00', '8.00', 'CERVEZA CRISTAL', 1, '0.00', '18.00', '0.00', '8.00', '8.00', NULL),
(167, 76, 166, '8.00', '8.00', 'CERVEZA CRISTAL', 4, '0.00', '18.00', '0.00', '32.00', '32.00', NULL),
(168, 77, 177, '8.00', '8.00', 'CERVEZA CRISTAL', 3, '0.00', '18.00', '0.00', '24.00', '24.00', NULL),
(169, 77, 178, '4.00', '4.00', 'COCA COLA 500ML', 1, '0.00', '18.00', '0.00', '4.00', '4.00', NULL),
(170, 77, 179, '4.00', '4.00', 'AGUA SIN GAS', 1, '0.00', '18.00', '0.00', '4.00', '4.00', NULL),
(171, 78, 174, '8.00', '8.00', 'CERVEZA CRISTAL', 6, '0.00', '18.00', '0.00', '48.00', '48.00', NULL),
(172, 78, 176, '4.00', '4.00', 'COCA COLA 500ML', 1, '0.00', '18.00', '0.00', '4.00', '4.00', NULL),
(173, 78, 186, '2.00', '2.00', 'CIGARRO LUCKY ', 2, '0.00', '18.00', '0.00', '4.00', '4.00', NULL),
(174, 79, 189, '12.00', '12.00', 'LECHE SIMPLE', 1, '0.00', '18.00', '0.00', '12.00', '12.00', NULL),
(175, 79, 190, '4.00', '4.00', 'INCA KOLA 500ML', 1, '0.00', '18.00', '0.00', '4.00', '4.00', NULL),
(176, 80, 184, '8.00', '8.00', 'CERVEZA CRISTAL', 1, '0.00', '18.00', '0.00', '8.00', '8.00', NULL),
(177, 80, 185, '4.00', '4.00', 'INCA KOLA 500ML', 1, '0.00', '18.00', '0.00', '4.00', '4.00', NULL),
(178, 80, 191, '10.00', '10.00', 'CERVEZA CRISTAL', 1, '0.00', '18.00', '0.00', '10.00', '10.00', NULL),
(179, 80, 196, '4.00', '4.00', 'AGUA SIN GAS', 1, '0.00', '18.00', '0.00', '4.00', '4.00', NULL),
(180, 81, 182, '8.00', '8.00', 'CERVEZA CRISTAL', 3, '0.00', '18.00', '0.00', '24.00', '24.00', NULL),
(181, 81, 183, '2.00', '2.00', 'CIGARRO LUCKY ', 6, '0.00', '18.00', '0.00', '12.00', '12.00', NULL),
(182, 81, 192, '10.00', '10.00', 'CERVEZA CRISTAL', 3, '0.00', '18.00', '0.00', '30.00', '30.00', NULL),
(183, 81, 195, '4.00', '4.00', 'AGUA SIN GAS', 3, '0.00', '18.00', '0.00', '12.00', '12.00', NULL),
(184, 82, 187, '4.00', '4.00', 'AGUA CON GAS ', 2, '0.00', '18.00', '0.00', '8.00', '8.00', NULL),
(185, 82, 188, '10.00', '10.00', 'CERVEZA CRISTAL', 3, '0.00', '18.00', '0.00', '30.00', '30.00', NULL),
(186, 83, 201, '8.00', '8.00', 'CERVEZA CRISTAL', 9, '0.00', '18.00', '0.00', '72.00', '72.00', NULL),
(187, 84, 202, '2.00', '2.00', 'CIGARRO LUCKY ', 3, '0.00', '18.00', '0.00', '6.00', '6.00', NULL),
(188, 85, 203, '8.00', '8.00', 'CERVEZA CRISTAL', 2, '0.00', '18.00', '0.00', '16.00', '16.00', NULL),
(189, 86, 204, '8.00', '8.00', 'CERVEZA CRISTAL', 1, '0.00', '18.00', '0.00', '8.00', '8.00', NULL),
(190, 86, 205, '2.00', '2.00', 'CIGARRO LUCKY ', 1, '0.00', '18.00', '0.00', '2.00', '2.00', NULL),
(191, 87, 197, '8.00', '8.00', 'CERVEZA CRISTAL', 8, '0.00', '18.00', '0.00', '64.00', '64.00', NULL),
(192, 88, 207, '8.00', '8.00', 'CERVEZA CRISTAL', 3, '0.00', '18.00', '0.00', '24.00', '24.00', NULL),
(193, 89, 198, '18.00', '18.00', 'BROCHETAS', 1, '0.00', '18.00', '0.00', '18.00', '18.00', NULL),
(194, 89, 199, '15.00', '15.00', 'SALCHIPAPA SIMPLE', 1, '0.00', '18.00', '0.00', '15.00', '15.00', NULL),
(195, 89, 200, '12.00', '12.00', 'STELLA ARTOIS', 4, '0.00', '18.00', '0.00', '48.00', '48.00', NULL),
(196, 90, 208, '8.00', '8.00', 'CERVEZA CRISTAL', 1, '0.00', '18.00', '0.00', '8.00', '8.00', NULL),
(197, 90, 209, '2.00', '2.00', 'CIGARRO LUCKY ', 1, '0.00', '18.00', '0.00', '2.00', '2.00', NULL),
(198, 91, 206, '8.00', '8.00', 'CERVEZA CRISTAL', 2, '0.00', '18.00', '0.00', '16.00', '16.00', NULL),
(199, 92, 210, '8.00', '8.00', 'CERVEZA CRISTAL', 1, '0.00', '18.00', '0.00', '8.00', '8.00', NULL),
(200, 93, 211, '30.00', '30.00', 'ARROZ C/ MARISCOS', 1, '0.00', '18.00', '0.00', '30.00', '30.00', NULL),
(201, 93, 212, '2.00', '2.00', 'PROMOLA T´/GRANDE', 1, '0.00', '18.00', '0.00', '2.00', '2.00', NULL),
(202, 94, 213, '25.00', '25.00', 'CEVICHE SIMPLE', 1, '0.00', '18.00', '0.00', '25.00', '25.00', NULL),
(203, 94, 214, '4.00', '4.00', 'COCA COLA 500ML', 1, '0.00', '18.00', '0.00', '4.00', '4.00', NULL),
(204, 95, 215, '5.00', '5.00', 'ARROZ BLANCO', 1, '0.00', '18.00', '0.00', '5.00', '5.00', NULL),
(205, 95, 216, '7.00', '7.00', 'PATACONES', 1, '0.00', '18.00', '0.00', '7.00', '7.00', NULL),
(206, 95, 217, '35.00', '35.00', 'CEVICHE  + ARROZ C/ MARISCOS', 1, '0.00', '18.00', '0.00', '35.00', '35.00', NULL),
(207, 95, 218, '7.00', '7.00', '1/2 JARRA DE REFRESCO ', 1, '0.00', '18.00', '0.00', '7.00', '7.00', NULL),
(208, 96, 219, '8.00', '8.00', 'CERVEZA CRISTAL', 1, '0.00', '18.00', '0.00', '8.00', '8.00', NULL),
(209, 96, 231, '4.00', '4.00', 'AGUA SIN GAS', 1, '0.00', '18.00', '0.00', '4.00', '4.00', NULL),
(210, 97, 226, '30.00', '30.00', 'SALTADO DE POLLO', 1, '0.00', '18.00', '0.00', '30.00', '30.00', NULL),
(211, 97, 227, '35.00', '35.00', 'CEVICHE  + CHICHARRON', 1, '0.00', '18.00', '0.00', '35.00', '35.00', NULL),
(212, 97, 228, '5.00', '5.00', 'ARROZ BLANCO', 1, '0.00', '18.00', '0.00', '5.00', '5.00', NULL),
(213, 98, 232, '8.00', '8.00', 'CERVEZA CRISTAL', 2, '0.00', '18.00', '0.00', '16.00', '16.00', NULL),
(214, 98, 235, '4.00', '4.00', 'COCA COLA 500ML', 1, '0.00', '18.00', '0.00', '4.00', '4.00', NULL),
(215, 99, 220, '20.00', '20.00', 'LECHE SIMPSON', 1, '0.00', '18.00', '0.00', '20.00', '20.00', NULL),
(216, 99, 222, '35.00', '35.00', 'CEVICHE MIXTO', 1, '0.00', '18.00', '0.00', '35.00', '35.00', NULL),
(217, 99, 230, '4.00', '4.00', 'INCA KOLA 500ML', 2, '0.00', '18.00', '0.00', '8.00', '8.00', NULL),
(218, 100, 233, '30.00', '30.00', 'SALTADO DE POLLO', 1, '0.00', '18.00', '0.00', '30.00', '30.00', NULL),
(219, 100, 234, '4.00', '4.00', 'INCA KOLA 500ML', 1, '0.00', '18.00', '0.00', '4.00', '4.00', NULL),
(220, 101, 223, '18.00', '18.00', 'BROCHETAS', 1, '0.00', '18.00', '0.00', '18.00', '18.00', NULL),
(221, 101, 245, '5.00', '5.00', 'TACACHO', 1, '0.00', '18.00', '0.00', '5.00', '5.00', NULL),
(222, 101, 256, '7.00', '7.00', '1/2 JARRA DE REFRESCO ', 1, '0.00', '18.00', '0.00', '7.00', '7.00', NULL),
(223, 102, 257, '10.00', '10.00', 'CERVEZA CRISTAL', 1, '0.00', '18.00', '0.00', '10.00', '10.00', NULL),
(224, 103, 236, '25.00', '25.00', 'CEVICHE SIMPLE', 1, '0.00', '18.00', '0.00', '25.00', '25.00', NULL),
(225, 103, 237, '35.00', '35.00', 'CEVICHE  + CHICHARRON', 1, '0.00', '18.00', '0.00', '35.00', '35.00', NULL),
(226, 103, 238, '5.00', '5.00', 'PLATANO FRITO', 1, '0.00', '18.00', '0.00', '5.00', '5.00', NULL),
(227, 103, 239, '4.00', '4.00', 'INCA KOLA 500ML', 2, '0.00', '18.00', '0.00', '8.00', '8.00', NULL),
(228, 104, 240, '35.00', '35.00', 'CEVICHE  + CHICHARRON', 1, '0.00', '18.00', '0.00', '35.00', '35.00', NULL),
(229, 104, 241, '25.00', '25.00', 'CEVICHE SIMPLE', 1, '0.00', '18.00', '0.00', '25.00', '25.00', NULL),
(230, 104, 242, '40.00', '40.00', 'CEVICHE  + ARROZ CHAUFA C/ MARISCOS + CHICHARRON', 1, '0.00', '18.00', '0.00', '40.00', '40.00', NULL),
(231, 104, 243, '4.00', '4.00', 'AGUA SIN GAS', 2, '0.00', '18.00', '0.00', '8.00', '8.00', NULL),
(232, 104, 244, '4.00', '4.00', 'COCA COLA 500ML', 1, '0.00', '18.00', '0.00', '4.00', '4.00', NULL),
(233, 105, 246, '35.00', '35.00', 'CECINA CON TACACHO', 1, '0.00', '18.00', '0.00', '35.00', '35.00', NULL),
(234, 105, 247, '30.00', '30.00', 'CHAUFA DE MARISCO', 1, '0.00', '18.00', '0.00', '30.00', '30.00', NULL),
(235, 105, 248, '30.00', '30.00', 'CHICHARRON DE POLLO', 1, '0.00', '18.00', '0.00', '30.00', '30.00', NULL),
(236, 105, 249, '30.00', '30.00', 'CHICHARRON DE POLLO', 1, '0.00', '18.00', '0.00', '30.00', '30.00', NULL),
(237, 105, 250, '35.00', '35.00', 'CEVICHE  + CHICHARRON', 2, '0.00', '18.00', '0.00', '70.00', '70.00', NULL),
(238, 105, 252, '23.00', '23.00', 'ALITAS BROASTER', 1, '0.00', '18.00', '0.00', '23.00', '23.00', NULL),
(239, 105, 253, '23.00', '23.00', 'ALITAS PICANTES', 2, '0.00', '18.00', '0.00', '46.00', '46.00', NULL),
(240, 105, 275, '30.00', '30.00', 'ARROZ C/ MARISCOS', 1, '0.00', '18.00', '0.00', '30.00', '30.00', NULL),
(241, 105, 276, '35.00', '35.00', 'CEVICHE  + CHICHARRON', 1, '0.00', '18.00', '0.00', '35.00', '35.00', NULL),
(242, 105, 281, '23.00', '23.00', 'ALITAS ACEVICHADA', 1, '0.00', '18.00', '0.00', '23.00', '23.00', NULL),
(243, 105, 282, '2.00', '2.00', 'PROMOLA T´/GRANDE', 1, '0.00', '18.00', '0.00', '2.00', '2.00', NULL),
(244, 106, 296, '4.00', '4.00', 'AGUA SIN GAS', 1, '0.00', '18.00', '0.00', '4.00', '4.00', NULL),
(245, 107, 297, '10.00', '10.00', 'CERVEZA CRISTAL', 1, '0.00', '18.00', '0.00', '10.00', '10.00', NULL),
(246, 108, 279, '35.00', '35.00', 'LOMO SALTADO', 1, '0.00', '18.00', '0.00', '35.00', '35.00', NULL),
(247, 108, 280, '4.00', '4.00', 'COCA COLA 500ML', 1, '0.00', '18.00', '0.00', '4.00', '4.00', NULL),
(248, 109, 251, '4.00', '4.00', 'INCA KOLA 500ML', 5, '0.00', '18.00', '0.00', '20.00', '20.00', NULL),
(249, 109, 254, '4.00', '4.00', 'AGUA SIN GAS', 6, '0.00', '18.00', '0.00', '24.00', '24.00', NULL),
(250, 109, 255, '10.00', '10.00', 'CERVEZA CRISTAL', 14, '0.00', '18.00', '0.00', '140.00', '140.00', NULL),
(251, 109, 258, '15.00', '15.00', 'JARRA DE REFRESCO', 1, '0.00', '18.00', '0.00', '15.00', '15.00', NULL),
(252, 110, 292, '4.00', '4.00', 'COCA COLA 500ML', 1, '0.00', '18.00', '0.00', '4.00', '4.00', NULL),
(253, 110, 293, '4.00', '4.00', 'INCA KOLA 500ML', 1, '0.00', '18.00', '0.00', '4.00', '4.00', NULL),
(254, 110, 295, '30.00', '30.00', 'BISTECK A LO POBRE', 1, '0.00', '18.00', '0.00', '30.00', '30.00', NULL),
(255, 110, 298, '23.00', '23.00', 'ALITAS BBQ', 1, '0.00', '18.00', '0.00', '23.00', '23.00', NULL),
(256, 111, 284, '4.00', '4.00', 'AGUA SIN GAS', 2, '0.00', '18.00', '0.00', '8.00', '8.00', NULL),
(257, 111, 289, '23.00', '23.00', 'ALITAS BBQ', 1, '0.00', '18.00', '0.00', '23.00', '23.00', NULL),
(258, 111, 290, '5.00', '5.00', 'TACACHO', 1, '0.00', '18.00', '0.00', '5.00', '5.00', NULL),
(259, 112, 272, '35.00', '35.00', 'ARROZ CHAUFA C/ MARISCO + CEVICHE ', 1, '0.00', '18.00', '0.00', '35.00', '35.00', NULL),
(260, 112, 273, '25.00', '25.00', 'CEVICHE SIMPLE', 1, '0.00', '18.00', '0.00', '25.00', '25.00', NULL),
(261, 112, 274, '4.00', '4.00', 'COCA COLA 500ML', 1, '0.00', '18.00', '0.00', '4.00', '4.00', NULL),
(262, 112, 277, '10.00', '10.00', 'CERVEZA CRISTAL', 2, '0.00', '18.00', '0.00', '20.00', '20.00', NULL),
(263, 113, 299, '35.00', '35.00', 'CHORISO CON TACACHO', 1, '0.00', '18.00', '0.00', '35.00', '35.00', NULL),
(264, 113, 300, '4.00', '4.00', 'INCA KOLA 500ML', 2, '0.00', '18.00', '0.00', '8.00', '8.00', NULL),
(265, 114, 302, '5.00', '5.00', 'TACACHO', 1, '0.00', '18.00', '0.00', '5.00', '5.00', NULL),
(266, 114, 304, '4.00', '4.00', 'COCA COLA 500ML', 1, '0.00', '18.00', '0.00', '4.00', '4.00', NULL),
(267, 115, 305, '10.00', '10.00', 'CERVEZA CRISTAL', 1, '0.00', '18.00', '0.00', '10.00', '10.00', NULL),
(268, 116, 303, '12.00', '12.00', 'CUSQUEÑA ', 4, '0.00', '18.00', '0.00', '48.00', '48.00', NULL),
(269, 117, 311, '12.00', '12.00', 'CORONA', 6, '0.00', '18.00', '0.00', '72.00', '72.00', NULL),
(270, 117, 312, '2.00', '2.00', 'CIGARRO LUCKY ', 2, '0.00', '18.00', '0.00', '4.00', '4.00', NULL),
(271, 118, 259, '10.00', '10.00', 'CERVEZA CRISTAL', 4, '0.00', '18.00', '0.00', '40.00', '40.00', NULL),
(272, 118, 271, '23.00', '23.00', 'ALITAS BBQ', 1, '0.00', '18.00', '0.00', '23.00', '23.00', NULL),
(273, 119, 286, '5.00', '5.00', 'PORCION D/ CREMA ACEVILLADA ', 1, '0.00', '18.00', '0.00', '5.00', '5.00', NULL),
(274, 120, 314, '10.00', '10.00', 'CERVEZA CRISTAL', 3, '0.00', '18.00', '0.00', '30.00', '30.00', NULL),
(275, 121, 301, '20.00', '20.00', 'MAKIS ACEVICHADO', 1, '0.00', '18.00', '0.00', '20.00', '20.00', NULL),
(276, 122, 287, '4.00', '4.00', 'COCA COLA 500ML', 2, '0.00', '18.00', '0.00', '8.00', '8.00', NULL),
(277, 122, 315, '10.00', '10.00', 'CERVEZA CRISTAL', 3, '0.00', '18.00', '0.00', '30.00', '30.00', NULL),
(278, 123, 262, '25.00', '25.00', 'CEVICHE SIMPLE', 1, '0.00', '18.00', '0.00', '25.00', '25.00', NULL),
(279, 123, 263, '35.00', '35.00', 'CEVICHE  + ARROZ C/ MARISCOS', 1, '0.00', '18.00', '0.00', '35.00', '35.00', NULL),
(280, 123, 316, '10.00', '10.00', 'CERVEZA CRISTAL', 10, '0.00', '18.00', '0.00', '100.00', '100.00', NULL),
(281, 124, 317, '2.00', '2.00', 'CIGARRO LUCKY ', 1, '0.00', '18.00', '0.00', '2.00', '2.00', NULL),
(282, 125, 313, '10.00', '10.00', 'CERVEZA CRISTAL', 3, '0.00', '18.00', '0.00', '30.00', '30.00', NULL),
(283, 126, 309, '2.00', '2.00', 'CIGARRO LUCKY ', 3, '0.00', '18.00', '0.00', '6.00', '6.00', NULL),
(284, 126, 310, '4.00', '4.00', 'COCA COLA 500ML', 4, '0.00', '18.00', '0.00', '16.00', '16.00', NULL),
(285, 127, 318, '4.00', '4.00', 'AGUA SIN GAS', 1, '0.00', '18.00', '0.00', '4.00', '4.00', NULL),
(286, 128, 261, '10.00', '10.00', 'CERVEZA CRISTAL', 12, '0.00', '18.00', '0.00', '120.00', '120.00', NULL),
(287, 128, 264, '4.00', '4.00', 'AGUA SIN GAS', 7, '0.00', '18.00', '0.00', '28.00', '28.00', NULL),
(288, 128, 265, '4.00', '4.00', 'INCA KOLA 500ML', 3, '0.00', '18.00', '0.00', '12.00', '12.00', NULL),
(289, 128, 269, '28.00', '28.00', 'CEVICHE NATURAL', 1, '0.00', '18.00', '0.00', '28.00', '28.00', NULL),
(290, 128, 270, '35.00', '35.00', 'CEVICHE  + ARROZ C/ MARISCOS', 1, '0.00', '18.00', '0.00', '35.00', '35.00', NULL),
(291, 128, 306, '23.00', '23.00', 'ALITAS BBQ', 1, '0.00', '18.00', '0.00', '23.00', '23.00', NULL),
(292, 128, 307, '30.00', '30.00', 'ARROZ C/ MARISCOS', 1, '0.00', '18.00', '0.00', '30.00', '30.00', NULL),
(293, 128, 308, '4.00', '4.00', 'COCA COLA 500ML', 1, '0.00', '18.00', '0.00', '4.00', '4.00', NULL),
(294, 129, 319, '10.00', '10.00', 'CERVEZA CRISTAL', 3, '0.00', '18.00', '0.00', '30.00', '30.00', NULL),
(295, 129, 320, '2.00', '2.00', 'CIGARRO LUCKY ', 1, '0.00', '18.00', '0.00', '2.00', '2.00', NULL),
(296, 130, 267, '30.00', '30.00', 'CHICHARRON DE POLLO', 1, '0.00', '18.00', '0.00', '30.00', '30.00', NULL),
(297, 130, 268, '30.00', '30.00', 'CHICHARRON DE POLLO', 1, '0.00', '18.00', '0.00', '30.00', '30.00', NULL),
(298, 130, 321, '40.00', '40.00', 'CHAUFA REGIONAL', 1, '0.00', '18.00', '0.00', '40.00', '40.00', NULL),
(299, 130, 322, '8.00', '8.00', 'CERVEZA CRISTAL', 7, '0.00', '18.00', '0.00', '56.00', '56.00', NULL),
(300, 131, 323, '2.00', '2.00', 'CIGARRO LUCKY ', 2, '0.00', '18.00', '0.00', '4.00', '4.00', NULL),
(301, 132, 324, '10.00', '10.00', 'CERVEZA CUSQUEÑA', 4, '0.00', '18.00', '0.00', '40.00', '40.00', NULL),
(302, 133, 325, '35.00', '35.00', 'CEVICHE MIXTO', 1, '0.00', '18.00', '0.00', '35.00', '35.00', NULL),
(303, 133, 326, '7.00', '7.00', 'CUSQUEÑA NEGRA 310 ML', 1, '0.00', '18.00', '0.00', '7.00', '7.00', NULL),
(304, 134, 327, '25.00', '25.00', 'CEVICHE SIMPLE', 1, '0.00', '18.00', '0.00', '25.00', '25.00', NULL),
(305, 134, 328, '12.00', '12.00', 'LECHE SIMPLE', 1, '0.00', '18.00', '0.00', '12.00', '12.00', NULL),
(306, 134, 329, '30.00', '30.00', 'ARROZ C/ MARISCOS', 1, '0.00', '18.00', '0.00', '30.00', '30.00', NULL),
(307, 134, 330, '15.00', '15.00', 'JARRA DE REFRESCO', 1, '0.00', '18.00', '0.00', '15.00', '15.00', NULL),
(308, 134, 331, '2.00', '2.00', 'PROMOLA T´/GRANDE', 1, '0.00', '18.00', '0.00', '2.00', '2.00', NULL),
(309, 135, 333, '30.00', '30.00', 'ARROZ C/ MARISCOS', 1, '0.00', '18.00', '0.00', '30.00', '30.00', NULL),
(310, 135, 334, '12.00', '12.00', 'LECHE SIMPLE', 1, '0.00', '18.00', '0.00', '12.00', '12.00', NULL),
(311, 135, 335, '15.00', '15.00', 'JARRA DE REFRESCO', 1, '0.00', '18.00', '0.00', '15.00', '15.00', NULL),
(312, 135, 337, '8.00', '8.00', 'CERVEZA CRISTAL', 1, '0.00', '18.00', '0.00', '8.00', '8.00', NULL),
(313, 135, 338, '35.00', '35.00', 'POLLO A LO POBRE', 1, '0.00', '18.00', '0.00', '35.00', '35.00', NULL),
(314, 135, 339, '4.00', '4.00', 'AGUA SIN GAS', 1, '0.00', '18.00', '0.00', '4.00', '4.00', NULL),
(315, 136, 336, '25.00', '25.00', 'CEVICHE SIMPLE', 13, '0.00', '18.00', '0.00', '325.00', '325.00', NULL),
(316, 137, 340, '12.00', '12.00', 'LECHE SIMPLE', 1, '0.00', '18.00', '0.00', '12.00', '12.00', NULL),
(317, 137, 341, '10.00', '10.00', 'CERVEZA CUSQUEÑA', 1, '0.00', '18.00', '0.00', '10.00', '10.00', NULL),
(318, 138, 344, '23.00', '23.00', 'ALITAS BROASTER', 1, '0.00', '18.00', '0.00', '23.00', '23.00', NULL),
(319, 138, 345, '4.00', '4.00', 'INCA KOLA 500ML', 1, '0.00', '18.00', '0.00', '4.00', '4.00', NULL),
(320, 139, 342, '8.00', '8.00', 'CERVEZA CRISTAL', 4, '0.00', '18.00', '0.00', '32.00', '32.00', NULL),
(321, 139, 343, '4.00', '4.00', 'AGUA SIN GAS', 2, '0.00', '18.00', '0.00', '8.00', '8.00', NULL),
(322, 140, 348, '2.00', '2.00', 'CIGARRO LUCKY ', 1, '0.00', '18.00', '0.00', '2.00', '2.00', NULL),
(323, 141, 346, '9.00', '9.00', 'CERVEZA PILSEN', 9, '0.00', '18.00', '0.00', '81.00', '81.00', NULL),
(324, 141, 349, '2.00', '2.00', 'CIGARRO LUCKY ', 1, '0.00', '18.00', '0.00', '2.00', '2.00', NULL),
(325, 141, 350, '4.00', '4.00', 'INCA KOLA 500ML', 1, '0.00', '18.00', '0.00', '4.00', '4.00', NULL),
(326, 142, 347, '7.00', '7.00', 'CUSQUEÑA NEGRA 310 ML', 3, '0.00', '18.00', '0.00', '21.00', '21.00', NULL),
(327, 143, 351, '28.00', '28.00', 'CEVICHE NATURAL', 1, '0.00', '18.00', '0.00', '28.00', '28.00', NULL),
(328, 143, 352, '18.00', '18.00', 'LECHE MIXTO', 1, '0.00', '18.00', '0.00', '18.00', '18.00', NULL),
(329, 143, 353, '8.00', '8.00', 'CERVEZA CRISTAL', 4, '0.00', '18.00', '0.00', '32.00', '32.00', NULL),
(330, 144, 354, '20.00', '20.00', 'LECHE SIMPSON', 1, '0.00', '18.00', '0.00', '20.00', '20.00', NULL),
(331, 145, 355, '35.00', '35.00', 'CHICHARRON DE DONCELLA', 1, '0.00', '18.00', '0.00', '35.00', '35.00', NULL),
(332, 146, 357, '4.00', '4.00', 'INCA KOLA 500ML', 1, '0.00', '18.00', '0.00', '4.00', '4.00', NULL),
(333, 147, 358, '4.00', '4.00', 'INCA KOLA 500ML', 1, '0.00', '18.00', '0.00', '4.00', '4.00', NULL),
(334, 147, 359, '4.00', '4.00', 'COCA COLA 500ML', 1, '0.00', '18.00', '0.00', '4.00', '4.00', NULL),
(335, 148, 360, '4.00', '4.00', 'AGUA SIN GAS', 1, '0.00', '18.00', '0.00', '4.00', '4.00', NULL),
(336, 149, 365, '23.00', '23.00', 'ALITAS BBQ', 1, '0.00', '18.00', '0.00', '23.00', '23.00', NULL),
(337, 149, 366, '23.00', '23.00', 'ALITAS PICANTES', 1, '0.00', '18.00', '0.00', '23.00', '23.00', NULL),
(338, 150, 367, '23.00', '23.00', 'ALITAS PICANTES', 2, '0.00', '18.00', '0.00', '46.00', '46.00', NULL),
(339, 150, 368, '4.00', '4.00', 'COCA COLA 500ML', 1, '0.00', '18.00', '0.00', '4.00', '4.00', NULL),
(340, 151, 362, '23.00', '23.00', 'ALITAS BBQ', 1, '0.00', '18.00', '0.00', '23.00', '23.00', NULL),
(341, 151, 363, '23.00', '23.00', 'ALITAS PICANTES', 1, '0.00', '18.00', '0.00', '23.00', '23.00', NULL),
(342, 151, 364, '4.00', '4.00', 'INCA KOLA 500ML', 2, '0.00', '18.00', '0.00', '8.00', '8.00', NULL),
(343, 152, 370, '4.00', '4.00', 'INCA KOLA 500ML', 1, '0.00', '18.00', '0.00', '4.00', '4.00', NULL),
(344, 153, 361, '8.00', '8.00', 'CERVEZA CRISTAL', 5, '0.00', '18.00', '0.00', '40.00', '40.00', NULL),
(345, 154, 369, '10.00', '10.00', ' CUSQUEÑA DE TRIGO', 3, '0.00', '18.00', '0.00', '30.00', '30.00', NULL),
(346, 155, 373, '35.00', '35.00', 'CEVICHE  + CHICHARRON', 1, '0.00', '18.00', '0.00', '35.00', '35.00', NULL),
(347, 155, 374, '20.00', '20.00', 'LECHE SIMPSON', 1, '0.00', '18.00', '0.00', '20.00', '20.00', NULL),
(348, 155, 375, '10.00', '10.00', ' CUSQUEÑA DE TRIGO', 2, '0.00', '18.00', '0.00', '20.00', '20.00', NULL),
(349, 155, 376, '4.00', '4.00', 'AGUA SIN GAS', 1, '0.00', '18.00', '0.00', '4.00', '4.00', NULL),
(350, 156, 371, '20.00', '20.00', 'LECHE SIMPSON', 3, '0.00', '18.00', '0.00', '60.00', '60.00', NULL),
(351, 156, 372, '8.00', '8.00', 'CERVEZA CRISTAL', 2, '0.00', '18.00', '0.00', '16.00', '16.00', NULL),
(352, 156, 380, '4.00', '4.00', 'INCA KOLA 500ML', 2, '0.00', '18.00', '0.00', '8.00', '8.00', NULL),
(353, 157, 381, '45.00', '45.00', 'CHAUFA ESPECIAL', 1, '0.00', '18.00', '0.00', '45.00', '45.00', NULL),
(354, 157, 382, '35.00', '35.00', 'CHICHARRON DE DONCELLA', 1, '0.00', '18.00', '0.00', '35.00', '35.00', NULL),
(355, 158, 377, '30.00', '30.00', 'POLLO A LA PLANCHA', 1, '0.00', '18.00', '0.00', '30.00', '30.00', NULL),
(356, 158, 378, '23.00', '23.00', 'ALITAS BBQ', 1, '0.00', '18.00', '0.00', '23.00', '23.00', NULL),
(357, 158, 379, '7.00', '7.00', '1/2 JARRA DE REFRESCO ', 2, '0.00', '18.00', '0.00', '14.00', '14.00', NULL),
(358, 159, 383, '10.00', '10.00', ' CUSQUEÑA DE TRIGO', 2, '0.00', '18.00', '0.00', '20.00', '20.00', NULL),
(359, 159, 387, '4.00', '4.00', 'AGUA SIN GAS', 1, '0.00', '18.00', '0.00', '4.00', '4.00', NULL),
(360, 160, 385, '35.00', '35.00', 'CHICHARRON DE DONCELLA', 1, '0.00', '18.00', '0.00', '35.00', '35.00', NULL),
(361, 160, 386, '12.00', '12.00', 'LECHE SIMPLE', 1, '0.00', '18.00', '0.00', '12.00', '12.00', NULL),
(362, 161, 384, '8.00', '8.00', 'CERVEZA CRISTAL', 3, '0.00', '18.00', '0.00', '24.00', '24.00', NULL),
(363, 162, 388, '23.00', '23.00', 'ALITAS BBQ', 1, '0.00', '18.00', '0.00', '23.00', '23.00', NULL),
(364, 162, 389, '35.00', '35.00', 'CEVICHE MIXTO', 1, '0.00', '18.00', '0.00', '35.00', '35.00', NULL),
(365, 162, 390, '9.00', '9.00', 'CERVEZA PILSEN', 1, '0.00', '18.00', '0.00', '9.00', '9.00', NULL),
(366, 162, 391, '4.00', '4.00', 'INCA KOLA 500ML', 1, '0.00', '18.00', '0.00', '4.00', '4.00', NULL),
(367, 163, 394, '35.00', '35.00', 'CEVICHE MIXTO', 1, '0.00', '18.00', '0.00', '35.00', '35.00', NULL),
(368, 163, 395, '12.00', '12.00', 'STELLA ARTOIS', 2, '0.00', '18.00', '0.00', '24.00', '24.00', NULL),
(369, 163, 396, '4.00', '4.00', 'INCA KOLA 500ML', 1, '0.00', '18.00', '0.00', '4.00', '4.00', NULL),
(370, 164, 392, '10.00', '10.00', ' CUSQUEÑA DE TRIGO', 1, '0.00', '18.00', '0.00', '10.00', '10.00', NULL),
(371, 164, 393, '4.00', '4.00', 'AGUA SIN GAS', 1, '0.00', '18.00', '0.00', '4.00', '4.00', NULL),
(372, 165, 400, '8.00', '8.00', 'CERVEZA CRISTAL', 4, '0.00', '18.00', '0.00', '32.00', '32.00', NULL),
(373, 166, 397, '30.00', '30.00', 'BISTECK A LO POBRE', 1, '0.00', '18.00', '0.00', '30.00', '30.00', NULL),
(374, 166, 398, '25.00', '25.00', 'CEVICHE SIMPLE', 1, '0.00', '18.00', '0.00', '25.00', '25.00', NULL),
(375, 166, 399, '15.00', '15.00', 'JARRA DE REFRESCO', 1, '0.00', '18.00', '0.00', '15.00', '15.00', NULL),
(376, 166, 401, '10.00', '10.00', ' CUSQUEÑA DE TRIGO', 6, '0.00', '18.00', '0.00', '60.00', '60.00', NULL),
(377, 166, 402, '12.00', '12.00', 'LECHE SIMPLE', 1, '0.00', '18.00', '0.00', '12.00', '12.00', NULL),
(378, 166, 403, '2.00', '2.00', 'CIGARRO LUCKY ', 3, '0.00', '18.00', '0.00', '6.00', '6.00', NULL),
(379, 167, 404, '9.00', '9.00', 'CERVEZA PILSEN', 1, '0.00', '18.00', '0.00', '9.00', '9.00', NULL),
(380, 167, 405, '4.00', '4.00', 'COCA COLA 500ML', 1, '0.00', '18.00', '0.00', '4.00', '4.00', NULL),
(381, 168, 406, '8.00', '8.00', 'CERVEZA CRISTAL', 2, '0.00', '18.00', '0.00', '16.00', '16.00', NULL),
(382, 168, 407, '10.00', '10.00', ' CUSQUEÑA DE TRIGO', 1, '0.00', '18.00', '0.00', '10.00', '10.00', NULL),
(383, 169, 409, '18.00', '18.00', 'LECHE MIXTO', 1, '0.00', '18.00', '0.00', '18.00', '18.00', NULL),
(384, 169, 410, '10.00', '10.00', ' CUSQUEÑA DE TRIGO', 1, '0.00', '18.00', '0.00', '10.00', '10.00', NULL),
(385, 170, 413, '23.00', '23.00', 'ALITAS BBQ', 1, '0.00', '18.00', '0.00', '23.00', '23.00', NULL),
(386, 171, 411, '8.00', '8.00', 'CERVEZA CRISTAL', 2, '0.00', '18.00', '0.00', '16.00', '16.00', NULL),
(387, 171, 412, '10.00', '10.00', ' CUSQUEÑA DE TRIGO', 2, '0.00', '18.00', '0.00', '20.00', '20.00', NULL),
(388, 171, 414, '35.00', '35.00', 'CEVICHE MIXTO', 1, '0.00', '18.00', '0.00', '35.00', '35.00', NULL),
(389, 171, 415, '2.00', '2.00', 'CIGARRO LUCKY ', 1, '0.00', '18.00', '0.00', '2.00', '2.00', NULL),
(390, 171, 416, '2.00', '2.00', 'CIGARRO LUCKY ', 1, '0.00', '18.00', '0.00', '2.00', '2.00', NULL),
(391, 172, 408, '9.00', '9.00', 'CERVEZA PILSEN', 3, '0.00', '18.00', '0.00', '27.00', '27.00', NULL),
(392, 173, 417, '4.00', '4.00', 'COCA COLA 500ML', 3, '0.00', '18.00', '0.00', '12.00', '12.00', NULL),
(393, 173, 418, '4.00', '4.00', 'INCA KOLA 500ML', 1, '0.00', '18.00', '0.00', '4.00', '4.00', NULL),
(394, 174, 419, '28.00', '28.00', 'CEVICHE NATURAL', 1, '0.00', '18.00', '0.00', '28.00', '28.00', NULL),
(395, 174, 420, '7.00', '7.00', 'PATACONES', 1, '0.00', '18.00', '0.00', '7.00', '7.00', NULL),
(396, 174, 421, '2.00', '2.00', 'PROMOLA T´/GRANDE', 1, '0.00', '18.00', '0.00', '2.00', '2.00', NULL),
(397, 174, 422, '1.00', '1.00', 'PROMOLAS T/PEQUEÑO', 1, '0.00', '18.00', '0.00', '1.00', '1.00', NULL),
(398, 175, 423, '40.00', '40.00', 'PROMO MAKIS + ALITAS ', 1, '0.00', '18.00', '0.00', '40.00', '40.00', NULL),
(399, 175, 424, '35.00', '35.00', 'CEVICHE MIXTO', 1, '0.00', '18.00', '0.00', '35.00', '35.00', NULL),
(400, 175, 425, '2.00', '2.00', 'PROMOLA T´/GRANDE', 3, '0.00', '18.00', '0.00', '6.00', '6.00', NULL),
(401, 176, 426, '25.00', '25.00', 'CEVICHE SIMPLE', 1, '0.00', '18.00', '0.00', '25.00', '25.00', NULL),
(402, 176, 427, '4.00', '4.00', 'INCA KOLA 500ML', 1, '0.00', '18.00', '0.00', '4.00', '4.00', NULL),
(403, 177, 430, '28.00', '28.00', 'CEVICHE NATURAL', 1, '0.00', '18.00', '0.00', '28.00', '28.00', NULL),
(404, 177, 431, '35.00', '35.00', 'CEVICHE  + ARROZ C/ MARISCOS', 1, '0.00', '18.00', '0.00', '35.00', '35.00', NULL),
(405, 177, 432, '30.00', '30.00', 'CHICHARRON DE POLLO', 1, '0.00', '18.00', '0.00', '30.00', '30.00', NULL),
(406, 177, 433, '4.00', '4.00', 'COCA COLA 500ML', 3, '0.00', '18.00', '0.00', '12.00', '12.00', NULL),
(407, 178, 435, '4.00', '4.00', 'COCA COLA 500ML', 1, '0.00', '18.00', '0.00', '4.00', '4.00', NULL),
(408, 179, 428, '40.00', '40.00', 'CEVICHE + ARROZ C/ MARISCOS + CHICHARRON', 1, '0.00', '18.00', '0.00', '40.00', '40.00', NULL),
(409, 179, 429, '4.00', '4.00', 'INCA KOLA 500ML', 2, '0.00', '18.00', '0.00', '8.00', '8.00', NULL),
(410, 180, 436, '38.00', '38.00', 'CEVICHE  DE MARISCO', 1, '0.00', '18.00', '0.00', '38.00', '38.00', NULL),
(411, 180, 437, '30.00', '30.00', 'CHAUFA DE MARISCO', 1, '0.00', '18.00', '0.00', '30.00', '30.00', NULL),
(412, 180, 438, '4.00', '4.00', 'INCA KOLA 500ML', 2, '0.00', '18.00', '0.00', '8.00', '8.00', NULL),
(413, 180, 439, '8.00', '8.00', 'CERVEZA CRISTAL', 1, '0.00', '18.00', '0.00', '8.00', '8.00', NULL),
(414, 181, 440, '12.00', '12.00', 'LECHE SIMPLE', 1, '0.00', '18.00', '0.00', '12.00', '12.00', NULL),
(415, 181, 441, '1.00', '1.00', 'PROMOLAS T/PEQUEÑO', 1, '0.00', '18.00', '0.00', '1.00', '1.00', NULL),
(416, 182, 445, '12.00', '12.00', 'LECHE SIMPLE', 1, '0.00', '18.00', '0.00', '12.00', '12.00', NULL),
(417, 182, 446, '1.00', '1.00', 'PROMOLAS T/PEQUEÑO', 1, '0.00', '18.00', '0.00', '1.00', '1.00', NULL),
(418, 183, 447, '8.00', '8.00', 'CERVEZA CRISTAL', 1, '0.00', '18.00', '0.00', '8.00', '8.00', NULL),
(419, 184, 442, '23.00', '23.00', 'ALITAS ACEVICHADA', 1, '0.00', '18.00', '0.00', '23.00', '23.00', NULL),
(420, 184, 443, '4.00', '4.00', 'AGUA SIN GAS', 1, '0.00', '18.00', '0.00', '4.00', '4.00', NULL),
(421, 184, 444, '8.00', '8.00', 'CERVEZA CRISTAL', 3, '0.00', '18.00', '0.00', '24.00', '24.00', NULL),
(422, 185, 448, '35.00', '35.00', 'CEVICHE  + ARROZ C/ MARISCOS', 1, '0.00', '18.00', '0.00', '35.00', '35.00', NULL),
(423, 185, 449, '4.00', '4.00', 'COCA COLA 500ML', 1, '0.00', '18.00', '0.00', '4.00', '4.00', NULL),
(424, 186, 454, '4.00', '4.00', 'COCA COLA 500ML', 1, '0.00', '18.00', '0.00', '4.00', '4.00', NULL),
(425, 187, 452, '8.00', '8.00', 'CERVEZA CRISTAL', 3, '0.00', '18.00', '0.00', '24.00', '24.00', NULL),
(426, 188, 450, '30.00', '30.00', 'ARROZ C/ MARISCOS', 1, '0.00', '18.00', '0.00', '30.00', '30.00', NULL),
(427, 188, 451, '4.00', '4.00', 'COCA COLA 500ML', 1, '0.00', '18.00', '0.00', '4.00', '4.00', NULL),
(428, 189, 453, '8.00', '8.00', 'CERVEZA CRISTAL', 3, '0.00', '18.00', '0.00', '24.00', '24.00', NULL),
(429, 190, 456, '4.00', '4.00', 'COCA COLA 500ML', 1, '0.00', '18.00', '0.00', '4.00', '4.00', NULL),
(430, 190, 463, '35.00', '35.00', 'PROMO MAKIS + ALITAS ', 1, '0.00', '18.00', '0.00', '35.00', '35.00', NULL),
(431, 191, 458, '23.00', '23.00', 'ALITAS BBQ', 1, '0.00', '18.00', '0.00', '23.00', '23.00', NULL),
(432, 191, 459, '23.00', '23.00', 'ALITAS ACEVICHADA', 1, '0.00', '18.00', '0.00', '23.00', '23.00', NULL),
(433, 191, 460, '15.00', '15.00', 'LECHE NATURAL', 1, '0.00', '18.00', '0.00', '15.00', '15.00', NULL),
(434, 191, 461, '4.00', '4.00', 'COCA COLA 500ML', 1, '0.00', '18.00', '0.00', '4.00', '4.00', NULL),
(435, 191, 462, '4.00', '4.00', 'INCA KOLA 500ML', 1, '0.00', '18.00', '0.00', '4.00', '4.00', NULL),
(436, 191, 464, '12.00', '12.00', 'STELLA ARTOIS', 1, '0.00', '18.00', '0.00', '12.00', '12.00', NULL),
(437, 192, 472, '2.00', '2.00', 'CIGARRO LUCKY ', 1, '0.00', '18.00', '0.00', '2.00', '2.00', NULL),
(438, 193, 473, '12.00', '12.00', 'trigo', 1, '0.00', '18.00', '0.00', '12.00', '12.00', NULL),
(439, 194, 477, '10.00', '10.00', 'CERVEZA CRISTAL', 1, '0.00', '18.00', '0.00', '10.00', '10.00', NULL),
(440, 195, 484, '10.00', '10.00', 'pilsen', 2, '0.00', '18.00', '0.00', '20.00', '20.00', NULL),
(441, 196, 483, '10.00', '10.00', 'CERVEZA CRISTAL', 2, '0.00', '18.00', '0.00', '20.00', '20.00', NULL),
(442, 197, 465, '10.00', '10.00', 'CERVEZA CRISTAL', 4, '0.00', '18.00', '0.00', '40.00', '40.00', NULL),
(443, 197, 466, '23.00', '23.00', 'ALITAS ACEVICHADA', 2, '0.00', '18.00', '0.00', '46.00', '46.00', NULL),
(444, 197, 467, '15.00', '15.00', 'LECHE NATURAL', 2, '0.00', '18.00', '0.00', '30.00', '30.00', NULL),
(445, 197, 468, '25.00', '25.00', 'POLLO BROASTER C/ CHAUFA Y PAPA', 2, '0.00', '18.00', '0.00', '50.00', '50.00', NULL),
(446, 197, 469, '28.00', '28.00', 'CEVICHE NATURAL', 1, '0.00', '18.00', '0.00', '28.00', '28.00', NULL),
(447, 197, 470, '12.00', '12.00', 'trigo', 4, '0.00', '18.00', '0.00', '48.00', '48.00', NULL),
(448, 197, 471, '4.00', '4.00', 'AGUA SIN GAS', 1, '0.00', '18.00', '0.00', '4.00', '4.00', NULL),
(449, 197, 474, '18.00', '18.00', 'SALCHIPAPA SIMPLE', 1, '0.00', '18.00', '0.00', '18.00', '18.00', NULL),
(450, 197, 475, '4.00', '4.00', 'COCA COLA 500ML', 2, '0.00', '18.00', '0.00', '8.00', '8.00', NULL),
(451, 197, 476, '4.00', '4.00', 'INCA KOLA 500ML', 1, '0.00', '18.00', '0.00', '4.00', '4.00', NULL),
(452, 198, 492, '10.00', '10.00', 'pilsen', 1, '0.00', '18.00', '0.00', '10.00', '10.00', NULL),
(453, 199, 496, '2.00', '2.00', 'CIGARRO LUCKY ', 5, '0.00', '18.00', '0.00', '10.00', '10.00', NULL),
(454, 200, 500, '2.00', '2.00', 'CIGARRO LUCKY ', 1, '0.00', '18.00', '0.00', '2.00', '2.00', NULL),
(455, 201, 501, '2.00', '2.00', 'CIGARRO LUCKY ', 4, '0.00', '18.00', '0.00', '8.00', '8.00', NULL),
(456, 202, 488, '10.00', '10.00', 'pilsen', 3, '0.00', '18.00', '0.00', '30.00', '30.00', NULL),
(457, 202, 490, '4.00', '4.00', 'COCA COLA 500ML', 1, '0.00', '18.00', '0.00', '4.00', '4.00', NULL),
(458, 203, 495, '10.00', '10.00', 'CERVEZA CRISTAL', 2, '0.00', '18.00', '0.00', '20.00', '20.00', NULL),
(459, 204, 506, '2.00', '2.00', 'CIGARRO LUCKY ', 3, '0.00', '18.00', '0.00', '6.00', '6.00', NULL),
(460, 205, 457, '8.00', '8.00', 'CERVEZA CRISTAL', 4, '0.00', '18.00', '0.00', '32.00', '32.00', NULL),
(461, 205, 493, '23.00', '23.00', 'ALITAS BBQ', 1, '0.00', '18.00', '0.00', '23.00', '23.00', NULL),
(462, 205, 494, '7.00', '7.00', 'PATACONES', 1, '0.00', '18.00', '0.00', '7.00', '7.00', NULL),
(463, 206, 478, '12.00', '12.00', 'LECHE SIMPLE', 1, '0.00', '18.00', '0.00', '12.00', '12.00', NULL),
(464, 206, 479, '15.00', '15.00', 'DEDOS DE POLLO ', 1, '0.00', '18.00', '0.00', '15.00', '15.00', NULL),
(465, 206, 480, '4.00', '4.00', 'INCA KOLA 500ML', 1, '0.00', '18.00', '0.00', '4.00', '4.00', NULL),
(466, 206, 481, '10.00', '10.00', 'pilsen', 2, '0.00', '18.00', '0.00', '20.00', '20.00', NULL),
(467, 207, 489, '10.00', '10.00', 'pilsen', 3, '0.00', '18.00', '0.00', '30.00', '30.00', NULL),
(468, 208, 512, '10.00', '10.00', 'CERVEZA CRISTAL', 1, '0.00', '18.00', '0.00', '10.00', '10.00', NULL),
(469, 208, 513, '4.00', '4.00', 'AGUA SIN GAS', 1, '0.00', '18.00', '0.00', '4.00', '4.00', NULL),
(470, 209, 503, '25.00', '25.00', 'CEVICHE SIMPLE', 1, '0.00', '18.00', '0.00', '25.00', '25.00', NULL),
(471, 209, 504, '10.00', '10.00', 'CERVEZA CRISTAL', 1, '0.00', '18.00', '0.00', '10.00', '10.00', NULL),
(472, 209, 505, '2.00', '2.00', 'CIGARRO LUCKY ', 1, '0.00', '18.00', '0.00', '2.00', '2.00', NULL),
(473, 210, 516, '2.00', '2.00', 'CIGARRO LUCKY ', 1, '0.00', '18.00', '0.00', '2.00', '2.00', NULL),
(474, 211, 519, '2.00', '2.00', 'CIGARRO LUCKY ', 1, '0.00', '18.00', '0.00', '2.00', '2.00', NULL),
(475, 212, 498, '30.00', '30.00', 'CHICHARRON DE POLLO', 1, '0.00', '18.00', '0.00', '30.00', '30.00', NULL),
(476, 212, 499, '12.00', '12.00', 'CORONA', 4, '0.00', '18.00', '0.00', '48.00', '48.00', NULL),
(477, 212, 514, '4.00', '4.00', 'AGUA SIN GAS', 1, '0.00', '18.00', '0.00', '4.00', '4.00', NULL),
(478, 213, 507, '30.00', '30.00', 'CHICHARRON DE POLLO', 1, '0.00', '18.00', '0.00', '30.00', '30.00', NULL),
(479, 213, 508, '12.00', '12.00', 'CORONA', 3, '0.00', '18.00', '0.00', '36.00', '36.00', NULL),
(480, 213, 515, '4.00', '4.00', 'AGUA SIN GAS', 1, '0.00', '18.00', '0.00', '4.00', '4.00', NULL),
(481, 214, 520, '8.00', '8.00', 'CERVEZA CRISTAL', 2, '0.00', '18.00', '0.00', '16.00', '16.00', NULL),
(482, 215, 482, '25.00', '25.00', 'CEVICHE SIMPLE', 1, '0.00', '18.00', '0.00', '25.00', '25.00', NULL),
(483, 215, 485, '28.00', '28.00', 'CEVICHE NATURAL', 1, '0.00', '18.00', '0.00', '28.00', '28.00', NULL),
(484, 215, 487, '10.00', '10.00', 'CERVEZA CRISTAL', 3, '0.00', '18.00', '0.00', '30.00', '30.00', NULL),
(485, 215, 497, '25.00', '25.00', 'MAKIS LOMITO', 1, '0.00', '18.00', '0.00', '25.00', '25.00', NULL),
(486, 216, 521, '10.00', '10.00', 'CERVEZA CRISTAL', 2, '0.00', '18.00', '0.00', '20.00', '20.00', NULL),
(487, 217, 522, '2.00', '2.00', 'CIGARRO LUCKY ', 1, '0.00', '18.00', '0.00', '2.00', '2.00', NULL),
(488, 218, 502, '30.00', '30.00', 'POLLO A LA PLANCHA', 1, '0.00', '18.00', '0.00', '30.00', '30.00', NULL);
INSERT INTO `ventas_detalle` (`id_venta_detalle`, `id_venta`, `id_comanda_detalle`, `venta_detalle_valor_unitario`, `venta_detalle_precio_unitario`, `venta_detalle_nombre_producto`, `venta_detalle_cantidad`, `venta_detalle_total_igv`, `venta_detalle_porcentaje_igv`, `venta_detalle_total_icbper`, `venta_detalle_valor_total`, `venta_detalle_importe_total`, `id_producto_precio`) VALUES
(489, 218, 510, '4.00', '4.00', 'COCA COLA 500ML', 1, '0.00', '18.00', '0.00', '4.00', '4.00', NULL),
(490, 218, 511, '10.00', '10.00', 'pilsen', 2, '0.00', '18.00', '0.00', '20.00', '20.00', NULL),
(491, 219, 525, '8.00', '8.00', 'CERVEZA CRISTAL', 1, '0.00', '18.00', '0.00', '8.00', '8.00', NULL),
(492, 220, 526, '2.00', '2.00', 'CIGARRO LUCKY ', 1, '0.00', '18.00', '0.00', '2.00', '2.00', NULL),
(493, 221, 509, '10.00', '10.00', 'CERVEZA CRISTAL', 2, '0.00', '18.00', '0.00', '20.00', '20.00', NULL),
(494, 221, 517, '2.00', '2.00', 'CIGARRO LUCKY ', 2, '0.00', '18.00', '0.00', '4.00', '4.00', NULL),
(495, 222, 523, '10.00', '10.00', ' CUSQUEÑA DE TRIGO', 1, '0.00', '18.00', '0.00', '10.00', '10.00', NULL),
(496, 223, 527, '30.00', '30.00', 'CHAUFA DE MARISCO', 1, '0.00', '18.00', '0.00', '30.00', '30.00', NULL),
(497, 223, 528, '2.00', '2.00', 'PROMOLA T´/GRANDE', 1, '0.00', '18.00', '0.00', '2.00', '2.00', NULL),
(498, 224, 529, '40.00', '40.00', 'CEVICHE  + ARROZ CHAUFA C/ MARISCOS + CHICHARRON', 1, '0.00', '18.00', '0.00', '40.00', '40.00', NULL),
(499, 224, 530, '25.00', '25.00', 'CEVICHE SIMPLE', 1, '0.00', '18.00', '0.00', '25.00', '25.00', NULL),
(500, 224, 531, '15.00', '15.00', 'JARRA DE REFRESCO', 1, '0.00', '18.00', '0.00', '15.00', '15.00', NULL),
(501, 224, 532, '4.00', '4.00', 'AGUA CON GAS ', 1, '0.00', '18.00', '0.00', '4.00', '4.00', NULL),
(502, 225, 533, '35.00', '35.00', 'LOMO SALTADO', 1, '0.00', '18.00', '0.00', '35.00', '35.00', NULL),
(503, 225, 534, '30.00', '30.00', 'BISTECK A LO POBRE', 1, '0.00', '18.00', '0.00', '30.00', '30.00', NULL),
(504, 225, 535, '4.00', '4.00', 'INCA KOLA 500ML', 2, '0.00', '18.00', '0.00', '8.00', '8.00', NULL),
(505, 226, 537, '35.00', '35.00', 'CEVICHE  + CHICHARRON', 1, '0.00', '18.00', '0.00', '35.00', '35.00', NULL),
(506, 226, 538, '35.00', '35.00', 'CEVICHE  + ARROZ C/ MARISCOS', 1, '0.00', '18.00', '0.00', '35.00', '35.00', NULL),
(507, 226, 539, '15.00', '15.00', 'JARRA DE REFRESCO', 1, '0.00', '18.00', '0.00', '15.00', '15.00', NULL),
(508, 226, 558, '4.00', '4.00', 'AGUA SIN GAS', 1, '0.00', '18.00', '0.00', '4.00', '4.00', NULL),
(509, 227, 542, '4.00', '4.00', 'AGUA SIN GAS', 2, '0.00', '18.00', '0.00', '8.00', '8.00', NULL),
(510, 227, 543, '15.00', '15.00', 'JARRA DE REFRESCO', 1, '0.00', '18.00', '0.00', '15.00', '15.00', NULL),
(511, 227, 547, '10.00', '10.00', 'CERVEZA CRISTAL', 4, '0.00', '18.00', '0.00', '40.00', '40.00', NULL),
(512, 227, 548, '25.00', '25.00', 'POLLO BROASTER C/ CHAUFA Y PAPA', 1, '0.00', '18.00', '0.00', '25.00', '25.00', NULL),
(513, 227, 549, '5.00', '5.00', 'TACACHO', 1, '0.00', '18.00', '0.00', '5.00', '5.00', NULL),
(514, 227, 550, '2.50', '2.50', 'HUEVO', 2, '0.00', '18.00', '0.00', '5.00', '5.00', NULL),
(515, 227, 551, '25.00', '25.00', 'CEVICHE SIMPLE', 1, '0.00', '18.00', '0.00', '25.00', '25.00', NULL),
(516, 227, 552, '35.00', '35.00', 'CECINA CON TACACHO', 1, '0.00', '18.00', '0.00', '35.00', '35.00', NULL),
(517, 227, 561, '1.00', '1.00', 'PROMOLAS T/PEQUEÑO', 1, '0.00', '18.00', '0.00', '1.00', '1.00', NULL),
(518, 228, 540, '10.00', '10.00', 'CERVEZA CRISTAL', 4, '0.00', '18.00', '0.00', '40.00', '40.00', NULL),
(519, 228, 541, '4.00', '4.00', 'COCA COLA 500ML', 1, '0.00', '18.00', '0.00', '4.00', '4.00', NULL),
(520, 228, 544, '4.00', '4.00', 'AGUA SIN GAS', 1, '0.00', '18.00', '0.00', '4.00', '4.00', NULL),
(521, 228, 545, '35.00', '35.00', 'ARROZ C/ MARISCOS + CHICHARRON', 1, '0.00', '18.00', '0.00', '35.00', '35.00', NULL),
(522, 228, 554, '45.00', '45.00', 'CEVICHE +ARROZ/MARISCO+CHICHARRON D.', 1, '0.00', '18.00', '0.00', '45.00', '45.00', NULL),
(523, 228, 559, '7.00', '7.00', '1/2 JARRA DE REFRESCO ', 1, '0.00', '18.00', '0.00', '7.00', '7.00', NULL),
(524, 229, 555, '35.00', '35.00', 'CEVICHE  + CHICHARRON', 1, '0.00', '18.00', '0.00', '35.00', '35.00', NULL),
(525, 229, 556, '23.00', '23.00', 'ALITAS PICANTES', 1, '0.00', '18.00', '0.00', '23.00', '23.00', NULL),
(526, 229, 557, '4.00', '4.00', 'COCA COLA 500ML', 1, '0.00', '18.00', '0.00', '4.00', '4.00', NULL),
(527, 229, 560, '10.00', '10.00', 'CERVEZA CRISTAL', 4, '0.00', '18.00', '0.00', '40.00', '40.00', NULL),
(528, 230, 536, '20.00', '20.00', 'LECHE SIMPSON', 1, '0.00', '18.00', '0.00', '20.00', '20.00', NULL),
(529, 230, 553, '4.00', '4.00', 'INCA KOLA 500ML', 1, '0.00', '18.00', '0.00', '4.00', '4.00', NULL),
(530, 231, 562, '15.00', '15.00', 'LECHE NATURAL', 1, '0.00', '18.00', '0.00', '15.00', '15.00', NULL),
(531, 231, 563, '23.00', '23.00', 'ALITAS ACEVICHADA', 1, '0.00', '18.00', '0.00', '23.00', '23.00', NULL),
(532, 231, 564, '12.00', '12.00', 'STELLA ARTOIS', 1, '0.00', '18.00', '0.00', '12.00', '12.00', NULL),
(533, 231, 565, '10.00', '10.00', 'CERVEZA CRISTAL', 1, '0.00', '18.00', '0.00', '10.00', '10.00', NULL),
(534, 232, 566, '10.00', '10.00', 'pilsen', 2, '0.00', '18.00', '0.00', '20.00', '20.00', NULL),
(535, 233, 567, '30.00', '30.00', 'CHAUFA DE MARISCO', 1, '0.00', '18.00', '0.00', '30.00', '30.00', NULL),
(536, 233, 568, '12.00', '12.00', 'LECHE SIMPLE', 1, '0.00', '18.00', '0.00', '12.00', '12.00', NULL),
(537, 233, 569, '7.00', '7.00', '1/2 JARRA DE REFRESCO ', 1, '0.00', '18.00', '0.00', '7.00', '7.00', NULL),
(538, 234, 570, '4.00', '4.00', 'COCA COLA 500ML', 1, '0.00', '18.00', '0.00', '4.00', '4.00', NULL),
(539, 235, 571, '4.00', '4.00', 'COCA COLA 500ML', 1, '0.00', '18.00', '0.00', '4.00', '4.00', NULL),
(540, 236, 572, '20.00', '20.00', 'LECHE SIMPSON', 2, '0.00', '18.00', '0.00', '40.00', '40.00', NULL),
(541, 236, 573, '12.00', '12.00', 'LECHE SIMPLE', 1, '0.00', '18.00', '0.00', '12.00', '12.00', NULL),
(542, 236, 574, '15.00', '15.00', 'JARRA DE REFRESCO', 1, '0.00', '18.00', '0.00', '15.00', '15.00', NULL),
(543, 236, 575, '12.00', '12.00', 'LECHE SIMPLE', 1, '0.00', '18.00', '0.00', '12.00', '12.00', NULL),
(544, 237, 577, '4.00', '4.00', 'INCA KOLA 500ML', 1, '0.00', '18.00', '0.00', '4.00', '4.00', NULL),
(545, 237, 578, '30.00', '30.00', 'SALTADO DE POLLO', 1, '0.00', '18.00', '0.00', '30.00', '30.00', NULL),
(546, 238, 579, '20.00', '20.00', 'LECHE SIMPSON', 1, '0.00', '18.00', '0.00', '20.00', '20.00', NULL),
(547, 239, 580, '18.00', '18.00', 'LECHE MIXTO', 2, '0.00', '18.00', '0.00', '36.00', '36.00', NULL),
(548, 239, 581, '4.00', '4.00', 'COCA COLA 500ML', 3, '0.00', '18.00', '0.00', '12.00', '12.00', NULL),
(549, 240, 583, '35.00', '35.00', 'CEVICHE MIXTO', 1, '0.00', '18.00', '0.00', '35.00', '35.00', NULL),
(550, 240, 584, '15.00', '15.00', 'JARRA DE REFRESCO', 1, '0.00', '18.00', '0.00', '15.00', '15.00', NULL),
(551, 240, 586, '2.00', '2.00', 'PROMOLA T´/GRANDE', 1, '0.00', '18.00', '0.00', '2.00', '2.00', NULL),
(552, 241, 582, '10.00', '10.00', ' CUSQUEÑA DE TRIGO', 4, '0.00', '18.00', '0.00', '40.00', '40.00', NULL),
(553, 241, 585, '12.00', '12.00', 'LECHE SIMPLE', 1, '0.00', '18.00', '0.00', '12.00', '12.00', NULL),
(554, 242, 587, '8.00', '8.00', 'CERVEZA CRISTAL', 2, '0.00', '18.00', '0.00', '16.00', '16.00', NULL),
(555, 243, 588, '8.00', '8.00', 'CERVEZA CRISTAL', 3, '0.00', '18.00', '0.00', '24.00', '24.00', NULL),
(556, 244, 589, '12.00', '12.00', 'LECHE SIMPLE', 1, '0.00', '18.00', '0.00', '12.00', '12.00', NULL),
(557, 244, 590, '4.00', '4.00', 'COCA COLA 500ML', 1, '0.00', '18.00', '0.00', '4.00', '4.00', NULL),
(558, 245, 591, '30.00', '30.00', 'SALTADO DE POLLO', 1, '0.00', '18.00', '0.00', '30.00', '30.00', NULL),
(559, 245, 592, '7.00', '7.00', '1/2 JARRA DE REFRESCO ', 1, '0.00', '18.00', '0.00', '7.00', '7.00', NULL),
(560, 246, 596, '15.00', '15.00', 'LECHE NATURAL', 1, '0.00', '18.00', '0.00', '15.00', '15.00', NULL),
(561, 246, 597, '3.00', '3.00', '1 VASO C/ REFRESCO ', 1, '0.00', '18.00', '0.00', '3.00', '3.00', NULL),
(562, 246, 600, '20.00', '20.00', 'MAKIS KAY', 1, '0.00', '18.00', '0.00', '20.00', '20.00', NULL),
(563, 246, 601, '15.00', '15.00', 'DEDOS DE POLLO ', 1, '0.00', '18.00', '0.00', '15.00', '15.00', NULL),
(564, 246, 602, '23.00', '23.00', 'ALITAS ACEVICHADA', 1, '0.00', '18.00', '0.00', '23.00', '23.00', NULL),
(565, 246, 614, '2.00', '2.00', 'PROMOLA T´/GRANDE', 3, '0.00', '18.00', '0.00', '6.00', '6.00', NULL),
(566, 247, 598, '35.00', '35.00', 'CEVICHE MIXTO', 1, '0.00', '18.00', '0.00', '35.00', '35.00', NULL),
(567, 247, 599, '20.00', '20.00', 'LECHE SIMPSON', 1, '0.00', '18.00', '0.00', '20.00', '20.00', NULL),
(568, 247, 615, '4.00', '4.00', 'COCA COLA 500ML', 1, '0.00', '18.00', '0.00', '4.00', '4.00', NULL),
(569, 247, 616, '4.00', '4.00', 'INCA KOLA 500ML', 1, '0.00', '18.00', '0.00', '4.00', '4.00', NULL),
(570, 248, 593, '35.00', '35.00', 'CEVICHE MIXTO', 1, '0.00', '18.00', '0.00', '35.00', '35.00', NULL),
(571, 248, 594, '30.00', '30.00', 'CHAUFA DE MARISCO', 1, '0.00', '18.00', '0.00', '30.00', '30.00', NULL),
(572, 248, 595, '30.00', '30.00', 'POLLO A LA PLANCHA', 1, '0.00', '18.00', '0.00', '30.00', '30.00', NULL),
(573, 248, 604, '4.00', '4.00', 'COCA COLA 500ML', 2, '0.00', '18.00', '0.00', '8.00', '8.00', NULL),
(574, 248, 605, '4.00', '4.00', 'INCA KOLA 500ML', 2, '0.00', '18.00', '0.00', '8.00', '8.00', NULL),
(575, 248, 606, '35.00', '35.00', 'CEVICHE MIXTO', 1, '0.00', '18.00', '0.00', '35.00', '35.00', NULL),
(576, 248, 607, '15.00', '15.00', 'JARRA DE REFRESCO', 1, '0.00', '18.00', '0.00', '15.00', '15.00', NULL),
(577, 249, 608, '4.00', '4.00', 'COCA COLA 500ML', 1, '0.00', '18.00', '0.00', '4.00', '4.00', NULL),
(578, 249, 609, '15.00', '15.00', 'LECHE NATURAL', 1, '0.00', '18.00', '0.00', '15.00', '15.00', NULL),
(579, 250, 612, '25.00', '25.00', 'CEVICHE SIMPLE', 1, '0.00', '18.00', '0.00', '25.00', '25.00', NULL),
(580, 250, 613, '4.00', '4.00', 'INCA KOLA 500ML', 2, '0.00', '18.00', '0.00', '8.00', '8.00', NULL),
(581, 251, 610, '30.00', '30.00', 'ARROZ C/ MARISCOS', 1, '0.00', '18.00', '0.00', '30.00', '30.00', NULL),
(582, 251, 611, '30.00', '30.00', 'CHICHARRON DE POLLO', 1, '0.00', '18.00', '0.00', '30.00', '30.00', NULL),
(583, 251, 617, '15.00', '15.00', 'JARRA DE REFRESCO', 1, '0.00', '18.00', '0.00', '15.00', '15.00', NULL),
(584, 252, 618, '10.00', '10.00', ' CUSQUEÑA DE TRIGO', 2, '0.00', '18.00', '0.00', '20.00', '20.00', NULL),
(585, 252, 619, '4.00', '4.00', 'AGUA SIN GAS', 3, '0.00', '18.00', '0.00', '12.00', '12.00', NULL),
(586, 252, 621, '20.00', '20.00', 'CIGARRO MARLBORO', 1, '0.00', '18.00', '0.00', '20.00', '20.00', NULL),
(587, 253, 622, '12.00', '12.00', 'STELLA ARTOIS', 2, '0.00', '18.00', '0.00', '24.00', '24.00', NULL),
(588, 253, 623, '4.00', '4.00', 'AGUA SIN GAS', 1, '0.00', '18.00', '0.00', '4.00', '4.00', NULL),
(589, 254, 620, '8.00', '8.00', 'CERVEZA CRISTAL', 5, '0.00', '18.00', '0.00', '40.00', '40.00', NULL),
(590, 255, 628, '12.00', '12.00', 'LECHE SIMPLE', 1, '0.00', '18.00', '0.00', '12.00', '12.00', NULL),
(591, 255, 630, '4.00', '4.00', 'COCA COLA 500ML', 1, '0.00', '18.00', '0.00', '4.00', '4.00', NULL),
(592, 255, 631, '35.00', '35.00', 'CEVICHE  + ARROZ C/ MARISCOS', 1, '0.00', '18.00', '0.00', '35.00', '35.00', NULL),
(593, 256, 625, '15.00', '15.00', 'LECHE NATURAL', 2, '0.00', '18.00', '0.00', '30.00', '30.00', NULL),
(594, 256, 626, '30.00', '30.00', 'CHICHARRON DE POLLO', 1, '0.00', '18.00', '0.00', '30.00', '30.00', NULL),
(595, 257, 627, '9.00', '9.00', 'CERVEZA PILSEN', 2, '0.00', '18.00', '0.00', '18.00', '18.00', NULL),
(596, 258, 624, '23.00', '23.00', 'ALITAS PICANTES', 1, '0.00', '18.00', '0.00', '23.00', '23.00', NULL),
(597, 259, 632, '8.00', '8.00', 'CERVEZA CRISTAL', 2, '0.00', '18.00', '0.00', '16.00', '16.00', NULL),
(598, 260, 633, '25.00', '25.00', 'CEVICHE SIMPLE', 4, '0.00', '18.00', '0.00', '100.00', '100.00', NULL),
(599, 260, 634, '35.00', '35.00', 'CEVICHE  + CHICHARRON', 1, '0.00', '18.00', '0.00', '35.00', '35.00', NULL),
(600, 260, 635, '15.00', '15.00', 'JARRA DE REFRESCO', 2, '0.00', '18.00', '0.00', '30.00', '30.00', NULL),
(601, 260, 636, '35.00', '35.00', 'CECINA CON TACACHO', 1, '0.00', '18.00', '0.00', '35.00', '35.00', NULL),
(602, 260, 637, '10.00', '10.00', ' CUSQUEÑA DE TRIGO', 6, '0.00', '18.00', '0.00', '60.00', '60.00', NULL),
(603, 260, 638, '35.00', '35.00', 'CEVICHE MIXTO', 2, '0.00', '18.00', '0.00', '70.00', '70.00', NULL),
(604, 260, 639, '5.00', '5.00', 'TACACHO', 1, '0.00', '18.00', '0.00', '5.00', '5.00', NULL),
(605, 261, 640, '30.00', '30.00', 'SALTADO DE POLLO', 1, '0.00', '18.00', '0.00', '30.00', '30.00', NULL),
(606, 261, 642, '4.00', '4.00', 'COCA COLA 500ML', 1, '0.00', '18.00', '0.00', '4.00', '4.00', NULL),
(607, 261, 643, '30.00', '30.00', 'POLLO A LA PLANCHA', 1, '0.00', '18.00', '0.00', '30.00', '30.00', NULL),
(608, 261, 644, '4.00', '4.00', 'INCA KOLA 500ML', 1, '0.00', '18.00', '0.00', '4.00', '4.00', NULL),
(609, 262, 645, '25.00', '25.00', 'POLLO BROASTER C/ CHAUFA Y PAPA', 1, '0.00', '18.00', '0.00', '25.00', '25.00', NULL),
(610, 262, 647, '15.00', '15.00', 'JARRA DE REFRESCO', 1, '0.00', '18.00', '0.00', '15.00', '15.00', NULL),
(611, 262, 654, '35.00', '35.00', 'ARROZ C/ MARISCOS + CHICHARRON', 1, '0.00', '18.00', '0.00', '35.00', '35.00', NULL),
(612, 263, 648, '35.00', '35.00', 'CEVICHE  + ARROZ C/ MARISCOS', 1, '0.00', '18.00', '0.00', '35.00', '35.00', NULL),
(613, 263, 649, '28.00', '28.00', 'CEVICHE NATURAL', 1, '0.00', '18.00', '0.00', '28.00', '28.00', NULL),
(614, 263, 650, '30.00', '30.00', 'ARROZ C/ MARISCOS', 1, '0.00', '18.00', '0.00', '30.00', '30.00', NULL),
(615, 263, 651, '8.00', '8.00', 'CERVEZA CRISTAL', 1, '0.00', '18.00', '0.00', '8.00', '8.00', NULL),
(616, 263, 655, '35.00', '35.00', 'CHICHARRON DE DONCELLA', 1, '0.00', '18.00', '0.00', '35.00', '35.00', NULL),
(617, 263, 656, '15.00', '15.00', 'JARRA DE REFRESCO', 1, '0.00', '18.00', '0.00', '15.00', '15.00', NULL),
(618, 263, 660, '4.00', '4.00', 'AGUA SIN GAS', 1, '0.00', '18.00', '0.00', '4.00', '4.00', NULL),
(619, 264, 657, '35.00', '35.00', 'CEVICHE  + CHICHARRON', 1, '0.00', '18.00', '0.00', '35.00', '35.00', NULL),
(620, 264, 658, '12.00', '12.00', 'LECHE SIMPLE', 1, '0.00', '18.00', '0.00', '12.00', '12.00', NULL),
(621, 264, 659, '7.00', '7.00', '1/2 JARRA DE REFRESCO ', 1, '0.00', '18.00', '0.00', '7.00', '7.00', NULL),
(622, 264, 661, '4.00', '4.00', 'AGUA SIN GAS', 1, '0.00', '18.00', '0.00', '4.00', '4.00', NULL),
(623, 265, 662, '8.00', '8.00', 'CERVEZA CRISTAL', 3, '0.00', '18.00', '0.00', '24.00', '24.00', NULL),
(624, 266, 663, '4.00', '4.00', 'AGUA SIN GAS', 1, '0.00', '18.00', '0.00', '4.00', '4.00', NULL),
(625, 267, 664, '12.00', '12.00', 'LECHE SIMPLE', 1, '0.00', '18.00', '0.00', '12.00', '12.00', NULL),
(626, 267, 665, '1.00', '1.00', 'PROMOLAS T/PEQUEÑO', 1, '0.00', '18.00', '0.00', '1.00', '1.00', NULL),
(627, 268, 666, '8.00', '8.00', 'CERVEZA CRISTAL', 2, '0.00', '18.00', '0.00', '16.00', '16.00', NULL),
(628, 269, 671, '8.00', '8.00', 'CERVEZA CRISTAL', 2, '0.00', '18.00', '0.00', '16.00', '16.00', NULL),
(629, 270, 672, '8.00', '8.00', 'CERVEZA CRISTAL', 2, '0.00', '18.00', '0.00', '16.00', '16.00', NULL),
(630, 271, 667, '35.00', '35.00', 'CEVICHE MIXTO', 1, '0.00', '18.00', '0.00', '35.00', '35.00', NULL),
(631, 271, 668, '10.00', '10.00', ' CUSQUEÑA DE TRIGO', 3, '0.00', '18.00', '0.00', '30.00', '30.00', NULL),
(632, 272, 677, '8.00', '8.00', 'CERVEZA CRISTAL', 2, '0.00', '18.00', '0.00', '16.00', '16.00', NULL),
(633, 273, 679, '8.00', '8.00', 'CERVEZA CRISTAL', 1, '0.00', '18.00', '0.00', '8.00', '8.00', NULL),
(634, 274, 678, '8.00', '8.00', 'CERVEZA CRISTAL', 3, '0.00', '18.00', '0.00', '24.00', '24.00', NULL),
(635, 275, 673, '8.00', '8.00', 'CERVEZA CRISTAL', 3, '0.00', '18.00', '0.00', '24.00', '24.00', NULL),
(636, 275, 674, '25.00', '25.00', 'CEVICHE SIMPLE', 1, '0.00', '18.00', '0.00', '25.00', '25.00', NULL),
(637, 275, 675, '23.00', '23.00', 'ALITAS ACEVICHADA', 1, '0.00', '18.00', '0.00', '23.00', '23.00', NULL),
(638, 275, 676, '4.00', '4.00', 'INCA KOLA 500ML', 1, '0.00', '18.00', '0.00', '4.00', '4.00', NULL),
(639, 276, 669, '35.00', '35.00', 'CEVICHE MIXTO', 1, '0.00', '18.00', '0.00', '35.00', '35.00', NULL),
(640, 276, 670, '35.00', '35.00', 'CEVICHE MIXTO', 1, '0.00', '18.00', '0.00', '35.00', '35.00', NULL),
(641, 276, 680, '10.00', '10.00', ' CUSQUEÑA DE TRIGO', 8, '0.00', '18.00', '0.00', '80.00', '80.00', NULL),
(642, 277, 681, '4.00', '4.00', 'AGUA SIN GAS', 1, '0.00', '18.00', '0.00', '4.00', '4.00', NULL),
(643, 278, 682, '20.00', '20.00', 'LECHE SIMPSON', 1, '0.00', '18.00', '0.00', '20.00', '20.00', NULL),
(644, 278, 683, '35.00', '35.00', 'ARROZ CHAUFA C/ MARISCO + CEVICHE ', 1, '0.00', '18.00', '0.00', '35.00', '35.00', NULL),
(645, 278, 684, '4.00', '4.00', 'INCA KOLA 500ML', 2, '0.00', '18.00', '0.00', '8.00', '8.00', NULL),
(646, 278, 685, '4.00', '4.00', 'AGUA SIN GAS', 1, '0.00', '18.00', '0.00', '4.00', '4.00', NULL),
(647, 279, 686, '12.00', '12.00', 'LECHE SIMPLE', 1, '0.00', '18.00', '0.00', '12.00', '12.00', NULL),
(648, 279, 687, '4.00', '4.00', 'INCA KOLA 500ML', 1, '0.00', '18.00', '0.00', '4.00', '4.00', NULL),
(649, 280, 694, '12.00', '12.00', 'LECHE SIMPLE', 1, '0.00', '18.00', '0.00', '12.00', '12.00', NULL),
(650, 280, 695, '25.00', '25.00', 'CEVICHE SIMPLE', 1, '0.00', '18.00', '0.00', '25.00', '25.00', NULL),
(651, 280, 696, '7.00', '7.00', '1/2 JARRA DE REFRESCO ', 1, '0.00', '18.00', '0.00', '7.00', '7.00', NULL),
(652, 281, 688, '30.00', '30.00', 'CHAUFA DE MARISCO', 1, '0.00', '18.00', '0.00', '30.00', '30.00', NULL),
(653, 281, 689, '30.00', '30.00', 'ARROZ C/ MARISCOS', 1, '0.00', '18.00', '0.00', '30.00', '30.00', NULL),
(654, 281, 690, '30.00', '30.00', 'POLLO A LA PLANCHA', 1, '0.00', '18.00', '0.00', '30.00', '30.00', NULL),
(655, 281, 691, '8.00', '8.00', 'CERVEZA CRISTAL', 1, '0.00', '18.00', '0.00', '8.00', '8.00', NULL),
(656, 281, 692, '4.00', '4.00', 'COCA COLA 500ML', 1, '0.00', '18.00', '0.00', '4.00', '4.00', NULL),
(657, 281, 693, '35.00', '35.00', 'CEVICHE MIXTO', 1, '0.00', '18.00', '0.00', '35.00', '35.00', NULL),
(658, 281, 697, '5.00', '5.00', 'ARROZ BLANCO', 1, '0.00', '18.00', '0.00', '5.00', '5.00', NULL),
(659, 281, 698, '4.00', '4.00', 'INCA KOLA 500ML', 3, '0.00', '18.00', '0.00', '12.00', '12.00', NULL),
(660, 282, 699, '35.00', '35.00', 'CEVICHE  + CHICHARRON', 2, '0.00', '18.00', '0.00', '70.00', '70.00', NULL),
(661, 282, 700, '15.00', '15.00', 'JARRA DE REFRESCO', 1, '0.00', '18.00', '0.00', '15.00', '15.00', NULL),
(662, 283, 703, '10.00', '10.00', ' CUSQUEÑA DE TRIGO', 2, '0.00', '18.00', '0.00', '20.00', '20.00', NULL),
(663, 284, 701, '35.00', '35.00', 'ARROZ CHAUFA C/ MARISCO + CEVICHE ', 2, '0.00', '18.00', '0.00', '70.00', '70.00', NULL),
(664, 284, 702, '4.00', '4.00', 'INCA KOLA 500ML', 2, '0.00', '18.00', '0.00', '8.00', '8.00', NULL),
(665, 285, 704, '4.00', '4.00', 'INCA KOLA 500ML', 1, '0.00', '18.00', '0.00', '4.00', '4.00', NULL),
(666, 286, 708, '4.00', '4.00', 'COCA COLA 500ML', 1, '0.00', '18.00', '0.00', '4.00', '4.00', NULL),
(667, 287, 705, '35.00', '35.00', 'CEVICHE  + CHICHARRON', 1, '0.00', '18.00', '0.00', '35.00', '35.00', NULL),
(668, 287, 706, '4.00', '4.00', 'COCA COLA 500ML', 1, '0.00', '18.00', '0.00', '4.00', '4.00', NULL),
(669, 287, 707, '10.00', '10.00', 'pilsen', 1, '0.00', '18.00', '0.00', '10.00', '10.00', NULL),
(670, 288, 709, '8.00', '8.00', 'CERVEZA CRISTAL', 3, '0.00', '18.00', '0.00', '24.00', '24.00', NULL),
(671, 289, 710, '8.00', '8.00', 'CERVEZA CRISTAL', 1, '0.00', '18.00', '0.00', '8.00', '8.00', NULL),
(672, 290, 711, '8.00', '8.00', 'CERVEZA CRISTAL', 4, '0.00', '18.00', '0.00', '32.00', '32.00', NULL),
(673, 291, 713, '8.00', '8.00', 'CERVEZA CRISTAL', 2, '0.00', '18.00', '0.00', '16.00', '16.00', NULL),
(674, 292, 712, '8.00', '8.00', 'CERVEZA CRISTAL', 3, '0.00', '18.00', '0.00', '24.00', '24.00', NULL),
(675, 293, 722, '23.00', '23.00', 'ALITAS BBQ', 1, '0.00', '18.00', '0.00', '23.00', '23.00', NULL),
(676, 293, 723, '2.00', '2.00', 'PROMOLA T´/GRANDE', 1, '0.00', '18.00', '0.00', '2.00', '2.00', NULL),
(677, 294, 719, '8.00', '8.00', 'CERVEZA CRISTAL', 1, '0.00', '18.00', '0.00', '8.00', '8.00', NULL),
(678, 294, 721, '4.00', '4.00', 'COCA COLA 500ML', 1, '0.00', '18.00', '0.00', '4.00', '4.00', NULL),
(679, 294, 724, '25.00', '25.00', 'CEVICHE SIMPLE', 1, '0.00', '18.00', '0.00', '25.00', '25.00', NULL),
(680, 295, 714, '25.00', '25.00', 'CEVICHE SIMPLE', 1, '0.00', '18.00', '0.00', '25.00', '25.00', NULL),
(681, 295, 715, '35.00', '35.00', 'CEVICHE MIXTO', 1, '0.00', '18.00', '0.00', '35.00', '35.00', NULL),
(682, 295, 718, '5.00', '5.00', 'PORCION DE YUYO', 1, '0.00', '18.00', '0.00', '5.00', '5.00', NULL),
(683, 295, 720, '10.00', '10.00', 'pilsen', 1, '0.00', '18.00', '0.00', '10.00', '10.00', NULL),
(684, 296, 731, '28.00', '28.00', 'CEVICHE NATURAL', 1, '0.00', '18.00', '0.00', '28.00', '28.00', NULL),
(685, 296, 732, '2.00', '2.00', 'PROMOLA T´/GRANDE', 1, '0.00', '18.00', '0.00', '2.00', '2.00', NULL),
(686, 297, 725, '8.00', '8.00', 'CERVEZA CRISTAL', 7, '0.00', '18.00', '0.00', '56.00', '56.00', NULL),
(687, 297, 726, '4.00', '4.00', 'COCA COLA 500ML', 1, '0.00', '18.00', '0.00', '4.00', '4.00', NULL),
(688, 297, 733, '2.00', '2.00', 'CIGARRO LUCKY ', 2, '0.00', '18.00', '0.00', '4.00', '4.00', NULL),
(689, 297, 734, '4.00', '4.00', 'AGUA SIN GAS', 1, '0.00', '18.00', '0.00', '4.00', '4.00', NULL),
(690, 298, 735, '8.00', '8.00', 'CERVEZA CRISTAL', 2, '0.00', '18.00', '0.00', '16.00', '16.00', NULL),
(691, 299, 736, '8.00', '8.00', 'CERVEZA CRISTAL', 1, '0.00', '18.00', '0.00', '8.00', '8.00', NULL),
(692, 300, 737, '2.00', '2.00', 'CIGARRO LUCKY ', 1, '0.00', '18.00', '0.00', '2.00', '2.00', NULL),
(693, 301, 727, '10.00', '10.00', ' CUSQUEÑA DE TRIGO', 4, '0.00', '18.00', '0.00', '40.00', '40.00', NULL),
(694, 302, 743, '2.00', '2.00', 'CIGARRO LUCKY ', 1, '0.00', '18.00', '0.00', '2.00', '2.00', NULL),
(695, 303, 745, '4.00', '4.00', 'COCA COLA 500ML', 1, '0.00', '18.00', '0.00', '4.00', '4.00', NULL),
(696, 304, 747, '12.00', '12.00', 'trigo', 2, '0.00', '18.00', '0.00', '24.00', '24.00', NULL),
(697, 305, 752, '25.00', '25.00', 'CEVICHE SIMPLE', 1, '0.00', '18.00', '0.00', '25.00', '25.00', NULL),
(698, 305, 753, '2.00', '2.00', 'PROMOLA T´/GRANDE', 1, '0.00', '18.00', '0.00', '2.00', '2.00', NULL),
(699, 306, 748, '23.00', '23.00', 'ALITAS BBQ', 1, '0.00', '18.00', '0.00', '23.00', '23.00', NULL),
(700, 306, 749, '4.00', '4.00', 'COCA COLA 500ML', 1, '0.00', '18.00', '0.00', '4.00', '4.00', NULL),
(701, 306, 750, '4.00', '4.00', 'AGUA SIN GAS', 2, '0.00', '18.00', '0.00', '8.00', '8.00', NULL),
(702, 306, 754, '23.00', '23.00', 'ALITAS BBQ', 1, '0.00', '18.00', '0.00', '23.00', '23.00', NULL),
(703, 307, 757, '8.00', '8.00', 'CERVEZA CRISTAL', 3, '0.00', '18.00', '0.00', '24.00', '24.00', NULL),
(704, 308, 744, '12.00', '12.00', 'CORONA', 5, '0.00', '18.00', '0.00', '60.00', '60.00', NULL),
(705, 308, 746, '23.00', '23.00', 'ALITAS ACEVICHADA', 1, '0.00', '18.00', '0.00', '23.00', '23.00', NULL),
(706, 308, 751, '4.00', '4.00', 'AGUA SIN GAS', 1, '0.00', '18.00', '0.00', '4.00', '4.00', NULL),
(707, 308, 758, '10.00', '10.00', 'pilsen', 3, '0.00', '18.00', '0.00', '30.00', '30.00', NULL),
(708, 309, 755, '8.00', '8.00', 'CERVEZA CRISTAL', 6, '0.00', '18.00', '0.00', '48.00', '48.00', NULL),
(709, 309, 756, '2.00', '2.00', 'CIGARRO LUCKY ', 2, '0.00', '18.00', '0.00', '4.00', '4.00', NULL),
(710, 310, 759, '12.00', '12.00', 'trigo', 2, '0.00', '18.00', '0.00', '24.00', '24.00', NULL),
(711, 311, 764, '10.00', '10.00', 'pilsen', 1, '0.00', '18.00', '0.00', '10.00', '10.00', NULL),
(712, 312, 763, '8.00', '8.00', 'CERVEZA CRISTAL', 1, '0.00', '18.00', '0.00', '8.00', '8.00', NULL),
(713, 313, 738, '35.00', '35.00', 'CEVICHE  + CHICHARRON', 2, '0.00', '18.00', '0.00', '70.00', '70.00', NULL),
(714, 313, 739, '15.00', '15.00', 'JARRA DE REFRESCO', 1, '0.00', '18.00', '0.00', '15.00', '15.00', NULL),
(715, 313, 740, '18.00', '18.00', 'BROCHETAS', 1, '0.00', '18.00', '0.00', '18.00', '18.00', NULL),
(716, 313, 741, '12.00', '12.00', 'trigo', 9, '0.00', '18.00', '0.00', '108.00', '108.00', NULL),
(717, 313, 742, '4.00', '4.00', 'INCA KOLA 500ML', 3, '0.00', '18.00', '0.00', '12.00', '12.00', NULL),
(718, 313, 761, '35.00', '35.00', 'CEVICHE  + CHICHARRON', 1, '0.00', '18.00', '0.00', '35.00', '35.00', NULL),
(719, 313, 762, '4.00', '4.00', 'COCA COLA 500ML', 1, '0.00', '18.00', '0.00', '4.00', '4.00', NULL),
(720, 314, 760, '8.00', '8.00', 'CERVEZA CRISTAL', 7, '0.00', '18.00', '0.00', '56.00', '56.00', NULL),
(721, 315, 768, '4.00', '4.00', 'INCA KOLA 500ML', 1, '0.00', '18.00', '0.00', '4.00', '4.00', NULL),
(722, 315, 769, '4.00', '4.00', 'COCA COLA 500ML', 1, '0.00', '18.00', '0.00', '4.00', '4.00', NULL),
(723, 315, 770, '4.00', '4.00', 'AGUA CON GAS ', 1, '0.00', '18.00', '0.00', '4.00', '4.00', NULL),
(724, 316, 765, '8.00', '8.00', 'CERVEZA CRISTAL', 16, '0.00', '18.00', '0.00', '128.00', '128.00', NULL),
(725, 316, 766, '4.00', '4.00', 'COCA COLA 500ML', 1, '0.00', '18.00', '0.00', '4.00', '4.00', NULL),
(726, 316, 767, '2.00', '2.00', 'CIGARRO LUCKY ', 13, '0.00', '18.00', '0.00', '26.00', '26.00', NULL),
(727, 317, 775, '5.00', '5.00', 'TACACHO', 1, '0.00', '18.00', '0.00', '5.00', '5.00', NULL),
(728, 317, 776, '35.00', '35.00', 'CEVICHE MIXTO', 1, '0.00', '18.00', '0.00', '35.00', '35.00', NULL),
(729, 317, 777, '35.00', '35.00', 'CECINA CON TACACHO', 1, '0.00', '18.00', '0.00', '35.00', '35.00', NULL),
(730, 317, 778, '4.00', '4.00', 'INCA KOLA 500ML', 1, '0.00', '18.00', '0.00', '4.00', '4.00', NULL),
(731, 317, 779, '4.00', '4.00', 'COCA COLA 500ML', 1, '0.00', '18.00', '0.00', '4.00', '4.00', NULL),
(732, 318, 774, '10.00', '10.00', 'CERVEZA CRISTAL', 2, '0.00', '18.00', '0.00', '20.00', '20.00', NULL),
(733, 318, 780, '18.00', '18.00', 'BROCHETAS', 1, '0.00', '18.00', '0.00', '18.00', '18.00', NULL),
(734, 318, 783, '4.00', '4.00', 'COCA COLA 500ML', 1, '0.00', '18.00', '0.00', '4.00', '4.00', NULL),
(735, 319, 781, '35.00', '35.00', 'LOMO SALTADO', 1, '0.00', '18.00', '0.00', '35.00', '35.00', NULL),
(736, 319, 782, '7.00', '7.00', '1/2 JARRA DE REFRESCO ', 1, '0.00', '18.00', '0.00', '7.00', '7.00', NULL),
(737, 320, 786, '35.00', '35.00', 'CEVICHE MIXTO', 1, '0.00', '18.00', '0.00', '35.00', '35.00', NULL),
(738, 320, 787, '12.00', '12.00', 'trigo', 2, '0.00', '18.00', '0.00', '24.00', '24.00', NULL),
(739, 320, 788, '30.00', '30.00', 'CHICHARRON DE POLLO', 1, '0.00', '18.00', '0.00', '30.00', '30.00', NULL),
(740, 321, 812, '10.00', '10.00', 'CERVEZA CRISTAL', 1, '0.00', '18.00', '0.00', '10.00', '10.00', NULL),
(741, 322, 789, '35.00', '35.00', 'CEVICHE MIXTO', 2, '0.00', '18.00', '0.00', '70.00', '70.00', NULL),
(742, 322, 790, '25.00', '25.00', 'CEVICHE SIMPLE', 1, '0.00', '18.00', '0.00', '25.00', '25.00', NULL),
(743, 322, 791, '12.00', '12.00', 'LECHE SIMPLE', 1, '0.00', '18.00', '0.00', '12.00', '12.00', NULL),
(744, 322, 792, '10.00', '10.00', 'pilsen', 3, '0.00', '18.00', '0.00', '30.00', '30.00', NULL),
(745, 322, 793, '4.00', '4.00', 'COCA COLA 500ML', 1, '0.00', '18.00', '0.00', '4.00', '4.00', NULL),
(746, 323, 827, '10.00', '10.00', 'pilsen', 1, '0.00', '18.00', '0.00', '10.00', '10.00', NULL),
(747, 324, 819, '35.00', '35.00', 'CEVICHE  + CHICHARRON', 2, '0.00', '18.00', '0.00', '70.00', '70.00', NULL),
(748, 324, 820, '23.00', '23.00', 'ALITAS BROASTER', 2, '0.00', '18.00', '0.00', '46.00', '46.00', NULL),
(749, 324, 821, '30.00', '30.00', 'CHAUFA C/ MARISCOS', 1, '0.00', '18.00', '0.00', '30.00', '30.00', NULL),
(750, 324, 822, '35.00', '35.00', 'CEVICHE MIXTO', 1, '0.00', '18.00', '0.00', '35.00', '35.00', NULL),
(751, 324, 824, '10.00', '10.00', 'CERVEZA CRISTAL', 7, '0.00', '18.00', '0.00', '70.00', '70.00', NULL),
(752, 324, 826, '4.00', '4.00', 'INCA KOLA 500ML', 2, '0.00', '18.00', '0.00', '8.00', '8.00', NULL),
(753, 324, 832, '1.00', '1.00', 'PROMOLAS T/PEQUEÑO', 1, '0.00', '18.00', '0.00', '1.00', '1.00', NULL),
(754, 325, 813, '10.00', '10.00', 'CERVEZA CRISTAL', 7, '0.00', '18.00', '0.00', '70.00', '70.00', NULL),
(755, 325, 825, '12.00', '12.00', 'trigo', 1, '0.00', '18.00', '0.00', '12.00', '12.00', NULL),
(756, 325, 828, '18.00', '18.00', 'LECHE MIXTO', 1, '0.00', '18.00', '0.00', '18.00', '18.00', NULL),
(757, 325, 833, '4.00', '4.00', 'AGUA SIN GAS', 1, '0.00', '18.00', '0.00', '4.00', '4.00', NULL),
(758, 326, 814, '45.00', '45.00', 'CHAUFA ESPECIAL', 1, '0.00', '18.00', '0.00', '45.00', '45.00', NULL),
(759, 326, 815, '40.00', '40.00', 'CHAUFA REGIONAL', 1, '0.00', '18.00', '0.00', '40.00', '40.00', NULL),
(760, 326, 816, '30.00', '30.00', 'CHICHARRON DE POLLO', 3, '0.00', '18.00', '0.00', '90.00', '90.00', NULL),
(761, 326, 817, '15.00', '15.00', 'PORCION ARROZ CHAUFA SIMPLE', 1, '0.00', '18.00', '0.00', '15.00', '15.00', NULL),
(762, 326, 823, '12.00', '12.00', 'LECHE SIMPLE', 1, '0.00', '18.00', '0.00', '12.00', '12.00', NULL),
(763, 326, 830, '4.00', '4.00', 'INCA KOLA 500ML', 2, '0.00', '18.00', '0.00', '8.00', '8.00', NULL),
(764, 326, 834, '8.00', '8.00', 'CERVEZA CRISTAL', 13, '0.00', '18.00', '0.00', '104.00', '104.00', NULL),
(765, 326, 835, '4.00', '4.00', 'AGUA SIN GAS', 1, '0.00', '18.00', '0.00', '4.00', '4.00', NULL),
(766, 327, 794, '45.00', '45.00', 'CHICHARRON MIXTO', 1, '0.00', '18.00', '0.00', '45.00', '45.00', NULL),
(767, 327, 795, '38.00', '38.00', 'CHUPE DE CAMARONES', 1, '0.00', '18.00', '0.00', '38.00', '38.00', NULL),
(768, 327, 796, '35.00', '35.00', 'CHICHARRON DE DONCELLA', 1, '0.00', '18.00', '0.00', '35.00', '35.00', NULL),
(769, 327, 797, '30.00', '30.00', 'SALTADO DE POLLO', 1, '0.00', '18.00', '0.00', '30.00', '30.00', NULL),
(770, 327, 798, '28.00', '28.00', 'CEVICHE NATURAL', 1, '0.00', '18.00', '0.00', '28.00', '28.00', NULL),
(771, 327, 799, '30.00', '30.00', 'POLLO A LA PLANCHA', 1, '0.00', '18.00', '0.00', '30.00', '30.00', NULL),
(772, 327, 800, '15.00', '15.00', 'JARRA DE REFRESCO', 1, '0.00', '18.00', '0.00', '15.00', '15.00', NULL),
(773, 327, 801, '25.00', '25.00', 'CEVICHE SIMPLE', 4, '0.00', '18.00', '0.00', '100.00', '100.00', NULL),
(774, 327, 802, '35.00', '35.00', 'CEVICHE MIXTO', 1, '0.00', '18.00', '0.00', '35.00', '35.00', NULL),
(775, 327, 803, '4.00', '4.00', 'INCA KOLA 500ML', 2, '0.00', '18.00', '0.00', '8.00', '8.00', NULL),
(776, 327, 804, '20.00', '20.00', 'LECHE SIMPSON', 1, '0.00', '18.00', '0.00', '20.00', '20.00', NULL),
(777, 327, 805, '30.00', '30.00', 'CHICHARRON DE POLLO', 1, '0.00', '18.00', '0.00', '30.00', '30.00', NULL),
(778, 327, 806, '4.00', '4.00', 'COCA COLA 500ML', 6, '0.00', '18.00', '0.00', '24.00', '24.00', NULL),
(779, 327, 807, '4.00', '4.00', 'AGUA SIN GAS', 6, '0.00', '18.00', '0.00', '24.00', '24.00', NULL),
(780, 327, 808, '10.00', '10.00', 'pilsen', 2, '0.00', '18.00', '0.00', '20.00', '20.00', NULL),
(781, 327, 809, '4.00', '4.00', 'AGUA CON GAS ', 1, '0.00', '18.00', '0.00', '4.00', '4.00', NULL),
(782, 327, 810, '35.00', '35.00', 'CEVICHE  + ARROZ C/ MARISCOS', 1, '0.00', '18.00', '0.00', '35.00', '35.00', NULL),
(783, 327, 811, '7.00', '7.00', '1/2 JARRA DE REFRESCO ', 1, '0.00', '18.00', '0.00', '7.00', '7.00', NULL),
(784, 327, 829, '1.00', '1.00', 'PROMOLAS T/PEQUEÑO', 1, '0.00', '18.00', '0.00', '1.00', '1.00', NULL),
(785, 328, 836, '20.00', '20.00', 'LECHE SIMPSON', 1, '0.00', '18.00', '0.00', '20.00', '20.00', NULL),
(786, 328, 837, '4.00', '4.00', 'COCA COLA 500ML', 1, '0.00', '18.00', '0.00', '4.00', '4.00', NULL),
(787, 328, 838, '4.00', '4.00', 'AGUA CON GAS ', 1, '0.00', '18.00', '0.00', '4.00', '4.00', NULL),
(788, 329, 844, '4.00', '4.00', 'COCA COLA 500ML', 1, '0.00', '18.00', '0.00', '4.00', '4.00', NULL),
(789, 330, 841, '30.00', '30.00', 'ARROZ C/ MARISCOS', 1, '0.00', '18.00', '0.00', '30.00', '30.00', NULL),
(790, 330, 842, '35.00', '35.00', 'CEVICHE MIXTO', 1, '0.00', '18.00', '0.00', '35.00', '35.00', NULL),
(791, 330, 843, '15.00', '15.00', 'JARRA DE REFRESCO', 1, '0.00', '18.00', '0.00', '15.00', '15.00', NULL),
(792, 331, 845, '28.00', '28.00', 'CEVICHE NATURAL', 1, '0.00', '18.00', '0.00', '28.00', '28.00', NULL),
(793, 331, 846, '5.00', '5.00', 'ARROZ BLANCO', 1, '0.00', '18.00', '0.00', '5.00', '5.00', NULL),
(794, 331, 847, '8.00', '8.00', 'CERVEZA CRISTAL', 4, '0.00', '18.00', '0.00', '32.00', '32.00', NULL),
(795, 331, 848, '4.00', '4.00', 'INCA KOLA 500ML', 1, '0.00', '18.00', '0.00', '4.00', '4.00', NULL),
(796, 331, 849, '35.00', '35.00', 'CEVICHE  + CHICHARRON', 1, '0.00', '18.00', '0.00', '35.00', '35.00', NULL),
(797, 332, 850, '8.00', '8.00', 'CERVEZA CRISTAL', 4, '0.00', '18.00', '0.00', '32.00', '32.00', NULL),
(798, 333, 851, '4.00', '4.00', 'AGUA SIN GAS', 1, '0.00', '18.00', '0.00', '4.00', '4.00', NULL),
(799, 334, 852, '8.00', '8.00', 'CERVEZA CRISTAL', 1, '0.00', '18.00', '0.00', '8.00', '8.00', NULL),
(800, 335, 853, '2.00', '2.00', 'CIGARRO LUCKY ', 1, '0.00', '18.00', '0.00', '2.00', '2.00', NULL),
(801, 336, 862, '2.00', '2.00', 'CIGARRO LUCKY ', 1, '0.00', '18.00', '0.00', '2.00', '2.00', NULL),
(802, 337, 854, '8.00', '8.00', 'CERVEZA CRISTAL', 4, '0.00', '18.00', '0.00', '32.00', '32.00', NULL),
(803, 338, 866, '8.00', '8.00', 'CERVEZA CRISTAL', 1, '0.00', '18.00', '0.00', '8.00', '8.00', NULL),
(804, 339, 855, '23.00', '23.00', 'ALITAS PICANTES', 1, '0.00', '18.00', '0.00', '23.00', '23.00', NULL),
(805, 339, 856, '4.00', '4.00', 'COCA COLA 500ML', 1, '0.00', '18.00', '0.00', '4.00', '4.00', NULL),
(806, 340, 857, '45.00', '45.00', 'CHAUFA ESPECIAL', 1, '0.00', '18.00', '0.00', '45.00', '45.00', NULL),
(807, 340, 858, '23.00', '23.00', 'ALITAS ACEVICHADA', 1, '0.00', '18.00', '0.00', '23.00', '23.00', NULL),
(808, 340, 859, '2.00', '2.00', 'PROMOLA T´/GRANDE', 3, '0.00', '18.00', '0.00', '6.00', '6.00', NULL),
(809, 340, 860, '23.00', '23.00', 'ALITAS BBQ', 1, '0.00', '18.00', '0.00', '23.00', '23.00', NULL),
(810, 340, 868, '8.00', '8.00', 'CERVEZA CRISTAL', 1, '0.00', '18.00', '0.00', '8.00', '8.00', NULL),
(811, 341, 863, '18.00', '18.00', 'LECHE MIXTO', 1, '0.00', '18.00', '0.00', '18.00', '18.00', NULL),
(812, 341, 864, '12.00', '12.00', 'LECHE SIMPLE', 1, '0.00', '18.00', '0.00', '12.00', '12.00', NULL),
(813, 341, 865, '8.00', '8.00', 'CERVEZA CRISTAL', 2, '0.00', '18.00', '0.00', '16.00', '16.00', NULL),
(814, 341, 867, '4.00', '4.00', 'COCA COLA 500ML', 1, '0.00', '18.00', '0.00', '4.00', '4.00', NULL),
(815, 342, 869, '25.00', '25.00', 'CEVICHE SIMPLE', 2, '0.00', '18.00', '0.00', '50.00', '50.00', NULL),
(816, 342, 870, '30.00', '30.00', 'CHICHARRON DE POLLO', 1, '0.00', '18.00', '0.00', '30.00', '30.00', NULL),
(817, 342, 871, '30.00', '30.00', 'ARROZ C/ MARISCOS', 1, '0.00', '18.00', '0.00', '30.00', '30.00', NULL),
(818, 342, 872, '20.00', '20.00', 'BROCHETAS', 1, '0.00', '18.00', '0.00', '20.00', '20.00', NULL),
(819, 342, 873, '1.00', '1.00', 'PROMOLAS T/PEQUEÑO', 5, '0.00', '18.00', '0.00', '5.00', '5.00', NULL),
(820, 343, 874, '10.00', '10.00', ' CUSQUEÑA DE TRIGO', 2, '0.00', '18.00', '0.00', '20.00', '20.00', NULL),
(821, 344, 875, '35.00', '35.00', 'LOMO SALTADO', 1, '0.00', '18.00', '0.00', '35.00', '35.00', NULL),
(822, 344, 876, '3.00', '3.00', '1 VASO C/ REFRESCO ', 1, '0.00', '18.00', '0.00', '3.00', '3.00', NULL),
(823, 345, 877, '8.00', '8.00', 'CERVEZA CRISTAL', 2, '0.00', '18.00', '0.00', '16.00', '16.00', NULL),
(824, 346, 878, '12.00', '12.00', 'LECHE SIMPLE', 1, '0.00', '18.00', '0.00', '12.00', '12.00', NULL),
(825, 346, 879, '4.00', '4.00', 'AGUA CON GAS ', 1, '0.00', '18.00', '0.00', '4.00', '4.00', NULL),
(826, 347, 880, '20.00', '20.00', 'LECHE SIMPSON', 1, '0.00', '18.00', '0.00', '20.00', '20.00', NULL),
(827, 347, 881, '7.00', '7.00', '1/2 JARRA DE REFRESCO ', 1, '0.00', '18.00', '0.00', '7.00', '7.00', NULL),
(828, 348, 882, '8.00', '8.00', 'CERVEZA CRISTAL', 1, '0.00', '18.00', '0.00', '8.00', '8.00', NULL),
(829, 348, 883, '4.00', '4.00', 'COCA COLA 500ML', 1, '0.00', '18.00', '0.00', '4.00', '4.00', NULL),
(830, 349, 884, '23.00', '23.00', 'ALITAS PICANTES', 1, '0.00', '18.00', '0.00', '23.00', '23.00', NULL),
(831, 349, 885, '4.00', '4.00', 'COCA COLA 500ML', 1, '0.00', '18.00', '0.00', '4.00', '4.00', NULL),
(832, 350, 886, '8.00', '8.00', 'CERVEZA CRISTAL', 1, '0.00', '18.00', '0.00', '8.00', '8.00', NULL),
(833, 351, 887, '8.00', '8.00', 'CERVEZA CRISTAL', 1, '0.00', '18.00', '0.00', '8.00', '8.00', NULL),
(834, 351, 888, '4.00', '4.00', 'INCA KOLA 500ML', 1, '0.00', '18.00', '0.00', '4.00', '4.00', NULL),
(835, 352, 889, '12.00', '12.00', 'LECHE SIMPLE', 1, '0.00', '18.00', '0.00', '12.00', '12.00', NULL),
(836, 352, 890, '4.00', '4.00', 'COCA COLA 500ML', 1, '0.00', '18.00', '0.00', '4.00', '4.00', NULL),
(837, 353, 891, '40.00', '40.00', 'CEVICHE + ARROZ C/ MARISCOS + CHICHARRON', 1, '0.00', '18.00', '0.00', '40.00', '40.00', NULL),
(838, 353, 892, '7.00', '7.00', '1/2 JARRA DE REFRESCO ', 1, '0.00', '18.00', '0.00', '7.00', '7.00', NULL),
(839, 353, 893, '1.00', '1.00', 'PROMOLAS T/PEQUEÑO', 1, '0.00', '18.00', '0.00', '1.00', '1.00', NULL),
(840, 354, 894, '25.00', '25.00', 'CEVICHE SIMPLE', 3, '0.00', '18.00', '0.00', '75.00', '75.00', NULL),
(841, 354, 895, '40.00', '40.00', 'CHAUFA REGIONAL', 1, '0.00', '18.00', '0.00', '40.00', '40.00', NULL),
(842, 354, 896, '30.00', '30.00', 'SALTADO DE POLLO', 1, '0.00', '18.00', '0.00', '30.00', '30.00', NULL),
(843, 354, 898, '35.00', '35.00', 'CEVICHE  + CHICHARRON', 1, '0.00', '18.00', '0.00', '35.00', '35.00', NULL),
(844, 354, 899, '35.00', '35.00', 'CHICHARRON DE DONCELLA', 1, '0.00', '18.00', '0.00', '35.00', '35.00', NULL),
(845, 354, 900, '30.00', '30.00', 'CHICHARRON DE POLLO', 1, '0.00', '18.00', '0.00', '30.00', '30.00', NULL),
(846, 354, 901, '4.00', '4.00', 'AGUA SIN GAS', 2, '0.00', '18.00', '0.00', '8.00', '8.00', NULL),
(847, 354, 902, '10.00', '10.00', ' CUSQUEÑA DE TRIGO', 2, '0.00', '18.00', '0.00', '20.00', '20.00', NULL),
(848, 354, 903, '15.00', '15.00', 'PORCION ARROZ CHAUFA SIMPLE', 1, '0.00', '18.00', '0.00', '15.00', '15.00', NULL),
(849, 354, 904, '15.00', '15.00', 'GASEOSA GRANDE', 1, '0.00', '18.00', '0.00', '15.00', '15.00', NULL),
(850, 354, 905, '50.00', '50.00', 'JALEA MIXTO', 1, '0.00', '18.00', '0.00', '50.00', '50.00', NULL),
(851, 355, 906, '10.00', '10.00', ' CUSQUEÑA DE TRIGO', 2, '0.00', '18.00', '0.00', '20.00', '20.00', NULL),
(852, 356, 908, '10.00', '10.00', 'pilsen', 1, '0.00', '18.00', '0.00', '10.00', '10.00', NULL),
(853, 356, 909, '8.00', '8.00', 'CERVEZA CRISTAL', 1, '0.00', '18.00', '0.00', '8.00', '8.00', NULL),
(854, 357, 907, '9.00', '9.00', 'CERVEZA PILSEN', 4, '0.00', '18.00', '0.00', '36.00', '36.00', NULL),
(855, 358, 917, '4.00', '4.00', 'COCA COLA 500ML', 2, '0.00', '18.00', '0.00', '8.00', '8.00', NULL),
(856, 359, 910, '25.00', '25.00', 'POLLO BROASTER C/ CHAUFA Y PAPA', 1, '0.00', '18.00', '0.00', '25.00', '25.00', NULL),
(857, 359, 911, '10.00', '10.00', ' CUSQUEÑA DE TRIGO', 6, '0.00', '18.00', '0.00', '60.00', '60.00', NULL),
(858, 359, 916, '25.00', '25.00', 'CEVICHE SIMPLE', 1, '0.00', '18.00', '0.00', '25.00', '25.00', NULL),
(859, 360, 922, '23.00', '23.00', 'ALITAS BBQ', 1, '0.00', '18.00', '0.00', '23.00', '23.00', NULL),
(860, 360, 923, '4.00', '4.00', 'COCA COLA 500ML', 1, '0.00', '18.00', '0.00', '4.00', '4.00', NULL),
(861, 360, 924, '4.00', '4.00', 'AGUA SIN GAS', 1, '0.00', '18.00', '0.00', '4.00', '4.00', NULL),
(862, 360, 925, '12.00', '12.00', 'LECHE SIMPLE', 1, '0.00', '18.00', '0.00', '12.00', '12.00', NULL),
(863, 361, 918, '12.00', '12.00', 'LECHE SIMPLE', 1, '0.00', '18.00', '0.00', '12.00', '12.00', NULL),
(864, 361, 919, '25.00', '25.00', 'POLLO BROASTER C/ CHAUFA Y PAPA', 1, '0.00', '18.00', '0.00', '25.00', '25.00', NULL),
(865, 361, 920, '4.00', '4.00', 'INCA KOLA 500ML', 1, '0.00', '18.00', '0.00', '4.00', '4.00', NULL),
(866, 361, 921, '3.00', '3.00', '1 VASO C/ REFRESCO ', 1, '0.00', '18.00', '0.00', '3.00', '3.00', NULL),
(867, 362, 912, '10.00', '10.00', ' CUSQUEÑA DE TRIGO', 8, '0.00', '18.00', '0.00', '80.00', '80.00', NULL),
(868, 362, 913, '35.00', '35.00', 'CEVICHE MIXTO', 1, '0.00', '18.00', '0.00', '35.00', '35.00', NULL),
(869, 362, 914, '12.00', '12.00', 'LECHE SIMPLE', 1, '0.00', '18.00', '0.00', '12.00', '12.00', NULL),
(870, 362, 915, '35.00', '35.00', 'ARROZ C/ MARISCOS + CHICHARRON', 1, '0.00', '18.00', '0.00', '35.00', '35.00', NULL),
(871, 363, 926, '10.00', '10.00', 'CORONA', 16, '0.00', '18.00', '0.00', '160.00', '160.00', NULL),
(872, 363, 927, '23.00', '23.00', 'ALITAS PICANTES', 1, '0.00', '18.00', '0.00', '23.00', '23.00', NULL),
(873, 363, 928, '4.00', '4.00', 'AGUA SIN GAS', 1, '0.00', '18.00', '0.00', '4.00', '4.00', NULL),
(874, 363, 929, '4.00', '4.00', 'COCA COLA 500ML', 1, '0.00', '18.00', '0.00', '4.00', '4.00', NULL),
(875, 364, 930, '30.00', '30.00', 'CHICHARRON DE POLLO', 1, '0.00', '18.00', '0.00', '30.00', '30.00', NULL),
(876, 364, 931, '15.00', '15.00', 'DEDOS DE POLLO ', 1, '0.00', '18.00', '0.00', '15.00', '15.00', NULL),
(877, 364, 932, '4.00', '4.00', 'COCA COLA 500ML', 1, '0.00', '18.00', '0.00', '4.00', '4.00', NULL),
(878, 364, 933, '10.00', '10.00', 'CORONA', 1, '0.00', '18.00', '0.00', '10.00', '10.00', NULL),
(879, 365, 941, '35.00', '35.00', 'CEVICHE MIXTO', 2, '0.00', '18.00', '0.00', '70.00', '70.00', NULL),
(880, 365, 942, '15.00', '15.00', 'JARRA DE REFRESCO', 1, '0.00', '18.00', '0.00', '15.00', '15.00', NULL),
(881, 365, 943, '10.00', '10.00', ' CUSQUEÑA DE TRIGO', 1, '0.00', '18.00', '0.00', '10.00', '10.00', NULL),
(882, 366, 934, '10.00', '10.00', ' CUSQUEÑA DE TRIGO', 7, '0.00', '18.00', '0.00', '70.00', '70.00', NULL),
(883, 366, 935, '4.00', '4.00', 'COCA COLA 500ML', 1, '0.00', '18.00', '0.00', '4.00', '4.00', NULL),
(884, 366, 936, '40.00', '40.00', 'CEVICHE + ARROZ C/ MARISCOS + CHICHARRON', 1, '0.00', '18.00', '0.00', '40.00', '40.00', NULL),
(885, 366, 937, '35.00', '35.00', 'CEVICHE  + CHICHARRON', 1, '0.00', '18.00', '0.00', '35.00', '35.00', NULL),
(886, 366, 938, '25.00', '25.00', 'CEVICHE SIMPLE', 2, '0.00', '18.00', '0.00', '50.00', '50.00', NULL),
(887, 366, 939, '38.00', '38.00', 'PARIHUELA', 1, '0.00', '18.00', '0.00', '38.00', '38.00', NULL),
(888, 366, 940, '35.00', '35.00', 'LOMO SALTADO', 1, '0.00', '18.00', '0.00', '35.00', '35.00', NULL),
(889, 366, 944, '15.00', '15.00', 'LECHE NATURAL', 1, '0.00', '18.00', '0.00', '15.00', '15.00', NULL),
(890, 367, 952, '35.00', '35.00', 'LOMO SALTADO', 1, '0.00', '18.00', '0.00', '35.00', '35.00', NULL),
(891, 367, 953, '30.00', '30.00', 'ARROZ C/ MARISCOS', 1, '0.00', '18.00', '0.00', '30.00', '30.00', NULL),
(892, 367, 954, '2.00', '2.00', 'PROMOLA T´/GRANDE', 2, '0.00', '18.00', '0.00', '4.00', '4.00', NULL),
(893, 368, 945, '18.00', '18.00', 'BROCHETAS', 1, '0.00', '18.00', '0.00', '18.00', '18.00', NULL),
(894, 368, 946, '5.00', '5.00', 'TACACHO', 1, '0.00', '18.00', '0.00', '5.00', '5.00', NULL),
(895, 368, 951, '4.00', '4.00', 'AGUA SIN GAS', 1, '0.00', '18.00', '0.00', '4.00', '4.00', NULL),
(896, 369, 947, '30.00', '30.00', 'BISTECK A LO POBRE', 1, '0.00', '18.00', '0.00', '30.00', '30.00', NULL),
(897, 369, 948, '40.00', '40.00', 'CEVICHE + ARROZ C/ MARISCOS + CHICHARRON', 1, '0.00', '18.00', '0.00', '40.00', '40.00', NULL),
(898, 369, 949, '4.00', '4.00', 'INCA KOLA 500ML', 2, '0.00', '18.00', '0.00', '8.00', '8.00', NULL),
(899, 369, 950, '4.00', '4.00', 'COCA COLA 500ML', 1, '0.00', '18.00', '0.00', '4.00', '4.00', NULL),
(900, 370, 959, '4.00', '4.00', 'COCA COLA 500ML', 1, '0.00', '18.00', '0.00', '4.00', '4.00', NULL),
(901, 371, 966, '4.00', '4.00', 'COCA COLA 500ML', 1, '0.00', '18.00', '0.00', '4.00', '4.00', NULL),
(902, 372, 955, '20.00', '20.00', 'LECHE SIMPSON', 1, '0.00', '18.00', '0.00', '20.00', '20.00', NULL),
(903, 372, 956, '18.00', '18.00', 'LECHE MIXTO', 1, '0.00', '18.00', '0.00', '18.00', '18.00', NULL),
(904, 372, 957, '8.00', '8.00', 'CERVEZA CRISTAL', 14, '0.00', '18.00', '0.00', '112.00', '112.00', NULL),
(905, 372, 967, '30.00', '30.00', 'CHICHARRON DE POLLO', 1, '0.00', '18.00', '0.00', '30.00', '30.00', NULL),
(906, 372, 968, '12.00', '12.00', 'LECHE SIMPLE', 1, '0.00', '18.00', '0.00', '12.00', '12.00', NULL),
(907, 372, 969, '4.00', '4.00', 'COCA COLA 500ML', 2, '0.00', '18.00', '0.00', '8.00', '8.00', NULL),
(908, 373, 971, '8.00', '8.00', 'CERVEZA CRISTAL', 2, '0.00', '18.00', '0.00', '16.00', '16.00', NULL),
(909, 374, 970, '12.00', '12.00', 'STELLA ARTOIS', 3, '0.00', '18.00', '0.00', '36.00', '36.00', NULL),
(910, 375, 958, '8.00', '8.00', 'CERVEZA CRISTAL', 10, '0.00', '18.00', '0.00', '80.00', '80.00', NULL),
(911, 375, 963, '4.00', '4.00', 'COCA COLA 500ML', 3, '0.00', '18.00', '0.00', '12.00', '12.00', NULL),
(912, 376, 979, '23.00', '23.00', 'ALITAS BROASTER', 1, '0.00', '18.00', '0.00', '23.00', '23.00', NULL),
(913, 377, 972, '12.00', '12.00', 'LECHE SIMPLE', 2, '0.00', '18.00', '0.00', '24.00', '24.00', NULL),
(914, 377, 973, '8.00', '8.00', 'CERVEZA CRISTAL', 4, '0.00', '18.00', '0.00', '32.00', '32.00', NULL),
(915, 378, 976, '30.00', '30.00', 'CHICHARRON DE POLLO', 1, '0.00', '18.00', '0.00', '30.00', '30.00', NULL),
(916, 378, 977, '10.00', '10.00', ' CUSQUEÑA DE TRIGO', 3, '0.00', '18.00', '0.00', '30.00', '30.00', NULL),
(917, 378, 978, '4.00', '4.00', 'INCA KOLA 500ML', 1, '0.00', '18.00', '0.00', '4.00', '4.00', NULL),
(918, 379, 981, '8.00', '8.00', 'CERVEZA CRISTAL', 1, '0.00', '18.00', '0.00', '8.00', '8.00', NULL),
(919, 379, 982, '4.00', '4.00', 'INCA KOLA 500ML', 1, '0.00', '18.00', '0.00', '4.00', '4.00', NULL),
(920, 379, 983, '5.00', '5.00', 'TACACHO', 2, '0.00', '18.00', '0.00', '10.00', '10.00', NULL),
(921, 380, 974, '30.00', '30.00', 'CHICHARRON DE POLLO', 1, '0.00', '18.00', '0.00', '30.00', '30.00', NULL),
(922, 380, 975, '8.00', '8.00', 'CERVEZA CRISTAL', 2, '0.00', '18.00', '0.00', '16.00', '16.00', NULL),
(923, 380, 980, '4.00', '4.00', 'AGUA SIN GAS', 1, '0.00', '18.00', '0.00', '4.00', '4.00', NULL),
(924, 381, 984, '35.00', '35.00', 'ARROZ C/ LANGOSTINOS', 1, '0.00', '18.00', '0.00', '35.00', '35.00', NULL),
(925, 381, 986, '8.00', '8.00', 'CERVEZA CRISTAL', 3, '0.00', '18.00', '0.00', '24.00', '24.00', NULL),
(926, 382, 987, '8.00', '8.00', 'CERVEZA CRISTAL', 1, '0.00', '18.00', '0.00', '8.00', '8.00', NULL),
(927, 383, 985, '8.00', '8.00', 'CERVEZA CRISTAL', 4, '0.00', '18.00', '0.00', '32.00', '32.00', NULL),
(928, 384, 988, '25.00', '25.00', 'CEVICHE SIMPLE', 2, '0.00', '18.00', '0.00', '50.00', '50.00', NULL),
(929, 384, 989, '4.00', '4.00', 'AGUA SIN GAS', 2, '0.00', '18.00', '0.00', '8.00', '8.00', NULL),
(930, 384, 990, '2.00', '2.00', 'PROMOLA T´/GRANDE', 2, '0.00', '18.00', '0.00', '4.00', '4.00', NULL),
(931, 385, 993, '35.00', '35.00', 'CEVICHE  + ARROZ C/ MARISCOS', 2, '0.00', '18.00', '0.00', '70.00', '70.00', NULL),
(932, 385, 994, '4.00', '4.00', 'COCA COLA 500ML', 1, '0.00', '18.00', '0.00', '4.00', '4.00', NULL),
(933, 385, 995, '4.00', '4.00', 'INCA KOLA 500ML', 1, '0.00', '18.00', '0.00', '4.00', '4.00', NULL),
(934, 385, 996, '2.00', '2.00', 'PROMOLA T´/GRANDE', 2, '0.00', '18.00', '0.00', '4.00', '4.00', NULL),
(935, 386, 991, '35.00', '35.00', 'CEVICHE  + CHICHARRON', 2, '0.00', '18.00', '0.00', '70.00', '70.00', NULL),
(936, 386, 992, '15.00', '15.00', 'JARRA DE REFRESCO', 1, '0.00', '18.00', '0.00', '15.00', '15.00', NULL),
(937, 387, 997, '2.00', '2.00', 'CIGARRO LUCKY ', 1, '0.00', '18.00', '0.00', '2.00', '2.00', NULL),
(938, 388, 998, '8.00', '8.00', 'CERVEZA CRISTAL', 2, '0.00', '18.00', '0.00', '16.00', '16.00', NULL),
(939, 389, 999, '8.00', '8.00', 'CERVEZA CRISTAL', 3, '0.00', '18.00', '0.00', '24.00', '24.00', NULL),
(940, 390, 1000, '8.00', '8.00', 'CERVEZA CRISTAL', 2, '0.00', '18.00', '0.00', '16.00', '16.00', NULL),
(941, 390, 1001, '2.00', '2.00', 'CIGARRO LUCKY ', 1, '0.00', '18.00', '0.00', '2.00', '2.00', NULL),
(942, 391, 1002, '8.00', '8.00', 'CERVEZA CRISTAL', 2, '0.00', '18.00', '0.00', '16.00', '16.00', NULL),
(943, 392, 1003, '35.00', '35.00', 'CEVICHE  + CHICHARRON', 1, '0.00', '18.00', '0.00', '35.00', '35.00', NULL),
(944, 392, 1004, '12.00', '12.00', 'LECHE SIMPLE', 1, '0.00', '18.00', '0.00', '12.00', '12.00', NULL),
(945, 392, 1005, '8.00', '8.00', 'CERVEZA CRISTAL', 4, '0.00', '18.00', '0.00', '32.00', '32.00', NULL),
(946, 393, 1007, '8.00', '8.00', 'CERVEZA CRISTAL', 3, '0.00', '18.00', '0.00', '24.00', '24.00', NULL),
(947, 394, 1010, '2.00', '2.00', 'CIGARRO LUCKY ', 2, '0.00', '18.00', '0.00', '4.00', '4.00', NULL),
(948, 395, 1011, '25.00', '25.00', 'CEVICHE SIMPLE', 2, '0.00', '18.00', '0.00', '50.00', '50.00', NULL),
(949, 395, 1013, '10.00', '10.00', 'pilsen', 3, '0.00', '18.00', '0.00', '30.00', '30.00', NULL),
(950, 395, 1018, '23.00', '23.00', 'ALITAS PICANTES', 1, '0.00', '18.00', '0.00', '23.00', '23.00', NULL),
(951, 396, 1029, '8.00', '8.00', 'CERVEZA CRISTAL', 3, '0.00', '18.00', '0.00', '24.00', '24.00', NULL),
(952, 397, 1019, '23.00', '23.00', 'ALITAS ACEVICHADA', 1, '0.00', '18.00', '0.00', '23.00', '23.00', NULL),
(953, 397, 1020, '4.00', '4.00', 'INCA KOLA 500ML', 2, '0.00', '18.00', '0.00', '8.00', '8.00', NULL),
(954, 397, 1021, '12.00', '12.00', 'trigo', 1, '0.00', '18.00', '0.00', '12.00', '12.00', NULL),
(955, 398, 1006, '8.00', '8.00', 'CERVEZA CRISTAL', 3, '0.00', '18.00', '0.00', '24.00', '24.00', NULL),
(956, 399, 1014, '8.00', '8.00', 'CERVEZA CRISTAL', 5, '0.00', '18.00', '0.00', '40.00', '40.00', NULL),
(957, 399, 1015, '2.00', '2.00', 'CIGARRO LUCKY ', 3, '0.00', '18.00', '0.00', '6.00', '6.00', NULL),
(958, 399, 1016, '4.00', '4.00', 'COCA COLA 500ML', 1, '0.00', '18.00', '0.00', '4.00', '4.00', NULL),
(959, 399, 1017, '4.00', '4.00', 'INCA KOLA 500ML', 1, '0.00', '18.00', '0.00', '4.00', '4.00', NULL),
(960, 399, 1022, '4.00', '4.00', 'AGUA SIN GAS', 1, '0.00', '18.00', '0.00', '4.00', '4.00', NULL),
(961, 400, 1031, '30.00', '30.00', 'SALTADO DE POLLO', 1, '0.00', '18.00', '0.00', '30.00', '30.00', NULL),
(962, 400, 1032, '2.00', '2.00', 'PROMOLA T´/GRANDE', 1, '0.00', '18.00', '0.00', '2.00', '2.00', NULL),
(963, 401, 1036, '2.00', '2.00', 'CIGARRO LUCKY ', 2, '0.00', '18.00', '0.00', '4.00', '4.00', NULL),
(964, 402, 1037, '2.00', '2.00', 'CIGARRO LUCKY ', 2, '0.00', '18.00', '0.00', '4.00', '4.00', NULL),
(965, 403, 1038, '8.00', '8.00', 'CERVEZA CRISTAL', 1, '0.00', '18.00', '0.00', '8.00', '8.00', NULL),
(966, 403, 1039, '2.00', '2.00', 'CIGARRO LUCKY ', 2, '0.00', '18.00', '0.00', '4.00', '4.00', NULL),
(967, 404, 1040, '8.00', '8.00', 'CERVEZA CRISTAL', 4, '0.00', '18.00', '0.00', '32.00', '32.00', NULL),
(968, 405, 1024, '30.00', '30.00', 'ARROZ C/ MARISCOS', 1, '0.00', '18.00', '0.00', '30.00', '30.00', NULL),
(969, 405, 1025, '25.00', '25.00', 'CEVICHE SIMPLE', 1, '0.00', '18.00', '0.00', '25.00', '25.00', NULL),
(970, 405, 1026, '23.00', '23.00', 'ALITAS BBQ', 1, '0.00', '18.00', '0.00', '23.00', '23.00', NULL);
INSERT INTO `ventas_detalle` (`id_venta_detalle`, `id_venta`, `id_comanda_detalle`, `venta_detalle_valor_unitario`, `venta_detalle_precio_unitario`, `venta_detalle_nombre_producto`, `venta_detalle_cantidad`, `venta_detalle_total_igv`, `venta_detalle_porcentaje_igv`, `venta_detalle_total_icbper`, `venta_detalle_valor_total`, `venta_detalle_importe_total`, `id_producto_precio`) VALUES
(971, 405, 1027, '35.00', '35.00', 'CECINA CON TACACHO', 1, '0.00', '18.00', '0.00', '35.00', '35.00', NULL),
(972, 405, 1023, '8.00', '8.00', 'CERVEZA CRISTAL', 5, '0.00', '18.00', '0.00', '40.00', '40.00', NULL),
(973, 405, 1028, '4.00', '4.00', 'AGUA SIN GAS', 2, '0.00', '18.00', '0.00', '8.00', '8.00', NULL),
(974, 406, 1033, '12.00', '12.00', 'trigo', 4, '0.00', '18.00', '0.00', '48.00', '48.00', NULL),
(975, 407, 1008, '12.00', '12.00', 'LECHE SIMPLE', 3, '0.00', '18.00', '0.00', '36.00', '36.00', NULL),
(976, 407, 1009, '8.00', '8.00', 'CERVEZA CRISTAL', 4, '0.00', '18.00', '0.00', '32.00', '32.00', NULL),
(977, 407, 1012, '4.00', '4.00', 'AGUA SIN GAS', 8, '0.00', '18.00', '0.00', '32.00', '32.00', NULL),
(978, 407, 1030, '4.00', '4.00', 'COCA COLA 500ML', 2, '0.00', '18.00', '0.00', '8.00', '8.00', NULL),
(979, 408, 1034, '10.00', '10.00', 'CORONA', 3, '0.00', '18.00', '0.00', '30.00', '30.00', NULL),
(980, 408, 1035, '8.00', '8.00', 'CERVEZA CRISTAL', 3, '0.00', '18.00', '0.00', '24.00', '24.00', NULL),
(981, 409, 1046, '12.00', '12.00', 'LECHE SIMPLE', 1, '0.00', '18.00', '0.00', '12.00', '12.00', NULL),
(982, 409, 1047, '4.00', '4.00', 'AGUA CON GAS ', 1, '0.00', '18.00', '0.00', '4.00', '4.00', NULL),
(983, 410, 1042, '8.00', '8.00', 'CERVEZA CRISTAL', 5, '0.00', '18.00', '0.00', '40.00', '40.00', NULL),
(984, 410, 1043, '4.00', '4.00', 'AGUA SIN GAS', 1, '0.00', '18.00', '0.00', '4.00', '4.00', NULL),
(985, 411, 1050, '8.00', '8.00', 'CERVEZA CRISTAL', 1, '0.00', '18.00', '0.00', '8.00', '8.00', NULL),
(986, 412, 1057, '8.00', '8.00', 'CERVEZA CRISTAL', 1, '0.00', '18.00', '0.00', '8.00', '8.00', NULL),
(987, 412, 1058, '4.00', '4.00', 'COCA COLA 500ML', 1, '0.00', '18.00', '0.00', '4.00', '4.00', NULL),
(988, 413, 1049, '8.00', '8.00', 'CERVEZA CRISTAL', 3, '0.00', '18.00', '0.00', '24.00', '24.00', NULL),
(989, 414, 1045, '8.00', '8.00', 'CERVEZA CRISTAL', 8, '0.00', '18.00', '0.00', '64.00', '64.00', NULL),
(990, 415, 1059, '8.00', '8.00', 'CERVEZA CRISTAL', 1, '0.00', '18.00', '0.00', '8.00', '8.00', NULL),
(991, 416, 1060, '10.00', '10.00', 'CORONA', 12, '0.00', '18.00', '0.00', '120.00', '120.00', NULL),
(992, 417, 1048, '12.00', '12.00', 'STELLA ARTOIS', 6, '0.00', '18.00', '0.00', '72.00', '72.00', NULL),
(993, 417, 1051, '2.00', '2.00', 'CIGARRO LUCKY ', 1, '0.00', '18.00', '0.00', '2.00', '2.00', NULL),
(994, 418, 1053, '7.00', '7.00', 'PATACONES', 2, '0.00', '18.00', '0.00', '14.00', '14.00', NULL),
(995, 418, 1054, '23.00', '23.00', 'ALITAS BROASTER', 1, '0.00', '18.00', '0.00', '23.00', '23.00', NULL),
(996, 418, 1055, '23.00', '23.00', 'ALITAS BBQ', 1, '0.00', '18.00', '0.00', '23.00', '23.00', NULL),
(997, 418, 1056, '15.00', '15.00', 'JARRA DE REFRESCO', 1, '0.00', '18.00', '0.00', '15.00', '15.00', NULL),
(998, 418, 1062, '12.00', '12.00', 'trigo', 2, '0.00', '18.00', '0.00', '24.00', '24.00', NULL),
(999, 419, 1044, '2.00', '2.00', 'CIGARRO LUCKY ', 5, '0.00', '18.00', '0.00', '10.00', '10.00', NULL),
(1000, 420, 1052, '8.00', '8.00', 'CERVEZA CRISTAL', 6, '0.00', '18.00', '0.00', '48.00', '48.00', NULL),
(1001, 421, 1065, '2.00', '2.00', 'CIGARRO LUCKY ', 1, '0.00', '18.00', '0.00', '2.00', '2.00', NULL),
(1002, 421, 1066, '12.00', '12.00', 'trigo', 1, '0.00', '18.00', '0.00', '12.00', '12.00', NULL),
(1003, 422, 1061, '8.00', '8.00', 'CERVEZA CRISTAL', 4, '0.00', '18.00', '0.00', '32.00', '32.00', NULL),
(1004, 423, 1067, '8.00', '8.00', 'CERVEZA CRISTAL', 6, '0.00', '18.00', '0.00', '48.00', '48.00', NULL),
(1005, 424, 1041, '8.00', '8.00', 'CERVEZA CRISTAL', 9, '0.00', '18.00', '0.00', '72.00', '72.00', NULL),
(1006, 425, 1068, '4.00', '4.00', 'COCA COLA 500ML', 1, '0.00', '18.00', '0.00', '4.00', '4.00', NULL),
(1007, 426, 1069, '30.00', '30.00', 'CHAUFA C/ MARISCOS', 1, '0.00', '18.00', '0.00', '30.00', '30.00', NULL),
(1008, 426, 1070, '2.00', '2.00', 'PROMOLA T´/GRANDE', 1, '0.00', '18.00', '0.00', '2.00', '2.00', NULL),
(1009, 426, 1071, '28.00', '28.00', 'CEVICHE NATURAL', 1, '0.00', '18.00', '0.00', '28.00', '28.00', NULL),
(1010, 426, 1072, '2.00', '2.00', 'PROMOLA T´/GRANDE', 1, '0.00', '18.00', '0.00', '2.00', '2.00', NULL),
(1011, 426, 1073, '4.00', '4.00', 'INCA KOLA 500ML', 1, '0.00', '18.00', '0.00', '4.00', '4.00', NULL),
(1012, 427, 1074, '4.00', '4.00', 'COCA COLA 500ML', 1, '0.00', '18.00', '0.00', '4.00', '4.00', NULL),
(1013, 428, 1075, '35.00', '35.00', 'LOMO SALTADO', 1, '0.00', '18.00', '0.00', '35.00', '35.00', NULL),
(1014, 428, 1076, '4.00', '4.00', 'INCA KOLA 500ML', 1, '0.00', '18.00', '0.00', '4.00', '4.00', NULL),
(1015, 429, 1084, '8.00', '8.00', 'CERVEZA CRISTAL', 2, '0.00', '18.00', '0.00', '16.00', '16.00', NULL),
(1016, 430, 1080, '4.00', '4.00', 'COCA COLA 500ML', 1, '0.00', '18.00', '0.00', '4.00', '4.00', NULL),
(1017, 430, 1081, '8.00', '8.00', 'CERVEZA CRISTAL', 1, '0.00', '18.00', '0.00', '8.00', '8.00', NULL),
(1018, 430, 1082, '35.00', '35.00', 'CEVICHE MIXTO', 1, '0.00', '18.00', '0.00', '35.00', '35.00', NULL),
(1019, 430, 1083, '35.00', '35.00', 'CEVICHE  + ARROZ C/ MARISCOS', 1, '0.00', '18.00', '0.00', '35.00', '35.00', NULL),
(1020, 431, 1077, '12.00', '12.00', 'LECHE SIMPLE', 1, '0.00', '18.00', '0.00', '12.00', '12.00', NULL),
(1021, 431, 1078, '4.00', '4.00', 'INCA KOLA 500ML', 1, '0.00', '18.00', '0.00', '4.00', '4.00', NULL),
(1022, 431, 1079, '8.00', '8.00', 'CERVEZA CRISTAL', 2, '0.00', '18.00', '0.00', '16.00', '16.00', NULL),
(1023, 431, 1085, '25.00', '25.00', 'CEVICHE SIMPLE', 1, '0.00', '18.00', '0.00', '25.00', '25.00', NULL),
(1024, 431, 1086, '4.00', '4.00', 'COCA COLA 500ML', 2, '0.00', '18.00', '0.00', '8.00', '8.00', NULL),
(1025, 432, 1087, '8.00', '8.00', 'CERVEZA CRISTAL', 2, '0.00', '18.00', '0.00', '16.00', '16.00', NULL),
(1026, 432, 1088, '40.00', '40.00', 'CEVICHE + ARROZ C/ MARISCOS + CHICHARRON', 1, '0.00', '18.00', '0.00', '40.00', '40.00', NULL),
(1027, 432, 1089, '35.00', '35.00', 'CECINA CON TACACHO', 1, '0.00', '18.00', '0.00', '35.00', '35.00', NULL),
(1028, 433, 1091, '20.00', '20.00', 'LECHE SIMPSON', 1, '0.00', '18.00', '0.00', '20.00', '20.00', NULL),
(1029, 433, 1092, '8.00', '8.00', 'CERVEZA CRISTAL', 2, '0.00', '18.00', '0.00', '16.00', '16.00', NULL),
(1030, 434, 1090, '20.00', '20.00', 'LECHE SIMPSON', 1, '0.00', '18.00', '0.00', '20.00', '20.00', NULL),
(1031, 434, 1098, '8.00', '8.00', 'CERVEZA CRISTAL', 2, '0.00', '18.00', '0.00', '16.00', '16.00', NULL),
(1032, 435, 1094, '23.00', '23.00', 'ALITAS PICANTES', 1, '0.00', '18.00', '0.00', '23.00', '23.00', NULL),
(1033, 435, 1095, '8.00', '8.00', 'CERVEZA CRISTAL', 1, '0.00', '18.00', '0.00', '8.00', '8.00', NULL),
(1034, 435, 1096, '4.00', '4.00', 'AGUA SIN GAS', 2, '0.00', '18.00', '0.00', '8.00', '8.00', NULL),
(1035, 435, 1097, '12.00', '12.00', 'LECHE SIMPLE', 2, '0.00', '18.00', '0.00', '24.00', '24.00', NULL),
(1036, 436, 1105, '10.00', '10.00', ' CUSQUEÑA DE TRIGO', 6, '0.00', '18.00', '0.00', '60.00', '60.00', NULL),
(1037, 437, 1099, '20.00', '20.00', 'LECHE SIMPSON', 1, '0.00', '18.00', '0.00', '20.00', '20.00', NULL),
(1038, 437, 1100, '35.00', '35.00', 'CEVICHE MIXTO', 1, '0.00', '18.00', '0.00', '35.00', '35.00', NULL),
(1039, 437, 1101, '4.00', '4.00', 'INCA KOLA 500ML', 2, '0.00', '18.00', '0.00', '8.00', '8.00', NULL),
(1040, 438, 1109, '4.00', '4.00', 'COCA COLA 500ML', 1, '0.00', '18.00', '0.00', '4.00', '4.00', NULL),
(1041, 439, 1102, '10.00', '10.00', ' CUSQUEÑA DE TRIGO', 2, '0.00', '18.00', '0.00', '20.00', '20.00', NULL),
(1042, 439, 1103, '4.00', '4.00', 'AGUA SIN GAS', 2, '0.00', '18.00', '0.00', '8.00', '8.00', NULL),
(1043, 439, 1104, '25.00', '25.00', 'CEVICHE SIMPLE', 1, '0.00', '18.00', '0.00', '25.00', '25.00', NULL),
(1044, 439, 1106, '15.00', '15.00', 'DEDOS DE POLLO ', 1, '0.00', '18.00', '0.00', '15.00', '15.00', NULL),
(1045, 440, 1110, '8.00', '8.00', 'CERVEZA CRISTAL', 3, '0.00', '18.00', '0.00', '24.00', '24.00', NULL),
(1046, 441, 1107, '10.00', '10.00', ' CUSQUEÑA DE TRIGO', 1, '0.00', '18.00', '0.00', '10.00', '10.00', NULL),
(1047, 441, 1108, '8.00', '8.00', 'CERVEZA CRISTAL', 2, '0.00', '18.00', '0.00', '16.00', '16.00', NULL);

-- --------------------------------------------------------

--
-- Table structure for table `ventas_detalle_pagos`
--

CREATE TABLE `ventas_detalle_pagos` (
  `id_venta_detalle_pago` int(11) NOT NULL,
  `id_venta` int(11) NOT NULL,
  `id_tipo_pago` int(11) NOT NULL,
  `venta_detalle_pago_monto` decimal(10,2) NOT NULL DEFAULT '0.00',
  `venta_detalle_pago_estado` tinyint(4) NOT NULL DEFAULT '1'
) ENGINE=InnoDB DEFAULT CHARSET=latin1;

--
-- Dumping data for table `ventas_detalle_pagos`
--

INSERT INTO `ventas_detalle_pagos` (`id_venta_detalle_pago`, `id_venta`, `id_tipo_pago`, `venta_detalle_pago_monto`, `venta_detalle_pago_estado`) VALUES
(1, 1, 3, '35.00', 1),
(2, 2, 3, '15.00', 1),
(3, 3, 3, '47.00', 1),
(4, 4, 3, '140.00', 1),
(5, 5, 1, '61.00', 1),
(6, 6, 1, '90.00', 1),
(7, 7, 3, '8.00', 1),
(8, 8, 3, '4.00', 1),
(9, 9, 3, '19.00', 1),
(10, 10, 1, '1.50', 1),
(11, 11, 1, '26.00', 1),
(12, 12, 3, '30.00', 1),
(13, 13, 3, '24.00', 1),
(14, 14, 3, '8.00', 1),
(15, 15, 3, '34.00', 1),
(16, 16, 1, '56.00', 1),
(17, 17, 3, '32.00', 1),
(18, 18, 3, '48.00', 1),
(19, 19, 3, '77.00', 1),
(20, 20, 3, '51.00', 1),
(21, 21, 1, '139.00', 1),
(22, 22, 1, '32.00', 1),
(23, 23, 3, '32.00', 1),
(24, 24, 3, '44.00', 1),
(25, 25, 3, '30.00', 1),
(26, 26, 3, '20.00', 1),
(27, 27, 3, '24.00', 1),
(28, 28, 1, '24.00', 1),
(29, 29, 3, '20.00', 1),
(30, 30, 3, '14.00', 1),
(31, 31, 1, '172.00', 1),
(32, 32, 1, '30.00', 1),
(33, 33, 3, '58.00', 1),
(34, 34, 3, '85.00', 1),
(35, 35, 3, '22.00', 1),
(36, 36, 3, '31.00', 1),
(37, 37, 3, '4.00', 1),
(38, 38, 3, '27.00', 1),
(39, 39, 3, '72.00', 1),
(40, 40, 5, '158.00', 1),
(41, 41, 3, '16.00', 1),
(42, 42, 3, '4.00', 1),
(43, 43, 3, '44.00', 1),
(44, 44, 3, '96.00', 1),
(45, 45, 3, '96.00', 1),
(46, 46, 1, '52.00', 1),
(47, 47, 3, '20.00', 1),
(48, 48, 3, '204.00', 1),
(49, 49, 3, '16.00', 1),
(50, 50, 3, '16.00', 1),
(51, 51, 3, '27.00', 1),
(52, 52, 3, '28.00', 1),
(53, 53, 3, '105.00', 1),
(54, 54, 3, '4.00', 1),
(55, 55, 3, '4.00', 1),
(56, 56, 3, '13.00', 1),
(57, 57, 3, '48.00', 1),
(58, 58, 1, '215.00', 1),
(59, 59, 1, '15.00', 1),
(60, 60, 3, '12.00', 1),
(61, 61, 3, '16.00', 1),
(62, 62, 3, '24.00', 1),
(63, 63, 3, '104.00', 1),
(64, 64, 1, '56.00', 1),
(65, 65, 3, '26.00', 1),
(66, 66, 3, '4.00', 1),
(67, 67, 3, '142.00', 1),
(68, 68, 3, '10.00', 1),
(69, 69, 3, '10.00', 1),
(70, 70, 3, '22.00', 1),
(71, 71, 3, '4.00', 1),
(72, 72, 3, '73.00', 1),
(73, 73, 3, '4.00', 1),
(74, 74, 3, '64.00', 1),
(75, 75, 3, '8.00', 1),
(76, 76, 3, '32.00', 1),
(77, 77, 3, '32.00', 1),
(78, 78, 3, '56.00', 1),
(79, 79, 3, '16.00', 1),
(80, 80, 3, '26.00', 1),
(81, 81, 1, '78.00', 1),
(82, 82, 3, '38.00', 1),
(83, 83, 3, '72.00', 1),
(84, 84, 3, '6.00', 1),
(85, 85, 3, '16.00', 1),
(86, 86, 3, '10.00', 1),
(87, 87, 3, '64.00', 1),
(88, 88, 3, '24.00', 1),
(89, 89, 3, '81.00', 1),
(90, 90, 3, '10.00', 1),
(91, 91, 3, '16.00', 1),
(92, 92, 3, '8.00', 1),
(93, 93, 3, '32.00', 1),
(94, 94, 3, '29.00', 1),
(95, 95, 3, '54.00', 1),
(96, 96, 3, '12.00', 1),
(97, 97, 3, '70.00', 1),
(98, 98, 3, '20.00', 1),
(99, 99, 3, '63.00', 1),
(100, 100, 3, '34.00', 1),
(101, 101, 3, '30.00', 1),
(102, 102, 3, '10.00', 1),
(103, 103, 3, '73.00', 1),
(104, 104, 3, '112.00', 1),
(105, 105, 3, '354.00', 1),
(106, 106, 3, '4.00', 1),
(107, 107, 3, '10.00', 1),
(108, 108, 3, '39.00', 1),
(109, 109, 3, '199.00', 1),
(110, 110, 3, '61.00', 1),
(111, 111, 3, '36.00', 1),
(112, 112, 3, '84.00', 1),
(113, 113, 3, '43.00', 1),
(114, 114, 3, '9.00', 1),
(115, 115, 3, '10.00', 1),
(116, 116, 1, '48.00', 1),
(117, 117, 3, '76.00', 1),
(118, 118, 1, '63.00', 1),
(119, 119, 3, '5.00', 1),
(120, 120, 3, '30.00', 1),
(121, 121, 1, '20.00', 1),
(122, 122, 3, '38.00', 1),
(123, 123, 1, '160.00', 1),
(124, 124, 3, '2.00', 1),
(125, 125, 3, '30.00', 1),
(126, 126, 3, '22.00', 1),
(127, 127, 3, '4.00', 1),
(128, 128, 3, '280.00', 1),
(129, 129, 3, '32.00', 1),
(130, 130, 3, '156.00', 1),
(131, 131, 3, '4.00', 1),
(132, 132, 3, '40.00', 1),
(133, 133, 3, '42.00', 1),
(134, 134, 3, '84.00', 1),
(135, 135, 3, '104.00', 1),
(136, 136, 3, '325.00', 1),
(137, 137, 3, '22.00', 1),
(138, 138, 3, '27.00', 1),
(139, 139, 3, '40.00', 1),
(140, 140, 3, '2.00', 1),
(141, 141, 3, '87.00', 1),
(142, 142, 3, '21.00', 1),
(143, 143, 3, '78.00', 1),
(144, 144, 3, '20.00', 1),
(145, 145, 3, '35.00', 1),
(146, 146, 3, '4.00', 1),
(147, 147, 3, '8.00', 1),
(148, 148, 3, '4.00', 1),
(149, 149, 3, '46.00', 1),
(150, 150, 3, '50.00', 1),
(151, 151, 1, '54.00', 1),
(152, 152, 3, '4.00', 1),
(153, 153, 3, '40.00', 1),
(154, 154, 3, '30.00', 1),
(155, 155, 1, '79.00', 1),
(156, 156, 1, '84.00', 1),
(157, 157, 3, '80.00', 1),
(158, 158, 1, '67.00', 1),
(159, 159, 3, '24.00', 1),
(160, 160, 3, '47.00', 1),
(161, 161, 3, '24.00', 1),
(162, 162, 1, '71.00', 1),
(163, 163, 3, '63.00', 1),
(164, 164, 3, '14.00', 1),
(165, 165, 3, '32.00', 1),
(166, 166, 3, '148.00', 1),
(167, 167, 3, '13.00', 1),
(168, 168, 3, '26.00', 1),
(169, 169, 3, '28.00', 1),
(170, 170, 3, '23.00', 1),
(171, 171, 1, '75.00', 1),
(172, 172, 3, '27.00', 1),
(173, 173, 3, '16.00', 1),
(174, 174, 3, '38.00', 1),
(175, 175, 3, '81.00', 1),
(176, 176, 3, '29.00', 1),
(177, 177, 1, '105.00', 1),
(178, 178, 3, '4.00', 1),
(179, 179, 1, '48.00', 1),
(180, 180, 1, '84.00', 1),
(181, 181, 3, '13.00', 1),
(182, 182, 3, '13.00', 1),
(183, 183, 3, '8.00', 1),
(184, 184, 3, '51.00', 1),
(185, 185, 3, '39.00', 1),
(186, 186, 3, '4.00', 1),
(187, 187, 3, '24.00', 1),
(188, 188, 3, '34.00', 1),
(189, 189, 3, '24.00', 1),
(190, 190, 1, '39.00', 1),
(191, 191, 3, '81.00', 1),
(192, 192, 3, '2.00', 1),
(193, 193, 3, '12.00', 1),
(194, 194, 3, '10.00', 1),
(195, 195, 3, '20.00', 1),
(196, 196, 3, '20.00', 1),
(197, 197, 3, '276.00', 1),
(198, 198, 3, '10.00', 1),
(199, 199, 3, '10.00', 1),
(200, 200, 3, '2.00', 1),
(201, 201, 3, '8.00', 1),
(202, 202, 1, '34.00', 1),
(203, 203, 3, '20.00', 1),
(204, 204, 3, '6.00', 1),
(205, 205, 3, '62.00', 1),
(206, 206, 3, '51.00', 1),
(207, 207, 3, '30.00', 1),
(208, 208, 3, '14.00', 1),
(209, 209, 3, '37.00', 1),
(210, 210, 3, '2.00', 1),
(211, 211, 3, '2.00', 1),
(212, 212, 3, '82.00', 1),
(213, 213, 3, '70.00', 1),
(214, 214, 3, '16.00', 1),
(215, 215, 1, '108.00', 1),
(216, 216, 1, '20.00', 1),
(217, 217, 3, '2.00', 1),
(218, 218, 3, '54.00', 1),
(219, 219, 3, '8.00', 1),
(220, 220, 3, '2.00', 1),
(221, 221, 3, '24.00', 1),
(222, 222, 3, '10.00', 1),
(223, 223, 3, '32.00', 1),
(224, 224, 1, '84.00', 1),
(225, 225, 3, '73.00', 1),
(226, 226, 3, '89.00', 1),
(227, 227, 3, '159.00', 1),
(228, 228, 3, '135.00', 1),
(229, 229, 1, '102.00', 1),
(230, 230, 1, '24.00', 1),
(231, 231, 3, '60.00', 1),
(232, 232, 3, '20.00', 1),
(233, 233, 3, '49.00', 1),
(234, 234, 3, '4.00', 1),
(235, 235, 3, '4.00', 1),
(236, 236, 3, '79.00', 1),
(237, 237, 3, '34.00', 1),
(238, 238, 3, '20.00', 1),
(239, 239, 1, '48.00', 1),
(240, 240, 3, '52.00', 1),
(241, 241, 3, '52.00', 1),
(242, 242, 3, '16.00', 1),
(243, 243, 3, '24.00', 1),
(244, 244, 3, '16.00', 1),
(245, 245, 3, '37.00', 1),
(246, 246, 1, '82.00', 1),
(247, 247, 1, '63.00', 1),
(248, 248, 3, '161.00', 1),
(249, 249, 3, '19.00', 1),
(250, 250, 3, '33.00', 1),
(251, 251, 3, '75.00', 1),
(252, 252, 3, '52.00', 1),
(253, 253, 3, '28.00', 1),
(254, 254, 3, '40.00', 1),
(255, 255, 3, '51.00', 1),
(256, 256, 1, '60.00', 1),
(257, 257, 1, '18.00', 1),
(258, 258, 5, '23.00', 1),
(259, 259, 3, '16.00', 1),
(260, 260, 1, '335.00', 1),
(261, 261, 3, '68.00', 1),
(262, 262, 1, '75.00', 1),
(263, 263, 1, '155.00', 1),
(264, 264, 1, '58.00', 1),
(265, 265, 3, '24.00', 1),
(266, 266, 3, '4.00', 1),
(267, 267, 3, '13.00', 1),
(268, 268, 3, '16.00', 1),
(269, 269, 3, '16.00', 1),
(270, 270, 3, '16.00', 1),
(271, 271, 1, '65.00', 1),
(272, 272, 3, '16.00', 1),
(273, 273, 3, '8.00', 1),
(274, 274, 3, '24.00', 1),
(275, 275, 3, '76.00', 1),
(276, 276, 1, '150.00', 1),
(277, 277, 3, '4.00', 1),
(278, 278, 3, '67.00', 1),
(279, 279, 3, '16.00', 1),
(280, 280, 1, '44.00', 1),
(281, 281, 3, '154.00', 1),
(282, 282, 1, '85.00', 1),
(283, 283, 3, '20.00', 1),
(284, 284, 3, '78.00', 1),
(285, 285, 3, '4.00', 1),
(286, 286, 3, '4.00', 1),
(287, 287, 3, '49.00', 1),
(288, 288, 3, '24.00', 1),
(289, 289, 3, '8.00', 1),
(290, 290, 3, '32.00', 1),
(291, 291, 3, '16.00', 1),
(292, 292, 3, '24.00', 1),
(293, 293, 3, '25.00', 1),
(294, 294, 3, '37.00', 1),
(295, 295, 1, '75.00', 1),
(296, 296, 3, '30.00', 1),
(297, 297, 3, '68.00', 1),
(298, 298, 3, '16.00', 1),
(299, 299, 3, '8.00', 1),
(300, 300, 3, '2.00', 1),
(301, 301, 3, '40.00', 1),
(302, 302, 3, '2.00', 1),
(303, 303, 3, '4.00', 1),
(304, 304, 3, '24.00', 1),
(305, 305, 3, '27.00', 1),
(306, 306, 3, '58.00', 1),
(307, 307, 3, '24.00', 1),
(308, 308, 4, '117.00', 1),
(309, 309, 3, '52.00', 1),
(310, 310, 3, '24.00', 1),
(311, 311, 6, '10.00', 1),
(312, 312, 3, '8.00', 1),
(313, 313, 1, '262.00', 1),
(314, 314, 3, '56.00', 1),
(315, 315, 1, '12.00', 1),
(316, 316, 3, '158.00', 1),
(317, 317, 3, '83.00', 1),
(318, 318, 1, '42.00', 1),
(319, 319, 3, '42.00', 1),
(320, 320, 3, '89.00', 1),
(321, 321, 3, '10.00', 1),
(322, 322, 3, '141.00', 1),
(323, 323, 3, '10.00', 1),
(324, 324, 3, '260.00', 1),
(325, 325, 1, '104.00', 1),
(326, 326, 1, '182.00', 1),
(327, 326, 3, '136.00', 1),
(328, 327, 3, '529.00', 1),
(329, 328, 3, '28.00', 1),
(330, 329, 3, '4.00', 1),
(331, 330, 3, '80.00', 1),
(332, 331, 3, '104.00', 1),
(333, 332, 3, '32.00', 1),
(334, 333, 3, '4.00', 1),
(335, 334, 3, '8.00', 1),
(336, 335, 3, '2.00', 1),
(337, 336, 3, '2.00', 1),
(338, 337, 3, '32.00', 1),
(339, 338, 3, '8.00', 1),
(340, 339, 3, '27.00', 1),
(341, 340, 3, '105.00', 1),
(342, 341, 3, '50.00', 1),
(343, 342, 3, '135.00', 1),
(344, 343, 3, '20.00', 1),
(345, 344, 3, '38.00', 1),
(346, 345, 3, '16.00', 1),
(347, 346, 3, '16.00', 1),
(348, 347, 1, '27.00', 1),
(349, 348, 3, '12.00', 1),
(350, 349, 1, '27.00', 1),
(351, 350, 1, '8.00', 1),
(352, 351, 3, '12.00', 1),
(353, 352, 3, '16.00', 1),
(354, 353, 3, '48.00', 1),
(355, 354, 3, '353.00', 1),
(356, 355, 3, '20.00', 1),
(357, 356, 3, '18.00', 1),
(358, 357, 3, '36.00', 1),
(359, 358, 3, '8.00', 1),
(360, 359, 1, '110.00', 1),
(361, 360, 1, '43.00', 1),
(362, 361, 3, '44.00', 1),
(363, 362, 1, '162.00', 1),
(364, 363, 3, '191.00', 1),
(365, 364, 3, '59.00', 1),
(366, 365, 1, '95.00', 1),
(367, 366, 3, '287.00', 1),
(368, 367, 1, '69.00', 1),
(369, 368, 3, '27.00', 1),
(370, 369, 3, '82.00', 1),
(371, 370, 3, '4.00', 1),
(372, 371, 3, '4.00', 1),
(373, 372, 3, '200.00', 1),
(374, 373, 3, '16.00', 1),
(375, 374, 3, '36.00', 1),
(376, 375, 3, '92.00', 1),
(377, 376, 3, '23.00', 1),
(378, 377, 3, '56.00', 1),
(379, 378, 3, '64.00', 1),
(380, 379, 3, '22.00', 1),
(381, 380, 3, '50.00', 1),
(382, 381, 3, '59.00', 1),
(383, 382, 3, '8.00', 1),
(384, 383, 3, '32.00', 1),
(385, 384, 3, '62.00', 1),
(386, 385, 3, '82.00', 1),
(387, 386, 3, '85.00', 1),
(388, 387, 3, '2.00', 1),
(389, 388, 3, '16.00', 1),
(390, 389, 3, '24.00', 1),
(391, 390, 3, '18.00', 1),
(392, 391, 3, '16.00', 1),
(393, 392, 3, '79.00', 1),
(394, 393, 1, '16.00', 1),
(395, 393, 3, '8.00', 1),
(396, 394, 3, '4.00', 1),
(397, 395, 1, '103.00', 1),
(398, 396, 1, '24.00', 1),
(399, 397, 3, '43.00', 1),
(400, 398, 3, '24.00', 1),
(401, 399, 3, '58.00', 1),
(402, 400, 3, '32.00', 1),
(403, 401, 3, '4.00', 1),
(404, 402, 3, '4.00', 1),
(405, 403, 3, '12.00', 1),
(406, 404, 3, '32.00', 1),
(407, 405, 1, '161.00', 1),
(408, 406, 3, '48.00', 1),
(409, 407, 1, '108.00', 1),
(410, 408, 3, '54.00', 1),
(411, 409, 3, '16.00', 1),
(412, 410, 3, '44.00', 1),
(413, 411, 3, '8.00', 1),
(414, 412, 3, '12.00', 1),
(415, 413, 3, '24.00', 1),
(416, 414, 3, '64.00', 1),
(417, 415, 3, '8.00', 1),
(418, 416, 3, '120.00', 1),
(419, 417, 1, '74.00', 1),
(420, 418, 1, '99.00', 1),
(421, 419, 3, '10.00', 1),
(422, 420, 3, '48.00', 1),
(423, 421, 3, '14.00', 1),
(424, 422, 3, '32.00', 1),
(425, 423, 3, '48.00', 1),
(426, 424, 3, '72.00', 1),
(427, 425, 3, '4.00', 1),
(428, 426, 3, '66.00', 1),
(429, 427, 3, '4.00', 1),
(430, 428, 3, '39.00', 1),
(431, 429, 3, '16.00', 1),
(432, 430, 3, '82.00', 1),
(433, 431, 3, '65.00', 1),
(434, 432, 1, '91.00', 1),
(435, 433, 3, '36.00', 1),
(436, 434, 3, '36.00', 1),
(437, 435, 1, '63.00', 1),
(438, 436, 3, '60.00', 1),
(439, 437, 3, '63.00', 1),
(440, 438, 3, '4.00', 1),
(441, 439, 3, '68.00', 1),
(442, 440, 3, '24.00', 1),
(443, 441, 3, '26.00', 1);

--
-- Indexes for dumped tables
--

--
-- Indexes for table `almacenes_salida`
--
ALTER TABLE `almacenes_salida`
  ADD PRIMARY KEY (`id_almacen`),
  ADD KEY `id_negocio` (`id_negocio`),
  ADD KEY `id_sucursal` (`id_recurso_sede`);

--
-- Indexes for table `asistencia`
--
ALTER TABLE `asistencia`
  ADD PRIMARY KEY (`id_asistencia`),
  ADD KEY `id_persona_turno` (`id_persona_turno`);

--
-- Indexes for table `asistencia_fecha`
--
ALTER TABLE `asistencia_fecha`
  ADD PRIMARY KEY (`id_asistencia_fecha`);

--
-- Indexes for table `caja`
--
ALTER TABLE `caja`
  ADD PRIMARY KEY (`id_caja`);

--
-- Indexes for table `caja_numero`
--
ALTER TABLE `caja_numero`
  ADD PRIMARY KEY (`id_caja_numero`);

--
-- Indexes for table `categorias`
--
ALTER TABLE `categorias`
  ADD PRIMARY KEY (`id_categoria`);

--
-- Indexes for table `categorias_negocio`
--
ALTER TABLE `categorias_negocio`
  ADD PRIMARY KEY (`id_categoria_negocio`),
  ADD KEY `id_negocio` (`id_negocio`),
  ADD KEY `id_categoria` (`id_categoria`);

--
-- Indexes for table `ciudad`
--
ALTER TABLE `ciudad`
  ADD PRIMARY KEY (`id_ciudad`);

--
-- Indexes for table `clientes`
--
ALTER TABLE `clientes`
  ADD PRIMARY KEY (`id_cliente`);

--
-- Indexes for table `comanda`
--
ALTER TABLE `comanda`
  ADD PRIMARY KEY (`id_comanda`),
  ADD KEY `id_mesa` (`id_mesa`),
  ADD KEY `id_usuario` (`id_usuario`);

--
-- Indexes for table `comanda_detalle`
--
ALTER TABLE `comanda_detalle`
  ADD PRIMARY KEY (`id_comanda_detalle`),
  ADD KEY `id_comanda` (`id_comanda`),
  ADD KEY `id_producto` (`id_producto`);

--
-- Indexes for table `conversiones`
--
ALTER TABLE `conversiones`
  ADD PRIMARY KEY (`id_conversion`),
  ADD KEY `id_recurso_sede` (`id_recurso_sede`),
  ADD KEY `conversion_unidad_medida` (`conversion_unidad_medida`);

--
-- Indexes for table `correlativos`
--
ALTER TABLE `correlativos`
  ADD PRIMARY KEY (`id_correlativo`);

--
-- Indexes for table `detalle_compra`
--
ALTER TABLE `detalle_compra`
  ADD PRIMARY KEY (`id_detalle_compra`),
  ADD KEY `id_orden_compra` (`id_orden_compra`),
  ADD KEY `id_recurso_sede` (`id_recurso_sede`);

--
-- Indexes for table `detalle_recetas`
--
ALTER TABLE `detalle_recetas`
  ADD PRIMARY KEY (`id_detalle_receta`),
  ADD KEY `id_receta` (`id_receta`),
  ADD KEY `id_recursos_sede` (`id_recursos_sede`);

--
-- Indexes for table `documentos`
--
ALTER TABLE `documentos`
  ADD PRIMARY KEY (`id_documento`);

--
-- Indexes for table `empresa`
--
ALTER TABLE `empresa`
  ADD PRIMARY KEY (`id_empresa`);

--
-- Indexes for table `envio_resumen`
--
ALTER TABLE `envio_resumen`
  ADD PRIMARY KEY (`id_envio_resumen`),
  ADD KEY `id_empresa` (`id_empresa`);

--
-- Indexes for table `envio_resumen_detalle`
--
ALTER TABLE `envio_resumen_detalle`
  ADD PRIMARY KEY (`id_envio_resumen_detalle`),
  ADD KEY `id_envio_resumen` (`id_envio_resumen`);

--
-- Indexes for table `feriados`
--
ALTER TABLE `feriados`
  ADD PRIMARY KEY (`id_feriado`);

--
-- Indexes for table `gastos_personal`
--
ALTER TABLE `gastos_personal`
  ADD PRIMARY KEY (`id_gasto_personal`);

--
-- Indexes for table `grupos`
--
ALTER TABLE `grupos`
  ADD PRIMARY KEY (`id_grupo`);

--
-- Indexes for table `igv`
--
ALTER TABLE `igv`
  ADD PRIMARY KEY (`id_igv`);

--
-- Indexes for table `memorandum`
--
ALTER TABLE `memorandum`
  ADD PRIMARY KEY (`id_memorandum`),
  ADD KEY `id_persona` (`id_persona`);

--
-- Indexes for table `menus`
--
ALTER TABLE `menus`
  ADD PRIMARY KEY (`id_menu`);

--
-- Indexes for table `mesas`
--
ALTER TABLE `mesas`
  ADD PRIMARY KEY (`id_mesa`),
  ADD KEY `id_sucursal` (`id_sucursal`);

--
-- Indexes for table `monedas`
--
ALTER TABLE `monedas`
  ADD PRIMARY KEY (`id_moneda`);

--
-- Indexes for table `movimientos`
--
ALTER TABLE `movimientos`
  ADD PRIMARY KEY (`id_movimiento`),
  ADD KEY `id_usuario` (`id_usuario`),
  ADD KEY `id_sucursal` (`id_sucursal`);

--
-- Indexes for table `negocios`
--
ALTER TABLE `negocios`
  ADD PRIMARY KEY (`id_negocio`),
  ADD KEY `id_ciudad` (`id_ciudad`);

--
-- Indexes for table `nota_venta`
--
ALTER TABLE `nota_venta`
  ADD PRIMARY KEY (`id_nota_venta`),
  ADD KEY `id_usuario` (`id_usuario`),
  ADD KEY `id_mesa` (`id_mesa`),
  ADD KEY `id_cliente` (`id_cliente`),
  ADD KEY `id_tipo_pago` (`id_tipo_pago`),
  ADD KEY `id_moneda` (`id_moneda`),
  ADD KEY `id_empresa` (`id_empresa`);

--
-- Indexes for table `nota_venta_detalle`
--
ALTER TABLE `nota_venta_detalle`
  ADD PRIMARY KEY (`id_nota_venta_detalle`),
  ADD KEY `id_nota_venta` (`id_nota_venta`),
  ADD KEY `id_comanda_detalle` (`id_comanda_detalle`);

--
-- Indexes for table `obligacion_pagar`
--
ALTER TABLE `obligacion_pagar`
  ADD PRIMARY KEY (`id_obligacion`);

--
-- Indexes for table `obligacion_personal`
--
ALTER TABLE `obligacion_personal`
  ADD PRIMARY KEY (`id_obligacionper`),
  ADD KEY `id_obligacion` (`id_obligacion`),
  ADD KEY `id_periodo` (`id_periodo`),
  ADD KEY `id_persona` (`id_persona`);

--
-- Indexes for table `opciones`
--
ALTER TABLE `opciones`
  ADD PRIMARY KEY (`id_opcion`),
  ADD KEY `id_menu` (`id_menu`);

--
-- Indexes for table `orden_compra`
--
ALTER TABLE `orden_compra`
  ADD PRIMARY KEY (`id_orden_compra`),
  ADD KEY `id_solicitante` (`id_solicitante`),
  ADD KEY `id_tipo_pago` (`id_tipo_pago`),
  ADD KEY `id_proveedor` (`id_proveedor`),
  ADD KEY `id_sucursal` (`id_sucursal`);

--
-- Indexes for table `pedidos_gratis`
--
ALTER TABLE `pedidos_gratis`
  ADD PRIMARY KEY (`id_pedido_gratis`),
  ADD KEY `id_mesa` (`id_mesa`),
  ADD KEY `id_usuario` (`id_usuario`);

--
-- Indexes for table `pedidos_gratis_detalles`
--
ALTER TABLE `pedidos_gratis_detalles`
  ADD PRIMARY KEY (`id_pedido_gratis_detalle`),
  ADD KEY `id_pedido_gratis` (`id_pedido_gratis`),
  ADD KEY `id_comanda_detalle` (`id_comanda_detalle`);

--
-- Indexes for table `periodo_laboral`
--
ALTER TABLE `periodo_laboral`
  ADD PRIMARY KEY (`id_periodo`),
  ADD KEY `id_persona` (`id_persona`),
  ADD KEY `id_contrato` (`id_contrato`),
  ADD KEY `id_cargo` (`id_cargo`),
  ADD KEY `id_departamento` (`id_departamento`),
  ADD KEY `id_sede` (`id_sede`),
  ADD KEY `id_empresa` (`id_empresa`);

--
-- Indexes for table `permisos`
--
ALTER TABLE `permisos`
  ADD PRIMARY KEY (`id_permiso`),
  ADD KEY `id_opcion` (`id_opcion`);

--
-- Indexes for table `personas`
--
ALTER TABLE `personas`
  ADD PRIMARY KEY (`id_persona`);

--
-- Indexes for table `persona_turno`
--
ALTER TABLE `persona_turno`
  ADD PRIMARY KEY (`id_persona_turno`),
  ADD KEY `id_persona` (`id_persona`),
  ADD KEY `id_turno` (`id_turno`);

--
-- Indexes for table `productos`
--
ALTER TABLE `productos`
  ADD PRIMARY KEY (`id_producto`),
  ADD KEY `id_usuario` (`id_usuario`),
  ADD KEY `id_grupo` (`id_grupo`),
  ADD KEY `id_receta` (`id_receta`);

--
-- Indexes for table `producto_familia`
--
ALTER TABLE `producto_familia`
  ADD PRIMARY KEY (`id_producto_familia`);

--
-- Indexes for table `producto_precio`
--
ALTER TABLE `producto_precio`
  ADD PRIMARY KEY (`id_producto_precio`),
  ADD KEY `id_producto` (`id_producto`),
  ADD KEY `id_unidad_medida` (`id_unidad_medida`);

--
-- Indexes for table `proveedor`
--
ALTER TABLE `proveedor`
  ADD PRIMARY KEY (`id_proveedor`),
  ADD KEY `id_negocio` (`id_negocio`),
  ADD KEY `id_tipodocumento` (`id_tipodocumento`);

--
-- Indexes for table `puntos`
--
ALTER TABLE `puntos`
  ADD PRIMARY KEY (`id_puntos`);

--
-- Indexes for table `puntos_cliente`
--
ALTER TABLE `puntos_cliente`
  ADD PRIMARY KEY (`id_punto_cliente`);

--
-- Indexes for table `recetas`
--
ALTER TABLE `recetas`
  ADD PRIMARY KEY (`id_receta`),
  ADD KEY `id_usuario` (`id_usuario`);

--
-- Indexes for table `recursos`
--
ALTER TABLE `recursos`
  ADD PRIMARY KEY (`id_recurso`),
  ADD KEY `id_categoria` (`id_categoria`);

--
-- Indexes for table `recursos_sede`
--
ALTER TABLE `recursos_sede`
  ADD PRIMARY KEY (`id_recurso_sede`),
  ADD KEY `id_medida` (`id_medida`),
  ADD KEY `id_sucursal` (`id_sucursal`),
  ADD KEY `id_recurso` (`id_recurso`);

--
-- Indexes for table `registro_asistencias`
--
ALTER TABLE `registro_asistencias`
  ADD PRIMARY KEY (`id_registro`);

--
-- Indexes for table `reservas`
--
ALTER TABLE `reservas`
  ADD PRIMARY KEY (`id_reserva`);

--
-- Indexes for table `restricciones`
--
ALTER TABLE `restricciones`
  ADD PRIMARY KEY (`id_restriccion`),
  ADD KEY `id_rol` (`id_rol`),
  ADD KEY `id_opcion` (`id_opcion`);

--
-- Indexes for table `roles`
--
ALTER TABLE `roles`
  ADD PRIMARY KEY (`id_rol`);

--
-- Indexes for table `roles_menus`
--
ALTER TABLE `roles_menus`
  ADD PRIMARY KEY (`id_rol_menu`),
  ADD KEY `id_rol` (`id_rol`),
  ADD KEY `id_menu` (`id_menu`);

--
-- Indexes for table `serie`
--
ALTER TABLE `serie`
  ADD PRIMARY KEY (`id_serie`) USING BTREE;

--
-- Indexes for table `sub_recetas`
--
ALTER TABLE `sub_recetas`
  ADD PRIMARY KEY (`id_sub_receta`),
  ADD KEY `id_receta` (`id_receta`),
  ADD KEY `id_receta_2` (`id_receta_2`),
  ADD KEY `id_medida` (`id_medida`);

--
-- Indexes for table `sucursal`
--
ALTER TABLE `sucursal`
  ADD PRIMARY KEY (`id_sucursal`),
  ADD KEY `id_ciudad` (`id_ciudad`),
  ADD KEY `id_negocio` (`id_negocio`);

--
-- Indexes for table `tipoadjuntos`
--
ALTER TABLE `tipoadjuntos`
  ADD PRIMARY KEY (`id_adjunto`);

--
-- Indexes for table `tipocargo`
--
ALTER TABLE `tipocargo`
  ADD PRIMARY KEY (`id_cargo`);

--
-- Indexes for table `tipocontrato`
--
ALTER TABLE `tipocontrato`
  ADD PRIMARY KEY (`id_contrato`);

--
-- Indexes for table `tipodepartamento`
--
ALTER TABLE `tipodepartamento`
  ADD PRIMARY KEY (`id_departamento`);

--
-- Indexes for table `tiposede`
--
ALTER TABLE `tiposede`
  ADD PRIMARY KEY (`id_sede`);

--
-- Indexes for table `tipo_afectacion`
--
ALTER TABLE `tipo_afectacion`
  ADD PRIMARY KEY (`id_tipo_afectacion`);

--
-- Indexes for table `tipo_documentos`
--
ALTER TABLE `tipo_documentos`
  ADD PRIMARY KEY (`id_tipodocumento`);

--
-- Indexes for table `tipo_ncreditos`
--
ALTER TABLE `tipo_ncreditos`
  ADD PRIMARY KEY (`id`);

--
-- Indexes for table `tipo_ndebitos`
--
ALTER TABLE `tipo_ndebitos`
  ADD PRIMARY KEY (`id`);

--
-- Indexes for table `tipo_pago`
--
ALTER TABLE `tipo_pago`
  ADD PRIMARY KEY (`id_tipo_pago`);

--
-- Indexes for table `turno`
--
ALTER TABLE `turno`
  ADD PRIMARY KEY (`id_turno`);

--
-- Indexes for table `unidad_medida`
--
ALTER TABLE `unidad_medida`
  ADD PRIMARY KEY (`id_medida`);

--
-- Indexes for table `usuarios`
--
ALTER TABLE `usuarios`
  ADD PRIMARY KEY (`id_usuario`),
  ADD KEY `id_persona` (`id_persona`),
  ADD KEY `id_rol` (`id_rol`);

--
-- Indexes for table `usuarios_negocio`
--
ALTER TABLE `usuarios_negocio`
  ADD PRIMARY KEY (`id_usuario_negocio`),
  ADD KEY `id_negocio` (`id_negocio`),
  ADD KEY `id_usuario` (`id_usuario`);

--
-- Indexes for table `usuarios_sucursal`
--
ALTER TABLE `usuarios_sucursal`
  ADD PRIMARY KEY (`id_usuario_sucursal`),
  ADD KEY `id_sucursal` (`id_sucursal`),
  ADD KEY `id_usuario` (`id_usuario`),
  ADD KEY `id_rol` (`id_rol`);

--
-- Indexes for table `ventas`
--
ALTER TABLE `ventas`
  ADD PRIMARY KEY (`id_venta`),
  ADD KEY `id_usuario` (`id_usuario`),
  ADD KEY `id_moneda` (`id_moneda`),
  ADD KEY `id_mesa` (`id_mesa`),
  ADD KEY `id_cliente` (`id_cliente`),
  ADD KEY `id_tipo_pago` (`id_tipo_pago`),
  ADD KEY `id_empresa` (`id_empresa`);

--
-- Indexes for table `ventas_anulados`
--
ALTER TABLE `ventas_anulados`
  ADD PRIMARY KEY (`id_venta_anulado`),
  ADD KEY `id_venta` (`id_venta`),
  ADD KEY `id_user` (`id_user`);

--
-- Indexes for table `ventas_cuotas`
--
ALTER TABLE `ventas_cuotas`
  ADD PRIMARY KEY (`id_ventas_cuotas`),
  ADD KEY `id_ventas` (`id_ventas`),
  ADD KEY `id_tipo_pago` (`id_tipo_pago`);

--
-- Indexes for table `ventas_detalle`
--
ALTER TABLE `ventas_detalle`
  ADD PRIMARY KEY (`id_venta_detalle`),
  ADD KEY `id_venta` (`id_venta`),
  ADD KEY `id_comanda_detalle` (`id_comanda_detalle`);

--
-- Indexes for table `ventas_detalle_pagos`
--
ALTER TABLE `ventas_detalle_pagos`
  ADD PRIMARY KEY (`id_venta_detalle_pago`),
  ADD KEY `id_venta` (`id_venta`),
  ADD KEY `id_tipo_pago` (`id_tipo_pago`);

--
-- AUTO_INCREMENT for dumped tables
--

--
-- AUTO_INCREMENT for table `almacenes_salida`
--
ALTER TABLE `almacenes_salida`
  MODIFY `id_almacen` int(11) NOT NULL AUTO_INCREMENT;

--
-- AUTO_INCREMENT for table `asistencia`
--
ALTER TABLE `asistencia`
  MODIFY `id_asistencia` int(11) NOT NULL AUTO_INCREMENT;

--
-- AUTO_INCREMENT for table `asistencia_fecha`
--
ALTER TABLE `asistencia_fecha`
  MODIFY `id_asistencia_fecha` int(11) NOT NULL AUTO_INCREMENT;

--
-- AUTO_INCREMENT for table `caja`
--
ALTER TABLE `caja`
  MODIFY `id_caja` int(11) NOT NULL AUTO_INCREMENT, AUTO_INCREMENT=28;

--
-- AUTO_INCREMENT for table `caja_numero`
--
ALTER TABLE `caja_numero`
  MODIFY `id_caja_numero` int(11) NOT NULL AUTO_INCREMENT, AUTO_INCREMENT=3;

--
-- AUTO_INCREMENT for table `categorias`
--
ALTER TABLE `categorias`
  MODIFY `id_categoria` int(11) NOT NULL AUTO_INCREMENT, AUTO_INCREMENT=16;

--
-- AUTO_INCREMENT for table `categorias_negocio`
--
ALTER TABLE `categorias_negocio`
  MODIFY `id_categoria_negocio` int(11) NOT NULL AUTO_INCREMENT, AUTO_INCREMENT=15;

--
-- AUTO_INCREMENT for table `ciudad`
--
ALTER TABLE `ciudad`
  MODIFY `id_ciudad` int(11) NOT NULL AUTO_INCREMENT, AUTO_INCREMENT=3;

--
-- AUTO_INCREMENT for table `clientes`
--
ALTER TABLE `clientes`
  MODIFY `id_cliente` int(11) NOT NULL AUTO_INCREMENT, AUTO_INCREMENT=15;

--
-- AUTO_INCREMENT for table `comanda`
--
ALTER TABLE `comanda`
  MODIFY `id_comanda` int(11) NOT NULL AUTO_INCREMENT, AUTO_INCREMENT=439;

--
-- AUTO_INCREMENT for table `comanda_detalle`
--
ALTER TABLE `comanda_detalle`
  MODIFY `id_comanda_detalle` int(11) NOT NULL AUTO_INCREMENT, AUTO_INCREMENT=1111;

--
-- AUTO_INCREMENT for table `conversiones`
--
ALTER TABLE `conversiones`
  MODIFY `id_conversion` int(11) NOT NULL AUTO_INCREMENT;

--
-- AUTO_INCREMENT for table `correlativos`
--
ALTER TABLE `correlativos`
  MODIFY `id_correlativo` int(11) NOT NULL AUTO_INCREMENT, AUTO_INCREMENT=3;

--
-- AUTO_INCREMENT for table `detalle_compra`
--
ALTER TABLE `detalle_compra`
  MODIFY `id_detalle_compra` int(11) NOT NULL AUTO_INCREMENT;

--
-- AUTO_INCREMENT for table `detalle_recetas`
--
ALTER TABLE `detalle_recetas`
  MODIFY `id_detalle_receta` int(11) NOT NULL AUTO_INCREMENT, AUTO_INCREMENT=9;

--
-- AUTO_INCREMENT for table `documentos`
--
ALTER TABLE `documentos`
  MODIFY `id_documento` int(11) NOT NULL AUTO_INCREMENT;

--
-- AUTO_INCREMENT for table `empresa`
--
ALTER TABLE `empresa`
  MODIFY `id_empresa` int(11) NOT NULL AUTO_INCREMENT, AUTO_INCREMENT=2;

--
-- AUTO_INCREMENT for table `envio_resumen`
--
ALTER TABLE `envio_resumen`
  MODIFY `id_envio_resumen` int(11) NOT NULL AUTO_INCREMENT, AUTO_INCREMENT=27;

--
-- AUTO_INCREMENT for table `envio_resumen_detalle`
--
ALTER TABLE `envio_resumen_detalle`
  MODIFY `id_envio_resumen_detalle` int(11) NOT NULL AUTO_INCREMENT, AUTO_INCREMENT=440;

--
-- AUTO_INCREMENT for table `feriados`
--
ALTER TABLE `feriados`
  MODIFY `id_feriado` int(11) NOT NULL AUTO_INCREMENT, AUTO_INCREMENT=27;

--
-- AUTO_INCREMENT for table `gastos_personal`
--
ALTER TABLE `gastos_personal`
  MODIFY `id_gasto_personal` int(11) NOT NULL AUTO_INCREMENT;

--
-- AUTO_INCREMENT for table `grupos`
--
ALTER TABLE `grupos`
  MODIFY `id_grupo` int(11) NOT NULL AUTO_INCREMENT, AUTO_INCREMENT=5;

--
-- AUTO_INCREMENT for table `igv`
--
ALTER TABLE `igv`
  MODIFY `id_igv` int(11) NOT NULL AUTO_INCREMENT, AUTO_INCREMENT=21;

--
-- AUTO_INCREMENT for table `memorandum`
--
ALTER TABLE `memorandum`
  MODIFY `id_memorandum` int(11) NOT NULL AUTO_INCREMENT;

--
-- AUTO_INCREMENT for table `menus`
--
ALTER TABLE `menus`
  MODIFY `id_menu` int(11) NOT NULL AUTO_INCREMENT, AUTO_INCREMENT=25;

--
-- AUTO_INCREMENT for table `mesas`
--
ALTER TABLE `mesas`
  MODIFY `id_mesa` int(11) NOT NULL AUTO_INCREMENT, AUTO_INCREMENT=63;

--
-- AUTO_INCREMENT for table `monedas`
--
ALTER TABLE `monedas`
  MODIFY `id_moneda` int(11) NOT NULL AUTO_INCREMENT, AUTO_INCREMENT=4;

--
-- AUTO_INCREMENT for table `movimientos`
--
ALTER TABLE `movimientos`
  MODIFY `id_movimiento` int(11) NOT NULL AUTO_INCREMENT;

--
-- AUTO_INCREMENT for table `negocios`
--
ALTER TABLE `negocios`
  MODIFY `id_negocio` int(11) NOT NULL AUTO_INCREMENT, AUTO_INCREMENT=4;

--
-- AUTO_INCREMENT for table `nota_venta`
--
ALTER TABLE `nota_venta`
  MODIFY `id_nota_venta` int(11) NOT NULL AUTO_INCREMENT;

--
-- AUTO_INCREMENT for table `nota_venta_detalle`
--
ALTER TABLE `nota_venta_detalle`
  MODIFY `id_nota_venta_detalle` int(11) NOT NULL AUTO_INCREMENT;

--
-- AUTO_INCREMENT for table `obligacion_pagar`
--
ALTER TABLE `obligacion_pagar`
  MODIFY `id_obligacion` int(11) NOT NULL AUTO_INCREMENT;

--
-- AUTO_INCREMENT for table `obligacion_personal`
--
ALTER TABLE `obligacion_personal`
  MODIFY `id_obligacionper` int(11) NOT NULL AUTO_INCREMENT;

--
-- AUTO_INCREMENT for table `opciones`
--
ALTER TABLE `opciones`
  MODIFY `id_opcion` int(11) NOT NULL AUTO_INCREMENT, AUTO_INCREMENT=116;

--
-- AUTO_INCREMENT for table `orden_compra`
--
ALTER TABLE `orden_compra`
  MODIFY `id_orden_compra` int(11) NOT NULL AUTO_INCREMENT;

--
-- AUTO_INCREMENT for table `pedidos_gratis`
--
ALTER TABLE `pedidos_gratis`
  MODIFY `id_pedido_gratis` int(11) NOT NULL AUTO_INCREMENT;

--
-- AUTO_INCREMENT for table `pedidos_gratis_detalles`
--
ALTER TABLE `pedidos_gratis_detalles`
  MODIFY `id_pedido_gratis_detalle` int(11) NOT NULL AUTO_INCREMENT;

--
-- AUTO_INCREMENT for table `periodo_laboral`
--
ALTER TABLE `periodo_laboral`
  MODIFY `id_periodo` int(11) NOT NULL AUTO_INCREMENT;

--
-- AUTO_INCREMENT for table `permisos`
--
ALTER TABLE `permisos`
  MODIFY `id_permiso` int(11) NOT NULL AUTO_INCREMENT, AUTO_INCREMENT=205;

--
-- AUTO_INCREMENT for table `personas`
--
ALTER TABLE `personas`
  MODIFY `id_persona` int(11) NOT NULL AUTO_INCREMENT, AUTO_INCREMENT=5;

--
-- AUTO_INCREMENT for table `persona_turno`
--
ALTER TABLE `persona_turno`
  MODIFY `id_persona_turno` int(11) NOT NULL AUTO_INCREMENT;

--
-- AUTO_INCREMENT for table `productos`
--
ALTER TABLE `productos`
  MODIFY `id_producto` int(11) NOT NULL AUTO_INCREMENT, AUTO_INCREMENT=130;

--
-- AUTO_INCREMENT for table `producto_familia`
--
ALTER TABLE `producto_familia`
  MODIFY `id_producto_familia` int(11) NOT NULL AUTO_INCREMENT, AUTO_INCREMENT=25;

--
-- AUTO_INCREMENT for table `producto_precio`
--
ALTER TABLE `producto_precio`
  MODIFY `id_producto_precio` int(11) NOT NULL AUTO_INCREMENT, AUTO_INCREMENT=145;

--
-- AUTO_INCREMENT for table `proveedor`
--
ALTER TABLE `proveedor`
  MODIFY `id_proveedor` int(11) NOT NULL AUTO_INCREMENT;

--
-- AUTO_INCREMENT for table `puntos`
--
ALTER TABLE `puntos`
  MODIFY `id_puntos` int(11) NOT NULL AUTO_INCREMENT;

--
-- AUTO_INCREMENT for table `puntos_cliente`
--
ALTER TABLE `puntos_cliente`
  MODIFY `id_punto_cliente` int(11) NOT NULL AUTO_INCREMENT;

--
-- AUTO_INCREMENT for table `recetas`
--
ALTER TABLE `recetas`
  MODIFY `id_receta` int(11) NOT NULL AUTO_INCREMENT, AUTO_INCREMENT=57;

--
-- AUTO_INCREMENT for table `recursos`
--
ALTER TABLE `recursos`
  MODIFY `id_recurso` int(11) NOT NULL AUTO_INCREMENT, AUTO_INCREMENT=12;

--
-- AUTO_INCREMENT for table `recursos_sede`
--
ALTER TABLE `recursos_sede`
  MODIFY `id_recurso_sede` int(11) NOT NULL AUTO_INCREMENT, AUTO_INCREMENT=10;

--
-- AUTO_INCREMENT for table `registro_asistencias`
--
ALTER TABLE `registro_asistencias`
  MODIFY `id_registro` int(11) NOT NULL AUTO_INCREMENT;

--
-- AUTO_INCREMENT for table `reservas`
--
ALTER TABLE `reservas`
  MODIFY `id_reserva` int(11) NOT NULL AUTO_INCREMENT;

--
-- AUTO_INCREMENT for table `restricciones`
--
ALTER TABLE `restricciones`
  MODIFY `id_restriccion` int(11) NOT NULL AUTO_INCREMENT, AUTO_INCREMENT=16;

--
-- AUTO_INCREMENT for table `roles`
--
ALTER TABLE `roles`
  MODIFY `id_rol` int(11) NOT NULL AUTO_INCREMENT, AUTO_INCREMENT=8;

--
-- AUTO_INCREMENT for table `roles_menus`
--
ALTER TABLE `roles_menus`
  MODIFY `id_rol_menu` int(11) NOT NULL AUTO_INCREMENT, AUTO_INCREMENT=90;

--
-- AUTO_INCREMENT for table `serie`
--
ALTER TABLE `serie`
  MODIFY `id_serie` int(11) NOT NULL AUTO_INCREMENT, AUTO_INCREMENT=15;

--
-- AUTO_INCREMENT for table `sub_recetas`
--
ALTER TABLE `sub_recetas`
  MODIFY `id_sub_receta` int(11) NOT NULL AUTO_INCREMENT;

--
-- AUTO_INCREMENT for table `sucursal`
--
ALTER TABLE `sucursal`
  MODIFY `id_sucursal` int(11) NOT NULL AUTO_INCREMENT, AUTO_INCREMENT=6;

--
-- AUTO_INCREMENT for table `tipoadjuntos`
--
ALTER TABLE `tipoadjuntos`
  MODIFY `id_adjunto` int(11) NOT NULL AUTO_INCREMENT, AUTO_INCREMENT=22;

--
-- AUTO_INCREMENT for table `tipocargo`
--
ALTER TABLE `tipocargo`
  MODIFY `id_cargo` int(11) NOT NULL AUTO_INCREMENT, AUTO_INCREMENT=7;

--
-- AUTO_INCREMENT for table `tipocontrato`
--
ALTER TABLE `tipocontrato`
  MODIFY `id_contrato` int(11) NOT NULL AUTO_INCREMENT, AUTO_INCREMENT=10;

--
-- AUTO_INCREMENT for table `tipodepartamento`
--
ALTER TABLE `tipodepartamento`
  MODIFY `id_departamento` int(11) NOT NULL AUTO_INCREMENT, AUTO_INCREMENT=4;

--
-- AUTO_INCREMENT for table `tiposede`
--
ALTER TABLE `tiposede`
  MODIFY `id_sede` int(11) NOT NULL AUTO_INCREMENT, AUTO_INCREMENT=3;

--
-- AUTO_INCREMENT for table `tipo_documentos`
--
ALTER TABLE `tipo_documentos`
  MODIFY `id_tipodocumento` int(11) NOT NULL AUTO_INCREMENT, AUTO_INCREMENT=8;

--
-- AUTO_INCREMENT for table `tipo_ncreditos`
--
ALTER TABLE `tipo_ncreditos`
  MODIFY `id` int(11) NOT NULL AUTO_INCREMENT, AUTO_INCREMENT=14;

--
-- AUTO_INCREMENT for table `tipo_ndebitos`
--
ALTER TABLE `tipo_ndebitos`
  MODIFY `id` int(11) NOT NULL AUTO_INCREMENT, AUTO_INCREMENT=6;

--
-- AUTO_INCREMENT for table `tipo_pago`
--
ALTER TABLE `tipo_pago`
  MODIFY `id_tipo_pago` int(11) NOT NULL AUTO_INCREMENT, AUTO_INCREMENT=7;

--
-- AUTO_INCREMENT for table `turno`
--
ALTER TABLE `turno`
  MODIFY `id_turno` int(11) NOT NULL AUTO_INCREMENT, AUTO_INCREMENT=4;

--
-- AUTO_INCREMENT for table `unidad_medida`
--
ALTER TABLE `unidad_medida`
  MODIFY `id_medida` int(11) NOT NULL AUTO_INCREMENT, AUTO_INCREMENT=63;

--
-- AUTO_INCREMENT for table `usuarios`
--
ALTER TABLE `usuarios`
  MODIFY `id_usuario` int(11) NOT NULL AUTO_INCREMENT, AUTO_INCREMENT=5;

--
-- AUTO_INCREMENT for table `usuarios_negocio`
--
ALTER TABLE `usuarios_negocio`
  MODIFY `id_usuario_negocio` int(11) NOT NULL AUTO_INCREMENT, AUTO_INCREMENT=4;

--
-- AUTO_INCREMENT for table `usuarios_sucursal`
--
ALTER TABLE `usuarios_sucursal`
  MODIFY `id_usuario_sucursal` int(11) NOT NULL AUTO_INCREMENT, AUTO_INCREMENT=4;

--
-- AUTO_INCREMENT for table `ventas`
--
ALTER TABLE `ventas`
  MODIFY `id_venta` int(11) NOT NULL AUTO_INCREMENT, AUTO_INCREMENT=442;

--
-- AUTO_INCREMENT for table `ventas_anulados`
--
ALTER TABLE `ventas_anulados`
  MODIFY `id_venta_anulado` int(11) NOT NULL AUTO_INCREMENT;

--
-- AUTO_INCREMENT for table `ventas_cuotas`
--
ALTER TABLE `ventas_cuotas`
  MODIFY `id_ventas_cuotas` int(11) NOT NULL AUTO_INCREMENT;

--
-- AUTO_INCREMENT for table `ventas_detalle`
--
ALTER TABLE `ventas_detalle`
  MODIFY `id_venta_detalle` int(11) NOT NULL AUTO_INCREMENT, AUTO_INCREMENT=1048;

--
-- AUTO_INCREMENT for table `ventas_detalle_pagos`
--
ALTER TABLE `ventas_detalle_pagos`
  MODIFY `id_venta_detalle_pago` int(11) NOT NULL AUTO_INCREMENT, AUTO_INCREMENT=444;

--
-- Constraints for dumped tables
--

--
-- Constraints for table `almacenes_salida`
--
ALTER TABLE `almacenes_salida`
  ADD CONSTRAINT `almacenes_salida_ibfk_1` FOREIGN KEY (`id_negocio`) REFERENCES `negocios` (`id_negocio`);

--
-- Constraints for table `asistencia`
--
ALTER TABLE `asistencia`
  ADD CONSTRAINT `asistencia_ibfk_1` FOREIGN KEY (`id_persona_turno`) REFERENCES `persona_turno` (`id_persona_turno`);

--
-- Constraints for table `categorias_negocio`
--
ALTER TABLE `categorias_negocio`
  ADD CONSTRAINT `categorias_negocio_ibfk_1` FOREIGN KEY (`id_negocio`) REFERENCES `negocios` (`id_negocio`),
  ADD CONSTRAINT `categorias_negocio_ibfk_2` FOREIGN KEY (`id_categoria`) REFERENCES `categorias` (`id_categoria`);

--
-- Constraints for table `comanda`
--
ALTER TABLE `comanda`
  ADD CONSTRAINT `comanda_ibfk_1` FOREIGN KEY (`id_mesa`) REFERENCES `mesas` (`id_mesa`),
  ADD CONSTRAINT `comanda_ibfk_2` FOREIGN KEY (`id_usuario`) REFERENCES `usuarios` (`id_usuario`);

--
-- Constraints for table `comanda_detalle`
--
ALTER TABLE `comanda_detalle`
  ADD CONSTRAINT `comanda_detalle_ibfk_1` FOREIGN KEY (`id_comanda`) REFERENCES `comanda` (`id_comanda`),
  ADD CONSTRAINT `comanda_detalle_ibfk_2` FOREIGN KEY (`id_producto`) REFERENCES `productos` (`id_producto`);

--
-- Constraints for table `conversiones`
--
ALTER TABLE `conversiones`
  ADD CONSTRAINT `conversiones_ibfk_1` FOREIGN KEY (`id_recurso_sede`) REFERENCES `recursos_sede` (`id_recurso_sede`),
  ADD CONSTRAINT `conversiones_ibfk_2` FOREIGN KEY (`conversion_unidad_medida`) REFERENCES `unidad_medida` (`id_medida`);

--
-- Constraints for table `detalle_compra`
--
ALTER TABLE `detalle_compra`
  ADD CONSTRAINT `detalle_compra_ibfk_1` FOREIGN KEY (`id_orden_compra`) REFERENCES `orden_compra` (`id_orden_compra`),
  ADD CONSTRAINT `detalle_compra_ibfk_2` FOREIGN KEY (`id_recurso_sede`) REFERENCES `recursos_sede` (`id_recurso_sede`);

--
-- Constraints for table `detalle_recetas`
--
ALTER TABLE `detalle_recetas`
  ADD CONSTRAINT `detalle_recetas_ibfk_1` FOREIGN KEY (`id_recursos_sede`) REFERENCES `recursos_sede` (`id_recurso_sede`),
  ADD CONSTRAINT `detalle_recetas_ibfk_2` FOREIGN KEY (`id_receta`) REFERENCES `recetas` (`id_receta`);

--
-- Constraints for table `memorandum`
--
ALTER TABLE `memorandum`
  ADD CONSTRAINT `memorandum_ibfk_1` FOREIGN KEY (`id_persona`) REFERENCES `personas` (`id_persona`);

--
-- Constraints for table `mesas`
--
ALTER TABLE `mesas`
  ADD CONSTRAINT `mesas_ibfk_1` FOREIGN KEY (`id_sucursal`) REFERENCES `sucursal` (`id_sucursal`);

--
-- Constraints for table `movimientos`
--
ALTER TABLE `movimientos`
  ADD CONSTRAINT `movimientos_ibfk_1` FOREIGN KEY (`id_usuario`) REFERENCES `usuarios` (`id_usuario`),
  ADD CONSTRAINT `movimientos_ibfk_2` FOREIGN KEY (`id_sucursal`) REFERENCES `sucursal` (`id_sucursal`);

--
-- Constraints for table `negocios`
--
ALTER TABLE `negocios`
  ADD CONSTRAINT `negocios_ibfk_1` FOREIGN KEY (`id_ciudad`) REFERENCES `ciudad` (`id_ciudad`);

--
-- Constraints for table `obligacion_personal`
--
ALTER TABLE `obligacion_personal`
  ADD CONSTRAINT `obligacion_personal_ibfk_1` FOREIGN KEY (`id_obligacion`) REFERENCES `obligacion_pagar` (`id_obligacion`),
  ADD CONSTRAINT `obligacion_personal_ibfk_2` FOREIGN KEY (`id_periodo`) REFERENCES `periodo_laboral` (`id_periodo`),
  ADD CONSTRAINT `obligacion_personal_ibfk_3` FOREIGN KEY (`id_persona`) REFERENCES `personas` (`id_persona`);

--
-- Constraints for table `opciones`
--
ALTER TABLE `opciones`
  ADD CONSTRAINT `opciones_ibfk_1` FOREIGN KEY (`id_menu`) REFERENCES `menus` (`id_menu`);

--
-- Constraints for table `orden_compra`
--
ALTER TABLE `orden_compra`
  ADD CONSTRAINT `orden_compra_ibfk_1` FOREIGN KEY (`id_solicitante`) REFERENCES `usuarios` (`id_usuario`),
  ADD CONSTRAINT `orden_compra_ibfk_2` FOREIGN KEY (`id_tipo_pago`) REFERENCES `tipo_pago` (`id_tipo_pago`),
  ADD CONSTRAINT `orden_compra_ibfk_3` FOREIGN KEY (`id_proveedor`) REFERENCES `proveedor` (`id_proveedor`),
  ADD CONSTRAINT `orden_compra_ibfk_4` FOREIGN KEY (`id_sucursal`) REFERENCES `sucursal` (`id_sucursal`);

--
-- Constraints for table `periodo_laboral`
--
ALTER TABLE `periodo_laboral`
  ADD CONSTRAINT `periodo_laboral_ibfk_1` FOREIGN KEY (`id_persona`) REFERENCES `personas` (`id_persona`),
  ADD CONSTRAINT `periodo_laboral_ibfk_2` FOREIGN KEY (`id_contrato`) REFERENCES `tipocontrato` (`id_contrato`),
  ADD CONSTRAINT `periodo_laboral_ibfk_3` FOREIGN KEY (`id_cargo`) REFERENCES `tipocargo` (`id_cargo`),
  ADD CONSTRAINT `periodo_laboral_ibfk_4` FOREIGN KEY (`id_departamento`) REFERENCES `tipodepartamento` (`id_departamento`),
  ADD CONSTRAINT `periodo_laboral_ibfk_5` FOREIGN KEY (`id_sede`) REFERENCES `tiposede` (`id_sede`),
  ADD CONSTRAINT `periodo_laboral_ibfk_6` FOREIGN KEY (`id_empresa`) REFERENCES `empresa` (`id_empresa`);

--
-- Constraints for table `permisos`
--
ALTER TABLE `permisos`
  ADD CONSTRAINT `permisos_ibfk_1` FOREIGN KEY (`id_opcion`) REFERENCES `opciones` (`id_opcion`);

--
-- Constraints for table `persona_turno`
--
ALTER TABLE `persona_turno`
  ADD CONSTRAINT `persona_turno_ibfk_1` FOREIGN KEY (`id_persona`) REFERENCES `personas` (`id_persona`),
  ADD CONSTRAINT `persona_turno_ibfk_2` FOREIGN KEY (`id_turno`) REFERENCES `turno` (`id_turno`);

--
-- Constraints for table `productos`
--
ALTER TABLE `productos`
  ADD CONSTRAINT `productos_ibfk_1` FOREIGN KEY (`id_usuario`) REFERENCES `usuarios` (`id_usuario`),
  ADD CONSTRAINT `productos_ibfk_2` FOREIGN KEY (`id_grupo`) REFERENCES `grupos` (`id_grupo`),
  ADD CONSTRAINT `productos_ibfk_3` FOREIGN KEY (`id_receta`) REFERENCES `recetas` (`id_receta`);

--
-- Constraints for table `producto_precio`
--
ALTER TABLE `producto_precio`
  ADD CONSTRAINT `producto_precio_ibfk_1` FOREIGN KEY (`id_producto`) REFERENCES `productos` (`id_producto`);

--
-- Constraints for table `proveedor`
--
ALTER TABLE `proveedor`
  ADD CONSTRAINT `proveedor_ibfk_1` FOREIGN KEY (`id_negocio`) REFERENCES `negocios` (`id_negocio`),
  ADD CONSTRAINT `proveedor_ibfk_2` FOREIGN KEY (`id_tipodocumento`) REFERENCES `tipo_documentos` (`id_tipodocumento`);

--
-- Constraints for table `recetas`
--
ALTER TABLE `recetas`
  ADD CONSTRAINT `recetas_ibfk_1` FOREIGN KEY (`id_usuario`) REFERENCES `usuarios` (`id_usuario`);

--
-- Constraints for table `recursos`
--
ALTER TABLE `recursos`
  ADD CONSTRAINT `recursos_ibfk_1` FOREIGN KEY (`id_categoria`) REFERENCES `categorias` (`id_categoria`);

--
-- Constraints for table `recursos_sede`
--
ALTER TABLE `recursos_sede`
  ADD CONSTRAINT `recursos_sede_ibfk_1` FOREIGN KEY (`id_medida`) REFERENCES `unidad_medida` (`id_medida`),
  ADD CONSTRAINT `recursos_sede_ibfk_2` FOREIGN KEY (`id_sucursal`) REFERENCES `sucursal` (`id_sucursal`),
  ADD CONSTRAINT `recursos_sede_ibfk_3` FOREIGN KEY (`id_recurso`) REFERENCES `recursos` (`id_recurso`);

--
-- Constraints for table `restricciones`
--
ALTER TABLE `restricciones`
  ADD CONSTRAINT `restricciones_ibfk_1` FOREIGN KEY (`id_rol`) REFERENCES `roles` (`id_rol`),
  ADD CONSTRAINT `restricciones_ibfk_2` FOREIGN KEY (`id_opcion`) REFERENCES `opciones` (`id_opcion`);

--
-- Constraints for table `roles_menus`
--
ALTER TABLE `roles_menus`
  ADD CONSTRAINT `roles_menus_ibfk_1` FOREIGN KEY (`id_rol`) REFERENCES `roles` (`id_rol`),
  ADD CONSTRAINT `roles_menus_ibfk_2` FOREIGN KEY (`id_menu`) REFERENCES `menus` (`id_menu`);

--
-- Constraints for table `sub_recetas`
--
ALTER TABLE `sub_recetas`
  ADD CONSTRAINT `sub_recetas_ibfk_1` FOREIGN KEY (`id_receta`) REFERENCES `recetas` (`id_receta`),
  ADD CONSTRAINT `sub_recetas_ibfk_2` FOREIGN KEY (`id_receta_2`) REFERENCES `recetas` (`id_receta`),
  ADD CONSTRAINT `sub_recetas_ibfk_3` FOREIGN KEY (`id_medida`) REFERENCES `unidad_medida` (`id_medida`);

--
-- Constraints for table `sucursal`
--
ALTER TABLE `sucursal`
  ADD CONSTRAINT `sucursal_ibfk_1` FOREIGN KEY (`id_ciudad`) REFERENCES `ciudad` (`id_ciudad`),
  ADD CONSTRAINT `sucursal_ibfk_2` FOREIGN KEY (`id_negocio`) REFERENCES `negocios` (`id_negocio`);

--
-- Constraints for table `usuarios`
--
ALTER TABLE `usuarios`
  ADD CONSTRAINT `usuarios_ibfk_1` FOREIGN KEY (`id_persona`) REFERENCES `personas` (`id_persona`),
  ADD CONSTRAINT `usuarios_ibfk_2` FOREIGN KEY (`id_rol`) REFERENCES `roles` (`id_rol`);

--
-- Constraints for table `usuarios_negocio`
--
ALTER TABLE `usuarios_negocio`
  ADD CONSTRAINT `usuarios_negocio_ibfk_1` FOREIGN KEY (`id_negocio`) REFERENCES `negocios` (`id_negocio`),
  ADD CONSTRAINT `usuarios_negocio_ibfk_2` FOREIGN KEY (`id_usuario`) REFERENCES `usuarios` (`id_usuario`);

--
-- Constraints for table `usuarios_sucursal`
--
ALTER TABLE `usuarios_sucursal`
  ADD CONSTRAINT `usuarios_sucursal_ibfk_1` FOREIGN KEY (`id_sucursal`) REFERENCES `sucursal` (`id_sucursal`),
  ADD CONSTRAINT `usuarios_sucursal_ibfk_2` FOREIGN KEY (`id_usuario`) REFERENCES `usuarios` (`id_usuario`),
  ADD CONSTRAINT `usuarios_sucursal_ibfk_3` FOREIGN KEY (`id_rol`) REFERENCES `roles` (`id_rol`);

--
-- Constraints for table `ventas`
--
ALTER TABLE `ventas`
  ADD CONSTRAINT `id_empresa` FOREIGN KEY (`id_empresa`) REFERENCES `empresa` (`id_empresa`),
  ADD CONSTRAINT `id_tipo_venta` FOREIGN KEY (`id_tipo_pago`) REFERENCES `tipo_pago` (`id_tipo_pago`),
  ADD CONSTRAINT `ventas_ibfk_1` FOREIGN KEY (`id_usuario`) REFERENCES `usuarios` (`id_usuario`),
  ADD CONSTRAINT `ventas_ibfk_2` FOREIGN KEY (`id_moneda`) REFERENCES `monedas` (`id_moneda`),
  ADD CONSTRAINT `ventas_ibfk_3` FOREIGN KEY (`id_mesa`) REFERENCES `mesas` (`id_mesa`),
  ADD CONSTRAINT `ventas_ibfk_4` FOREIGN KEY (`id_cliente`) REFERENCES `clientes` (`id_cliente`);

--
-- Constraints for table `ventas_detalle`
--
ALTER TABLE `ventas_detalle`
  ADD CONSTRAINT `id_venta` FOREIGN KEY (`id_venta`) REFERENCES `ventas` (`id_venta`);
COMMIT;

/*!40101 SET CHARACTER_SET_CLIENT=@OLD_CHARACTER_SET_CLIENT */;
/*!40101 SET CHARACTER_SET_RESULTS=@OLD_CHARACTER_SET_RESULTS */;
/*!40101 SET COLLATION_CONNECTION=@OLD_COLLATION_CONNECTION */;
